  0
SECTION
  2
HEADER
  9
$EXTMIN
 10
-1.016000
 20
1.143000
  9
$EXTMAX
 10
99.237800
 20
53.035200
  9
$LIMMIN
 10
-1.016000
 20
1.143000
  9
$LIMMAX
 10
99.237800
 20
53.035200
  9
$FILLMODE
 70
  1
  0
ENDSEC
  0
SECTION
  2
TABLES
  0
TABLE
  2
LTYPE
 70
  1
  0
LTYPE
  2
CONTINUOUS
 70
 64
  3
Solid line
 72
 65
 73
  0
 40
0.0
  0
ENDTAB
  0
TABLE
  2
LAYER
 70
 1
  0
LAYER
  2
0
 70
  0
 62
7
  6
CONTINUOUS
  0
LAYER
  2
gto
 70
  0
 62
1
  6
CONTINUOUS
  0
ENDTAB
  0
TABLE
  2
STYLE
 70
  1
  0
STYLE
  2
STANDARD
 70
  0
 40
0.0
 41
1.0
 50
0.0
 71
  0
 42
0.2
  3
txt
  4

  0
ENDTAB
  0
ENDSEC
  0
SECTION
  2
BLOCKS
  0
BLOCK
  8
0
  2
D10
 70
64
 10
0.0
 20
0.0
  3
D10
  0
CIRCLE
  8
0
 10
0.000000
 20
0.000000
 40
0.038100
 0
ENDBLK
  8
0
  0
BLOCK
  8
0
  2
D11
 70
64
 10
0.0
 20
0.0
  3
D11
  0
CIRCLE
  8
0
 10
0.000000
 20
0.000000
 40
0.127000
 0
ENDBLK
  8
0
  0
BLOCK
  8
0
  2
D12
 70
64
 10
0.0
 20
0.0
  3
D12
  0
CIRCLE
  8
0
 10
0.000000
 20
0.000000
 40
0.200000
 0
ENDBLK
  8
0
  0
BLOCK
  8
0
  2
D13
 70
64
 10
0.0
 20
0.0
  3
D13
  0
CIRCLE
  8
0
 10
0.000000
 20
0.000000
 40
0.076200
 0
ENDBLK
  8
0
  0
BLOCK
  8
0
  2
D14
 70
64
 10
0.0
 20
0.0
  3
D14
  0
CIRCLE
  8
0
 10
0.000000
 20
0.000000
 40
0.075000
 0
ENDBLK
  8
0
  0
BLOCK
  8
0
  2
D15
 70
64
 10
0.0
 20
0.0
  3
D15
  0
CIRCLE
  8
0
 10
0.000000
 20
0.000000
 40
0.007050
 0
ENDBLK
  8
0
  0
BLOCK
  8
0
  2
D16
 70
64
 10
0.0
 20
0.0
  3
D16
  0
CIRCLE
  8
0
 10
0.000000
 20
0.000000
 40
0.076000
 0
ENDBLK
  8
0
  0
BLOCK
  8
0
  2
D17
 70
64
 10
0.0
 20
0.0
  3
D17
  0
CIRCLE
  8
0
 10
0.000000
 20
0.000000
 40
0.050000
 0
ENDBLK
  8
0
  0
BLOCK
  8
0
  2
D18
 70
64
 10
0.0
 20
0.0
  3
D18
  0
CIRCLE
  8
0
 10
0.000000
 20
0.000000
 40
0.101500
 0
ENDBLK
  8
0
  0
BLOCK
  8
0
  2
D19
 70
64
 10
0.0
 20
0.0
  3
D19
  0
CIRCLE
  8
0
 10
0.000000
 20
0.000000
 40
0.101600
 0
ENDBLK
  8
0
  0
BLOCK
  8
0
  2
D20
 70
64
 10
0.0
 20
0.0
  3
D20
  0
CIRCLE
  8
0
 10
0.000000
 20
0.000000
 40
0.076000
 0
ENDBLK
  8
0
  0
BLOCK
  8
0
  2
D21
 70
64
 10
0.0
 20
0.0
  3
D21
  0
CIRCLE
  8
0
 10
0.000000
 20
0.000000
 40
0.150000
 0
ENDBLK
  8
0
  0
BLOCK
  8
0
  2
D22
 70
64
 10
0.0
 20
0.0
  3
D22
  0
CIRCLE
  8
0
 10
0.000000
 20
0.000000
 40
0.100000
 0
ENDBLK
  8
0
  0
BLOCK
  8
0
  2
D1010
 70
64
 10
0.0
 20
0.0
  3
D1010
 0
ENDBLK
  8
0
  0
ENDSEC
  0
SECTION
  2
ENTITIES
  0
POLYLINE
  8
gto
 62
1
 40
0.000000
 41
0.000000
 66
  1
  0
VERTEX
  8
gto
 10
47.596645
 20
35.055620
  0
VERTEX
  8
gto
 10
47.262375
 20
35.054610
  0
VERTEX
  8
gto
 10
47.242054
 20
35.044950
  0
VERTEX
  8
gto
 10
47.231394
 20
35.021580
  0
VERTEX
  8
gto
 10
47.231394
 20
34.690369
  0
VERTEX
  8
gto
 10
47.242564
 20
34.666489
  0
VERTEX
  8
gto
 10
47.257805
 20
34.658869
  0
VERTEX
  8
gto
 10
47.609345
 20
34.654299
  0
VERTEX
  8
gto
 10
47.613915
 20
34.302769
  0
VERTEX
  8
gto
 10
47.621535
 20
34.286509
  0
VERTEX
  8
gto
 10
47.637795
 20
34.278889
  0
VERTEX
  8
gto
 10
47.989326
 20
34.274319
  0
VERTEX
  8
gto
 10
47.993896
 20
33.922778
  0
VERTEX
  8
gto
 10
48.001516
 20
33.907028
  0
VERTEX
  8
gto
 10
48.025396
 20
33.896358
  0
VERTEX
  8
gto
 10
48.356617
 20
33.896358
  0
VERTEX
  8
gto
 10
48.379977
 20
33.907028
  0
VERTEX
  8
gto
 10
48.390647
 20
33.930398
  0
VERTEX
  8
gto
 10
48.390647
 20
34.261619
  0
VERTEX
  8
gto
 10
48.379977
 20
34.285489
  0
VERTEX
  8
gto
 10
48.364237
 20
34.293109
  0
VERTEX
  8
gto
 10
48.012696
 20
34.297689
  0
VERTEX
  8
gto
 10
48.008126
 20
34.649219
  0
VERTEX
  8
gto
 10
48.000506
 20
34.665479
  0
VERTEX
  8
gto
 10
47.984246
 20
34.673099
  0
VERTEX
  8
gto
 10
47.632715
 20
34.677669
  0
VERTEX
  8
gto
 10
47.628135
 20
35.029210
  0
VERTEX
  8
gto
 10
47.620515
 20
35.044440
  0
SEQEND
  8
gto
  0
POLYLINE
  8
gto
 62
1
 40
0.000000
 41
0.000000
 66
  1
  0
VERTEX
  8
gto
 10
51.776474
 20
35.055620
  0
VERTEX
  8
gto
 10
51.442213
 20
35.054610
  0
VERTEX
  8
gto
 10
51.421383
 20
35.044950
  0
VERTEX
  8
gto
 10
51.413763
 20
35.029210
  0
VERTEX
  8
gto
 10
51.409193
 20
34.677669
  0
VERTEX
  8
gto
 10
51.057652
 20
34.673099
  0
VERTEX
  8
gto
 10
51.041402
 20
34.665479
  0
VERTEX
  8
gto
 10
51.033782
 20
34.649219
  0
VERTEX
  8
gto
 10
51.029202
 20
34.297689
  0
VERTEX
  8
gto
 10
50.677671
 20
34.293109
  0
VERTEX
  8
gto
 10
50.662431
 20
34.285489
  0
VERTEX
  8
gto
 10
50.651251
 20
34.261619
  0
VERTEX
  8
gto
 10
50.651251
 20
33.930398
  0
VERTEX
  8
gto
 10
50.661921
 20
33.907028
  0
VERTEX
  8
gto
 10
50.685291
 20
33.896358
  0
VERTEX
  8
gto
 10
51.016502
 20
33.896358
  0
VERTEX
  8
gto
 10
51.040382
 20
33.907028
  0
VERTEX
  8
gto
 10
51.048002
 20
33.922778
  0
VERTEX
  8
gto
 10
51.052572
 20
34.274319
  0
VERTEX
  8
gto
 10
51.404113
 20
34.278889
  0
VERTEX
  8
gto
 10
51.420363
 20
34.286509
  0
VERTEX
  8
gto
 10
51.427983
 20
34.302769
  0
VERTEX
  8
gto
 10
51.432563
 20
34.654299
  0
VERTEX
  8
gto
 10
51.784094
 20
34.658869
  0
VERTEX
  8
gto
 10
51.799334
 20
34.666489
  0
VERTEX
  8
gto
 10
51.810514
 20
34.690369
  0
VERTEX
  8
gto
 10
51.810514
 20
35.021580
  0
VERTEX
  8
gto
 10
51.799844
 20
35.044950
  0
SEQEND
  8
gto
  0
POLYLINE
  8
gto
 62
1
 40
0.000000
 41
0.000000
 66
  1
  0
VERTEX
  8
gto
 10
48.356617
 20
33.535687
  0
VERTEX
  8
gto
 10
47.642365
 20
33.534667
  0
VERTEX
  8
gto
 10
47.622045
 20
33.525017
  0
VERTEX
  8
gto
 10
47.611375
 20
33.501647
  0
VERTEX
  8
gto
 10
47.611375
 20
32.790446
  0
VERTEX
  8
gto
 10
47.622045
 20
32.767076
  0
VERTEX
  8
gto
 10
47.645415
 20
32.756406
  0
VERTEX
  8
gto
 10
48.356617
 20
32.756406
  0
VERTEX
  8
gto
 10
48.379977
 20
32.767076
  0
VERTEX
  8
gto
 10
48.390647
 20
32.790446
  0
VERTEX
  8
gto
 10
48.390647
 20
33.501647
  0
VERTEX
  8
gto
 10
48.379977
 20
33.525017
  0
SEQEND
  8
gto
  0
POLYLINE
  8
gto
 62
1
 40
0.000000
 41
0.000000
 66
  1
  0
VERTEX
  8
gto
 10
51.396493
 20
33.535687
  0
VERTEX
  8
gto
 10
50.682241
 20
33.534667
  0
VERTEX
  8
gto
 10
50.661921
 20
33.525017
  0
VERTEX
  8
gto
 10
50.651251
 20
33.501647
  0
VERTEX
  8
gto
 10
50.651251
 20
32.790446
  0
VERTEX
  8
gto
 10
50.661921
 20
32.767076
  0
VERTEX
  8
gto
 10
50.685291
 20
32.756406
  0
VERTEX
  8
gto
 10
51.396493
 20
32.756406
  0
VERTEX
  8
gto
 10
51.419863
 20
32.767076
  0
VERTEX
  8
gto
 10
51.430523
 20
32.790446
  0
VERTEX
  8
gto
 10
51.430523
 20
33.501647
  0
VERTEX
  8
gto
 10
51.419863
 20
33.525017
  0
SEQEND
  8
gto
  0
POLYLINE
  8
gto
 62
1
 40
0.000000
 41
0.000000
 66
  1
  0
VERTEX
  8
gto
 10
47.216654
 20
31.635763
  0
VERTEX
  8
gto
 10
46.882394
 20
31.634743
  0
VERTEX
  8
gto
 10
46.862074
 20
31.625093
  0
VERTEX
  8
gto
 10
46.851404
 20
31.601723
  0
VERTEX
  8
gto
 10
46.851404
 20
30.890522
  0
VERTEX
  8
gto
 10
46.862584
 20
30.866642
  0
VERTEX
  8
gto
 10
46.877824
 20
30.859022
  0
VERTEX
  8
gto
 10
47.229354
 20
30.854452
  0
VERTEX
  8
gto
 10
47.233934
 20
30.502921
  0
VERTEX
  8
gto
 10
47.241554
 20
30.487681
  0
VERTEX
  8
gto
 10
47.265425
 20
30.476501
  0
VERTEX
  8
gto
 10
51.776474
 20
30.476501
  0
VERTEX
  8
gto
 10
51.799844
 20
30.487171
  0
VERTEX
  8
gto
 10
51.810514
 20
30.510541
  0
VERTEX
  8
gto
 10
51.810514
 20
30.849882
  0
VERTEX
  8
gto
 10
51.821684
 20
30.861562
  0
VERTEX
  8
gto
 10
52.166624
 20
30.861562
  0
VERTEX
  8
gto
 10
52.185414
 20
30.880362
  0
VERTEX
  8
gto
 10
52.185414
 20
31.611883
  0
VERTEX
  8
gto
 10
52.166624
 20
31.630683
  0
VERTEX
  8
gto
 10
51.815084
 20
31.630683
  0
VERTEX
  8
gto
 10
51.796284
 20
31.611883
  0
VERTEX
  8
gto
 10
51.796284
 20
31.262383
  0
VERTEX
  8
gto
 10
51.784604
 20
31.250693
  0
VERTEX
  8
gto
 10
51.435103
 20
31.250693
  0
VERTEX
  8
gto
 10
51.416303
 20
31.231902
  0
VERTEX
  8
gto
 10
51.416303
 20
30.886462
  0
VERTEX
  8
gto
 10
51.403093
 20
30.875792
  0
VERTEX
  8
gto
 10
47.632715
 20
30.877822
  0
VERTEX
  8
gto
 10
47.628135
 20
31.229362
  0
VERTEX
  8
gto
 10
47.620515
 20
31.245612
  0
VERTEX
  8
gto
 10
47.604265
 20
31.253233
  0
VERTEX
  8
gto
 10
47.252725
 20
31.257803
  0
VERTEX
  8
gto
 10
47.248154
 20
31.609343
  0
VERTEX
  8
gto
 10
47.240534
 20
31.624583
  0
SEQEND
  8
gto
  0
POLYLINE
  8
gto
 62
1
 40
0.000000
 41
0.000000
 66
  1
  0
VERTEX
  8
gto
 10
99.154678
 20
9.036828
  0
VERTEX
  8
gto
 10
99.141478
 20
9.033268
  0
VERTEX
  8
gto
 10
99.132838
 20
9.025648
  0
VERTEX
  8
gto
 10
99.106418
 20
9.017018
  0
VERTEX
  8
gto
 10
99.091688
 20
9.005838
  0
VERTEX
  8
gto
 10
99.069848
 20
8.998728
  0
VERTEX
  8
gto
 10
99.055618
 20
8.987548
  0
VERTEX
  8
gto
 10
99.033268
 20
8.980438
  0
VERTEX
  8
gto
 10
99.019048
 20
8.969258
  0
VERTEX
  8
gto
 10
98.997198
 20
8.962148
  0
VERTEX
  8
gto
 10
98.982468
 20
8.950978
  0
VERTEX
  8
gto
 10
98.960628
 20
8.943858
  0
VERTEX
  8
gto
 10
98.945898
 20
8.932688
  0
VERTEX
  8
gto
 10
98.924048
 20
8.925578
  0
VERTEX
  8
gto
 10
98.909828
 20
8.914908
  0
VERTEX
  8
gto
 10
98.887478
 20
8.907288
  0
VERTEX
  8
gto
 10
98.873248
 20
8.896618
  0
VERTEX
  8
gto
 10
98.851408
 20
8.889508
  0
VERTEX
  8
gto
 10
98.836678
 20
8.878328
  0
VERTEX
  8
gto
 10
98.814828
 20
8.871218
  0
VERTEX
  8
gto
 10
98.800608
 20
8.860038
  0
VERTEX
  8
gto
 10
98.778258
 20
8.852928
  0
VERTEX
  8
gto
 10
98.764028
 20
8.841758
  0
VERTEX
  8
gto
 10
98.741677
 20
8.834638
  0
VERTEX
  8
gto
 10
98.727457
 20
8.823468
  0
VERTEX
  8
gto
 10
98.705607
 20
8.816358
  0
VERTEX
  8
gto
 10
98.690877
 20
8.805178
  0
VERTEX
  8
gto
 10
98.669037
 20
8.798068
  0
VERTEX
  8
gto
 10
98.654807
 20
8.786888
  0
VERTEX
  8
gto
 10
98.632457
 20
8.779778
  0
VERTEX
  8
gto
 10
98.618237
 20
8.768598
  0
VERTEX
  8
gto
 10
98.595877
 20
8.761488
  0
VERTEX
  8
gto
 10
98.581657
 20
8.750818
  0
VERTEX
  8
gto
 10
98.559817
 20
8.743197
  0
VERTEX
  8
gto
 10
98.545077
 20
8.732537
  0
VERTEX
  8
gto
 10
98.523237
 20
8.725417
  0
VERTEX
  8
gto
 10
98.509017
 20
8.714247
  0
VERTEX
  8
gto
 10
98.486657
 20
8.707137
  0
VERTEX
  8
gto
 10
98.472437
 20
8.695957
  0
VERTEX
  8
gto
 10
98.450087
 20
8.688847
  0
VERTEX
  8
gto
 10
98.435857
 20
8.677667
  0
VERTEX
  8
gto
 10
98.414017
 20
8.670557
  0
VERTEX
  8
gto
 10
98.399287
 20
8.659377
  0
VERTEX
  8
gto
 10
98.377437
 20
8.652267
  0
VERTEX
  8
gto
 10
98.362707
 20
8.641097
  0
VERTEX
  8
gto
 10
98.340867
 20
8.633977
  0
VERTEX
  8
gto
 10
98.326637
 20
8.622807
  0
VERTEX
  8
gto
 10
98.304287
 20
8.615697
  0
VERTEX
  8
gto
 10
98.290067
 20
8.604517
  0
VERTEX
  8
gto
 10
98.268217
 20
8.597407
  0
VERTEX
  8
gto
 10
98.253487
 20
8.586737
  0
VERTEX
  8
gto
 10
98.231646
 20
8.579117
  0
VERTEX
  8
gto
 10
98.217416
 20
8.568447
  0
VERTEX
  8
gto
 10
98.195066
 20
8.560827
  0
VERTEX
  8
gto
 10
98.180846
 20
8.550157
  0
VERTEX
  8
gto
 10
98.158496
 20
8.543047
  0
VERTEX
  8
gto
 10
98.144266
 20
8.531877
  0
VERTEX
  8
gto
 10
98.122426
 20
8.524757
  0
VERTEX
  8
gto
 10
98.107696
 20
8.513587
  0
VERTEX
  8
gto
 10
98.085846
 20
8.506477
  0
VERTEX
  8
gto
 10
98.071116
 20
8.495297
  0
VERTEX
  8
gto
 10
98.049276
 20
8.488187
  0
VERTEX
  8
gto
 10
98.035046
 20
8.477007
  0
VERTEX
  8
gto
 10
98.012696
 20
8.469897
  0
VERTEX
  8
gto
 10
97.998476
 20
8.458717
  0
VERTEX
  8
gto
 10
97.976626
 20
8.451607
  0
VERTEX
  8
gto
 10
97.961896
 20
8.440437
  0
VERTEX
  8
gto
 10
97.940056
 20
8.433317
  0
VERTEX
  8
gto
 10
97.925826
 20
8.422657
  0
VERTEX
  8
gto
 10
97.903476
 20
8.415037
  0
VERTEX
  8
gto
 10
97.889256
 20
8.404367
  0
VERTEX
  8
gto
 10
97.866896
 20
8.397257
  0
VERTEX
  8
gto
 10
97.852676
 20
8.386077
  0
VERTEX
  8
gto
 10
97.830836
 20
8.378967
  0
VERTEX
  8
gto
 10
97.816096
 20
8.367787
  0
VERTEX
  8
gto
 10
97.794256
 20
8.360677
  0
VERTEX
  8
gto
 10
97.780036
 20
8.349497
  0
VERTEX
  8
gto
 10
97.757676
 20
8.342387
  0
VERTEX
  8
gto
 10
97.743455
 20
8.331207
  0
VERTEX
  8
gto
 10
97.721105
 20
8.324097
  0
VERTEX
  8
gto
 10
97.706875
 20
8.312927
  0
VERTEX
  8
gto
 10
97.685035
 20
8.305817
  0
VERTEX
  8
gto
 10
97.670305
 20
8.294637
  0
VERTEX
  8
gto
 10
97.648455
 20
8.287527
  0
VERTEX
  8
gto
 10
97.633725
 20
8.276347
  0
VERTEX
  8
gto
 10
97.611885
 20
8.269237
  0
VERTEX
  8
gto
 10
97.597655
 20
8.258057
  0
VERTEX
  8
gto
 10
97.575305
 20
8.250947
  0
VERTEX
  8
gto
 10
97.561085
 20
8.240276
  0
VERTEX
  8
gto
 10
97.539235
 20
8.232656
  0
VERTEX
  8
gto
 10
97.524505
 20
8.221996
  0
VERTEX
  8
gto
 10
97.502665
 20
8.214876
  0
VERTEX
  8
gto
 10
97.488435
 20
8.203706
  0
VERTEX
  8
gto
 10
97.466085
 20
8.196596
  0
VERTEX
  8
gto
 10
97.451865
 20
8.185416
  0
VERTEX
  8
gto
 10
97.429515
 20
8.178306
  0
VERTEX
  8
gto
 10
97.415285
 20
8.167126
  0
VERTEX
  8
gto
 10
97.393445
 20
8.160016
  0
VERTEX
  8
gto
 10
97.378715
 20
8.148836
  0
VERTEX
  8
gto
 10
97.356865
 20
8.141726
  0
VERTEX
  8
gto
 10
97.342135
 20
8.130546
  0
VERTEX
  8
gto
 10
97.320295
 20
8.123436
  0
VERTEX
  8
gto
 10
97.306065
 20
8.112266
  0
VERTEX
  8
gto
 10
97.283715
 20
8.105156
  0
VERTEX
  8
gto
 10
97.269495
 20
8.094486
  0
VERTEX
  8
gto
 10
97.246634
 20
8.086866
  0
VERTEX
  8
gto
 10
97.238504
 20
8.078226
  0
VERTEX
  8
gto
 10
97.223264
 20
8.069596
  0
VERTEX
  8
gto
 10
97.216154
 20
8.055876
  0
VERTEX
  8
gto
 10
97.207514
 20
8.046736
  0
VERTEX
  8
gto
 10
97.203954
 20
8.033526
  0
VERTEX
  8
gto
 10
97.445765
 20
8.032506
  0
VERTEX
  8
gto
 10
97.454915
 20
8.038606
  0
VERTEX
  8
gto
 10
97.479295
 20
8.045716
  0
VERTEX
  8
gto
 10
97.490475
 20
8.055876
  0
VERTEX
  8
gto
 10
97.515875
 20
8.064516
  0
VERTEX
  8
gto
 10
97.527045
 20
8.074166
  0
VERTEX
  8
gto
 10
97.552445
 20
8.082796
  0
VERTEX
  8
gto
 10
97.563115
 20
8.092456
  0
VERTEX
  8
gto
 10
97.589025
 20
8.101086
  0
VERTEX
  8
gto
 10
97.599695
 20
8.110736
  0
VERTEX
  8
gto
 10
97.625095
 20
8.119376
  0
VERTEX
  8
gto
 10
97.636265
 20
8.129026
  0
VERTEX
  8
gto
 10
97.661665
 20
8.137156
  0
VERTEX
  8
gto
 10
97.672845
 20
8.146806
  0
VERTEX
  8
gto
 10
97.698245
 20
8.155446
  0
VERTEX
  8
gto
 10
97.709415
 20
8.165096
  0
VERTEX
  8
gto
 10
97.734815
 20
8.173736
  0
VERTEX
  8
gto
 10
97.745485
 20
8.183386
  0
VERTEX
  8
gto
 10
97.770886
 20
8.192016
  0
VERTEX
  8
gto
 10
97.782066
 20
8.201676
  0
VERTEX
  8
gto
 10
97.807466
 20
8.210306
  0
VERTEX
  8
gto
 10
97.818636
 20
8.219956
  0
VERTEX
  8
gto
 10
97.844036
 20
8.228596
  0
VERTEX
  8
gto
 10
97.854706
 20
8.238246
  0
VERTEX
  8
gto
 10
97.880616
 20
8.246886
  0
VERTEX
  8
gto
 10
97.891286
 20
8.256027
  0
VERTEX
  8
gto
 10
97.917196
 20
8.265677
  0
VERTEX
  8
gto
 10
97.930396
 20
8.275837
  0
VERTEX
  8
gto
 10
97.953256
 20
8.282957
  0
VERTEX
  8
gto
 10
97.964436
 20
8.293117
  0
VERTEX
  8
gto
 10
97.989836
 20
8.301237
  0
VERTEX
  8
gto
 10
98.000506
 20
8.310887
  0
VERTEX
  8
gto
 10
98.026416
 20
8.319527
  0
VERTEX
  8
gto
 10
98.037076
 20
8.329177
  0
VERTEX
  8
gto
 10
98.062476
 20
8.337817
  0
VERTEX
  8
gto
 10
98.073656
 20
8.347467
  0
VERTEX
  8
gto
 10
98.099056
 20
8.356107
  0
VERTEX
  8
gto
 10
98.110236
 20
8.365757
  0
VERTEX
  8
gto
 10
98.135636
 20
8.374387
  0
VERTEX
  8
gto
 10
98.146296
 20
8.384047
  0
VERTEX
  8
gto
 10
98.172206
 20
8.392677
  0
VERTEX
  8
gto
 10
98.182876
 20
8.402337
  0
VERTEX
  8
gto
 10
98.208276
 20
8.410967
  0
VERTEX
  8
gto
 10
98.219456
 20
8.420617
  0
VERTEX
  8
gto
 10
98.244856
 20
8.429257
  0
VERTEX
  8
gto
 10
98.256027
 20
8.438907
  0
VERTEX
  8
gto
 10
98.281427
 20
8.447547
  0
VERTEX
  8
gto
 10
98.292607
 20
8.457197
  0
VERTEX
  8
gto
 10
98.318007
 20
8.465327
  0
VERTEX
  8
gto
 10
98.328677
 20
8.474977
  0
VERTEX
  8
gto
 10
98.354077
 20
8.483617
  0
VERTEX
  8
gto
 10
98.365247
 20
8.493267
  0
VERTEX
  8
gto
 10
98.390647
 20
8.501897
  0
VERTEX
  8
gto
 10
98.401827
 20
8.511547
  0
VERTEX
  8
gto
 10
98.427227
 20
8.520187
  0
VERTEX
  8
gto
 10
98.437897
 20
8.529837
  0
VERTEX
  8
gto
 10
98.463797
 20
8.538477
  0
VERTEX
  8
gto
 10
98.474467
 20
8.548127
  0
VERTEX
  8
gto
 10
98.499867
 20
8.556767
  0
VERTEX
  8
gto
 10
98.511047
 20
8.566417
  0
VERTEX
  8
gto
 10
98.536447
 20
8.575047
  0
VERTEX
  8
gto
 10
98.547617
 20
8.584707
  0
VERTEX
  8
gto
 10
98.573017
 20
8.593337
  0
VERTEX
  8
gto
 10
98.583687
 20
8.602487
  0
VERTEX
  8
gto
 10
98.610107
 20
8.612137
  0
VERTEX
  8
gto
 10
98.623317
 20
8.622297
  0
VERTEX
  8
gto
 10
98.645667
 20
8.629407
  0
VERTEX
  8
gto
 10
98.656837
 20
8.639057
  0
VERTEX
  8
gto
 10
98.682237
 20
8.647697
  0
VERTEX
  8
gto
 10
98.693417
 20
8.657347
  0
VERTEX
  8
gto
 10
98.718817
 20
8.665987
  0
VERTEX
  8
gto
 10
98.729487
 20
8.675637
  0
VERTEX
  8
gto
 10
98.755398
 20
8.684277
  0
VERTEX
  8
gto
 10
98.766058
 20
8.693927
  0
VERTEX
  8
gto
 10
98.791458
 20
8.702557
  0
VERTEX
  8
gto
 10
98.802638
 20
8.712207
  0
VERTEX
  8
gto
 10
98.828038
 20
8.720847
  0
VERTEX
  8
gto
 10
98.839218
 20
8.730497
  0
VERTEX
  8
gto
 10
98.864618
 20
8.739137
  0
VERTEX
  8
gto
 10
98.875278
 20
8.748277
  0
VERTEX
  8
gto
 10
98.901698
 20
8.757938
  0
VERTEX
  8
gto
 10
98.914908
 20
8.768098
  0
VERTEX
  8
gto
 10
98.937258
 20
8.775208
  0
VERTEX
  8
gto
 10
98.948438
 20
8.785368
  0
VERTEX
  8
gto
 10
98.973838
 20
8.793498
  0
VERTEX
  8
gto
 10
98.985008
 20
8.803148
  0
VERTEX
  8
gto
 10
99.010408
 20
8.811778
  0
VERTEX
  8
gto
 10
99.021588
 20
8.821438
  0
VERTEX
  8
gto
 10
99.046988
 20
8.830068
  0
VERTEX
  8
gto
 10
99.057658
 20
8.839718
  0
VERTEX
  8
gto
 10
99.086098
 20
8.849378
  0
VERTEX
  8
gto
 10
99.092708
 20
8.844298
  0
VERTEX
  8
gto
 10
99.097788
 20
8.834638
  0
VERTEX
  8
gto
 10
99.097788
 20
7.207004
  0
VERTEX
  8
gto
 10
99.092708
 20
7.197354
  0
VERTEX
  8
gto
 10
99.086098
 20
7.192274
  0
VERTEX
  8
gto
 10
99.057148
 20
7.201924
  0
VERTEX
  8
gto
 10
99.046988
 20
7.211574
  0
VERTEX
  8
gto
 10
99.024128
 20
7.219194
  0
VERTEX
  8
gto
 10
99.009398
 20
7.230374
  0
VERTEX
  8
gto
 10
98.987548
 20
7.237484
  0
VERTEX
  8
gto
 10
98.973328
 20
7.248154
  0
VERTEX
  8
gto
 10
98.950978
 20
7.255775
  0
VERTEX
  8
gto
 10
98.936748
 20
7.266445
  0
VERTEX
  8
gto
 10
98.914908
 20
7.273555
  0
VERTEX
  8
gto
 10
98.900178
 20
7.284735
  0
VERTEX
  8
gto
 10
98.878328
 20
7.291845
  0
VERTEX
  8
gto
 10
98.863598
 20
7.303015
  0
VERTEX
  8
gto
 10
98.841758
 20
7.310135
  0
VERTEX
  8
gto
 10
98.827528
 20
7.321305
  0
VERTEX
  8
gto
 10
98.805178
 20
7.328415
  0
VERTEX
  8
gto
 10
98.790958
 20
7.339595
  0
VERTEX
  8
gto
 10
98.769108
 20
7.346705
  0
VERTEX
  8
gto
 10
98.754378
 20
7.357885
  0
VERTEX
  8
gto
 10
98.732537
 20
7.364995
  0
VERTEX
  8
gto
 10
98.717797
 20
7.376175
  0
VERTEX
  8
gto
 10
98.695957
 20
7.383285
  0
VERTEX
  8
gto
 10
98.681737
 20
7.394455
  0
VERTEX
  8
gto
 10
98.659377
 20
7.401575
  0
VERTEX
  8
gto
 10
98.645157
 20
7.412235
  0
VERTEX
  8
gto
 10
98.623317
 20
7.419855
  0
VERTEX
  8
gto
 10
98.608577
 20
7.430525
  0
VERTEX
  8
gto
 10
98.586737
 20
7.437635
  0
VERTEX
  8
gto
 10
98.572007
 20
7.448815
  0
VERTEX
  8
gto
 10
98.550157
 20
7.455925
  0
VERTEX
  8
gto
 10
98.535937
 20
7.467105
  0
VERTEX
  8
gto
 10
98.513587
 20
7.474215
  0
VERTEX
  8
gto
 10
98.499357
 20
7.485395
  0
VERTEX
  8
gto
 10
98.477517
 20
7.492505
  0
VERTEX
  8
gto
 10
98.462787
 20
7.503675
  0
VERTEX
  8
gto
 10
98.440937
 20
7.510795
  0
VERTEX
  8
gto
 10
98.426207
 20
7.521965
  0
VERTEX
  8
gto
 10
98.404367
 20
7.529075
  0
VERTEX
  8
gto
 10
98.390137
 20
7.540255
  0
VERTEX
  8
gto
 10
98.367787
 20
7.547365
  0
VERTEX
  8
gto
 10
98.353567
 20
7.558545
  0
VERTEX
  8
gto
 10
98.331717
 20
7.565655
  0
VERTEX
  8
gto
 10
98.316987
 20
7.576325
  0
VERTEX
  8
gto
 10
98.295147
 20
7.583945
  0
VERTEX
  8
gto
 10
98.280417
 20
7.594615
  0
VERTEX
  8
gto
 10
98.258567
 20
7.602235
  0
VERTEX
  8
gto
 10
98.244346
 20
7.612895
  0
VERTEX
  8
gto
 10
98.221996
 20
7.620015
  0
VERTEX
  8
gto
 10
98.207766
 20
7.631185
  0
VERTEX
  8
gto
 10
98.185926
 20
7.638295
  0
VERTEX
  8
gto
 10
98.171196
 20
7.649475
  0
VERTEX
  8
gto
 10
98.149346
 20
7.656585
  0
VERTEX
  8
gto
 10
98.134616
 20
7.667765
  0
VERTEX
  8
gto
 10
98.112776
 20
7.674875
  0
VERTEX
  8
gto
 10
98.098546
 20
7.686055
  0
VERTEX
  8
gto
 10
98.076196
 20
7.693165
  0
VERTEX
  8
gto
 10
98.061976
 20
7.704335
  0
VERTEX
  8
gto
 10
98.040126
 20
7.711455
  0
VERTEX
  8
gto
 10
98.025396
 20
7.722625
  0
VERTEX
  8
gto
 10
98.003556
 20
7.729735
  0
VERTEX
  8
gto
 10
97.988816
 20
7.740405
  0
VERTEX
  8
gto
 10
97.966976
 20
7.748025
  0
VERTEX
  8
gto
 10
97.952756
 20
7.758696
  0
VERTEX
  8
gto
 10
97.930396
 20
7.766316
  0
VERTEX
  8
gto
 10
97.916176
 20
7.776986
  0
VERTEX
  8
gto
 10
97.894336
 20
7.784096
  0
VERTEX
  8
gto
 10
97.879596
 20
7.795276
  0
VERTEX
  8
gto
 10
97.857756
 20
7.802386
  0
VERTEX
  8
gto
 10
97.843026
 20
7.813556
  0
VERTEX
  8
gto
 10
97.821176
 20
7.820676
  0
VERTEX
  8
gto
 10
97.806956
 20
7.831846
  0
VERTEX
  8
gto
 10
97.784606
 20
7.838956
  0
VERTEX
  8
gto
 10
97.770376
 20
7.850136
  0
VERTEX
  8
gto
 10
97.748535
 20
7.857246
  0
VERTEX
  8
gto
 10
97.733805
 20
7.868426
  0
VERTEX
  8
gto
 10
97.711955
 20
7.875536
  0
VERTEX
  8
gto
 10
97.697225
 20
7.886716
  0
VERTEX
  8
gto
 10
97.675385
 20
7.893826
  0
VERTEX
  8
gto
 10
97.661155
 20
7.904496
  0
VERTEX
  8
gto
 10
97.638805
 20
7.912116
  0
VERTEX
  8
gto
 10
97.624585
 20
7.922776
  0
VERTEX
  8
gto
 10
97.602735
 20
7.930396
  0
VERTEX
  8
gto
 10
97.588005
 20
7.941066
  0
VERTEX
  8
gto
 10
97.566165
 20
7.948176
  0
VERTEX
  8
gto
 10
97.551435
 20
7.959356
  0
VERTEX
  8
gto
 10
97.529585
 20
7.966466
  0
VERTEX
  8
gto
 10
97.515365
 20
7.977646
  0
VERTEX
  8
gto
 10
97.493015
 20
7.984756
  0
VERTEX
  8
gto
 10
97.478275
 20
7.995936
  0
VERTEX
  8
gto
 10
97.457455
 20
8.002536
  0
VERTEX
  8
gto
 10
97.447795
 20
8.007616
  0
VERTEX
  8
gto
 10
97.445765
 20
8.032506
  0
VERTEX
  8
gto
 10
97.203954
 20
8.032506
  0
VERTEX
  8
gto
 10
97.204464
 20
8.006596
  0
VERTEX
  8
gto
 10
97.207514
 20
7.995426
  0
VERTEX
  8
gto
 10
97.216154
 20
7.985776
  0
VERTEX
  8
gto
 10
97.223264
 20
7.972056
  0
VERTEX
  8
gto
 10
97.238504
 20
7.963926
  0
VERTEX
  8
gto
 10
97.246634
 20
7.955296
  0
VERTEX
  8
gto
 10
97.272035
 20
7.946656
  0
VERTEX
  8
gto
 10
97.283205
 20
7.937006
  0
VERTEX
  8
gto
 10
97.308605
 20
7.928366
  0
VERTEX
  8
gto
 10
97.319785
 20
7.918716
  0
VERTEX
  8
gto
 10
97.345185
 20
7.910076
  0
VERTEX
  8
gto
 10
97.355855
 20
7.900426
  0
VERTEX
  8
gto
 10
97.381755
 20
7.891796
  0
VERTEX
  8
gto
 10
97.392425
 20
7.882136
  0
VERTEX
  8
gto
 10
97.417825
 20
7.873506
  0
VERTEX
  8
gto
 10
97.429005
 20
7.863856
  0
VERTEX
  8
gto
 10
97.454405
 20
7.855216
  0
VERTEX
  8
gto
 10
97.465575
 20
7.845566
  0
VERTEX
  8
gto
 10
97.490975
 20
7.836926
  0
VERTEX
  8
gto
 10
97.502155
 20
7.827276
  0
VERTEX
  8
gto
 10
97.527555
 20
7.818636
  0
VERTEX
  8
gto
 10
97.538225
 20
7.808986
  0
VERTEX
  8
gto
 10
97.563625
 20
7.800856
  0
VERTEX
  8
gto
 10
97.574795
 20
7.790696
  0
VERTEX
  8
gto
 10
97.600195
 20
7.782576
  0
VERTEX
  8
gto
 10
97.611375
 20
7.772916
  0
VERTEX
  8
gto
 10
97.636775
 20
7.764286
  0
VERTEX
  8
gto
 10
97.647445
 20
7.754636
  0
VERTEX
  8
gto
 10
97.673355
 20
7.745995
  0
VERTEX
  8
gto
 10
97.684015
 20
7.736345
  0
VERTEX
  8
gto
 10
97.709415
 20
7.727705
  0
VERTEX
  8
gto
 10
97.720595
 20
7.718055
  0
VERTEX
  8
gto
 10
97.745995
 20
7.709415
  0
VERTEX
  8
gto
 10
97.757176
 20
7.699765
  0
VERTEX
  8
gto
 10
97.782576
 20
7.691135
  0
VERTEX
  8
gto
 10
97.793236
 20
7.681475
  0
VERTEX
  8
gto
 10
97.819146
 20
7.672845
  0
VERTEX
  8
gto
 10
97.829816
 20
7.663195
  0
VERTEX
  8
gto
 10
97.855216
 20
7.654555
  0
VERTEX
  8
gto
 10
97.866396
 20
7.644905
  0
VERTEX
  8
gto
 10
97.891796
 20
7.636775
  0
VERTEX
  8
gto
 10
97.902966
 20
7.626615
  0
VERTEX
  8
gto
 10
97.928366
 20
7.618485
  0
VERTEX
  8
gto
 10
97.939546
 20
7.608325
  0
VERTEX
  8
gto
 10
97.961896
 20
7.601215
  0
VERTEX
  8
gto
 10
97.975106
 20
7.591055
  0
VERTEX
  8
gto
 10
98.001516
 20
7.581405
  0
VERTEX
  8
gto
 10
98.012186
 20
7.572255
  0
VERTEX
  8
gto
 10
98.037586
 20
7.563625
  0
VERTEX
  8
gto
 10
98.048766
 20
7.553975
  0
VERTEX
  8
gto
 10
98.074166
 20
7.545335
  0
VERTEX
  8
gto
 10
98.084836
 20
7.535685
  0
VERTEX
  8
gto
 10
98.110736
 20
7.527045
  0
VERTEX
  8
gto
 10
98.121406
 20
7.517395
  0
VERTEX
  8
gto
 10
98.146806
 20
7.508755
  0
VERTEX
  8
gto
 10
98.157986
 20
7.499105
  0
VERTEX
  8
gto
 10
98.183386
 20
7.490475
  0
VERTEX
  8
gto
 10
98.194556
 20
7.480815
  0
VERTEX
  8
gto
 10
98.219956
 20
7.472695
  0
VERTEX
  8
gto
 10
98.231136
 20
7.462535
  0
VERTEX
  8
gto
 10
98.256537
 20
7.454405
  0
VERTEX
  8
gto
 10
98.267207
 20
7.444755
  0
VERTEX
  8
gto
 10
98.292607
 20
7.436115
  0
VERTEX
  8
gto
 10
98.303777
 20
7.426465
  0
VERTEX
  8
gto
 10
98.329177
 20
7.417825
  0
VERTEX
  8
gto
 10
98.340357
 20
7.408175
  0
VERTEX
  8
gto
 10
98.365757
 20
7.399535
  0
VERTEX
  8
gto
 10
98.376427
 20
7.389885
  0
VERTEX
  8
gto
 10
98.402337
 20
7.381255
  0
VERTEX
  8
gto
 10
98.412997
 20
7.371595
  0
VERTEX
  8
gto
 10
98.438397
 20
7.362965
  0
VERTEX
  8
gto
 10
98.449577
 20
7.353315
  0
VERTEX
  8
gto
 10
98.474977
 20
7.344675
  0
VERTEX
  8
gto
 10
98.486157
 20
7.335025
  0
VERTEX
  8
gto
 10
98.511557
 20
7.326385
  0
VERTEX
  8
gto
 10
98.522727
 20
7.316735
  0
VERTEX
  8
gto
 10
98.548127
 20
7.308605
  0
VERTEX
  8
gto
 10
98.558797
 20
7.298445
  0
VERTEX
  8
gto
 10
98.584197
 20
7.290315
  0
VERTEX
  8
gto
 10
98.595377
 20
7.280665
  0
VERTEX
  8
gto
 10
98.620777
 20
7.272035
  0
VERTEX
  8
gto
 10
98.631947
 20
7.262375
  0
VERTEX
  8
gto
 10
98.654807
 20
7.254755
  0
VERTEX
  8
gto
 10
98.667507
 20
7.244594
  0
VERTEX
  8
gto
 10
98.693927
 20
7.234944
  0
VERTEX
  8
gto
 10
98.704597
 20
7.225804
  0
VERTEX
  8
gto
 10
98.729997
 20
7.217164
  0
VERTEX
  8
gto
 10
98.741167
 20
7.207514
  0
VERTEX
  8
gto
 10
98.766568
 20
7.198874
  0
VERTEX
  8
gto
 10
98.777748
 20
7.189224
  0
VERTEX
  8
gto
 10
98.803148
 20
7.180594
  0
VERTEX
  8
gto
 10
98.814318
 20
7.170934
  0
VERTEX
  8
gto
 10
98.836678
 20
7.163824
  0
VERTEX
  8
gto
 10
98.849878
 20
7.153154
  0
VERTEX
  8
gto
 10
98.876298
 20
7.144014
  0
VERTEX
  8
gto
 10
98.886968
 20
7.134364
  0
VERTEX
  8
gto
 10
98.912368
 20
7.126234
  0
VERTEX
  8
gto
 10
98.923538
 20
7.116584
  0
VERTEX
  8
gto
 10
98.948938
 20
7.107944
  0
VERTEX
  8
gto
 10
98.960118
 20
7.098294
  0
VERTEX
  8
gto
 10
98.985518
 20
7.089654
  0
VERTEX
  8
gto
 10
98.996188
 20
7.080004
  0
VERTEX
  8
gto
 10
99.021588
 20
7.071374
  0
VERTEX
  8
gto
 10
99.032758
 20
7.061714
  0
VERTEX
  8
gto
 10
99.058158
 20
7.053084
  0
VERTEX
  8
gto
 10
99.069338
 20
7.043434
  0
VERTEX
  8
gto
 10
99.094738
 20
7.034794
  0
VERTEX
  8
gto
 10
99.105918
 20
7.025144
  0
VERTEX
  8
gto
 10
99.132838
 20
7.015994
  0
VERTEX
  8
gto
 10
99.141478
 20
7.008374
  0
VERTEX
  8
gto
 10
99.154678
 20
7.004824
  0
VERTEX
  8
gto
 10
99.179578
 20
7.004824
  0
VERTEX
  8
gto
 10
99.192778
 20
7.008374
  0
VERTEX
  8
gto
 10
99.201418
 20
7.015994
  0
VERTEX
  8
gto
 10
99.216148
 20
7.024124
  0
VERTEX
  8
gto
 10
99.222758
 20
7.037844
  0
VERTEX
  8
gto
 10
99.231898
 20
7.046984
  0
VERTEX
  8
gto
 10
99.235958
 20
7.063754
  0
VERTEX
  8
gto
 10
99.235958
 20
8.977898
  0
VERTEX
  8
gto
 10
99.231898
 20
8.994658
  0
VERTEX
  8
gto
 10
99.222758
 20
9.003808
  0
VERTEX
  8
gto
 10
99.216148
 20
9.018028
  0
VERTEX
  8
gto
 10
99.202438
 20
9.024638
  0
VERTEX
  8
gto
 10
99.192778
 20
9.033268
  0
VERTEX
  8
gto
 10
99.179578
 20
9.036828
  0
SEQEND
  8
gto
  0
POLYLINE
  8
gto
 62
1
 40
0.000000
 41
0.000000
 66
  1
  0
VERTEX
  8
gto
 10
98.866648
 20
8.090416
  0
VERTEX
  8
gto
 10
98.848868
 20
8.085846
  0
VERTEX
  8
gto
 10
98.838708
 20
8.076196
  0
VERTEX
  8
gto
 10
98.826008
 20
8.070606
  0
VERTEX
  8
gto
 10
98.819398
 20
8.054856
  0
VERTEX
  8
gto
 10
98.811778
 20
8.046736
  0
VERTEX
  8
gto
 10
98.807718
 20
8.035556
  0
VERTEX
  8
gto
 10
98.808228
 20
8.005076
  0
VERTEX
  8
gto
 10
98.811278
 20
7.994406
  0
VERTEX
  8
gto
 10
98.819398
 20
7.986276
  0
VERTEX
  8
gto
 10
98.826008
 20
7.971546
  0
VERTEX
  8
gto
 10
98.842258
 20
7.962916
  0
VERTEX
  8
gto
 10
98.847338
 20
7.955796
  0
VERTEX
  8
gto
 10
98.866648
 20
7.951226
  0
VERTEX
  8
gto
 10
98.884938
 20
7.951226
  0
VERTEX
  8
gto
 10
98.904238
 20
7.955796
  0
VERTEX
  8
gto
 10
98.909318
 20
7.962916
  0
VERTEX
  8
gto
 10
98.925578
 20
7.971546
  0
VERTEX
  8
gto
 10
98.932178
 20
7.986786
  0
VERTEX
  8
gto
 10
98.939798
 20
7.995426
  0
VERTEX
  8
gto
 10
98.943858
 20
8.006596
  0
VERTEX
  8
gto
 10
98.943858
 20
8.035556
  0
VERTEX
  8
gto
 10
98.939798
 20
8.046736
  0
VERTEX
  8
gto
 10
98.932178
 20
8.054856
  0
VERTEX
  8
gto
 10
98.925578
 20
8.070606
  0
VERTEX
  8
gto
 10
98.912878
 20
8.075686
  0
VERTEX
  8
gto
 10
98.902718
 20
8.085846
  0
VERTEX
  8
gto
 10
98.884938
 20
8.090416
  0
SEQEND
  8
gto
  0
POLYLINE
  8
gto
 62
1
 40
0.000000
 41
0.000000
 66
  1
  0
VERTEX
  8
gto
 10
97.990346
 20
8.089916
  0
VERTEX
  8
gto
 10
97.974596
 20
8.085336
  0
VERTEX
  8
gto
 10
97.966466
 20
8.077216
  0
VERTEX
  8
gto
 10
97.951226
 20
8.070606
  0
VERTEX
  8
gto
 10
97.945636
 20
8.058416
  0
VERTEX
  8
gto
 10
97.935986
 20
8.047746
  0
VERTEX
  8
gto
 10
97.931416
 20
8.029966
  0
VERTEX
  8
gto
 10
97.931926
 20
8.010156
  0
VERTEX
  8
gto
 10
97.935986
 20
7.993896
  0
VERTEX
  8
gto
 10
97.945636
 20
7.983736
  0
VERTEX
  8
gto
 10
97.951226
 20
7.971546
  0
VERTEX
  8
gto
 10
97.969516
 20
7.962406
  0
VERTEX
  8
gto
 10
97.972566
 20
7.956816
  0
VERTEX
  8
gto
 10
97.990346
 20
7.952246
  0
VERTEX
  8
gto
 10
98.594867
 20
7.952246
  0
VERTEX
  8
gto
 10
98.612137
 20
7.956816
  0
VERTEX
  8
gto
 10
98.615697
 20
7.962406
  0
VERTEX
  8
gto
 10
98.633977
 20
7.971546
  0
VERTEX
  8
gto
 10
98.639567
 20
7.983736
  0
VERTEX
  8
gto
 10
98.648717
 20
7.993896
  0
VERTEX
  8
gto
 10
98.653797
 20
8.011676
  0
VERTEX
  8
gto
 10
98.653797
 20
8.029966
  0
VERTEX
  8
gto
 10
98.648717
 20
8.047746
  0
VERTEX
  8
gto
 10
98.639567
 20
8.058416
  0
VERTEX
  8
gto
 10
98.633977
 20
8.070606
  0
VERTEX
  8
gto
 10
98.618737
 20
8.077216
  0
VERTEX
  8
gto
 10
98.610617
 20
8.085336
  0
VERTEX
  8
gto
 10
98.594867
 20
8.089916
  0
SEQEND
  8
gto
  0
POLYLINE
  8
gto
 62
1
 40
0.000000
 41
0.000000
 66
  1
  0
VERTEX
  8
gto
 10
1.497583
 20
4.368809
  0
VERTEX
  8
gto
 10
1.472693
 20
4.365249
  0
VERTEX
  8
gto
 10
1.463543
 20
4.356609
  0
VERTEX
  8
gto
 10
1.449833
 20
4.350009
  0
VERTEX
  8
gto
 10
1.441193
 20
4.334259
  0
VERTEX
  8
gto
 10
1.433063
 20
4.326129
  0
VERTEX
  8
gto
 10
1.424433
 20
4.300729
  0
VERTEX
  8
gto
 10
1.414273
 20
4.289559
  0
VERTEX
  8
gto
 10
1.406143
 20
4.264159
  0
VERTEX
  8
gto
 10
1.396493
 20
4.252979
  0
VERTEX
  8
gto
 10
1.387853
 20
4.227578
  0
VERTEX
  8
gto
 10
1.378203
 20
4.216908
  0
VERTEX
  8
gto
 10
1.369563
 20
4.191508
  0
VERTEX
  8
gto
 10
1.359913
 20
4.180338
  0
VERTEX
  8
gto
 10
1.351283
 20
4.154938
  0
VERTEX
  8
gto
 10
1.341623
 20
4.143758
  0
VERTEX
  8
gto
 10
1.332993
 20
4.118358
  0
VERTEX
  8
gto
 10
1.323343
 20
4.107188
  0
VERTEX
  8
gto
 10
1.314703
 20
4.081788
  0
VERTEX
  8
gto
 10
1.305053
 20
4.071118
  0
VERTEX
  8
gto
 10
1.296413
 20
4.045718
  0
VERTEX
  8
gto
 10
1.286763
 20
4.034538
  0
VERTEX
  8
gto
 10
1.278123
 20
4.009138
  0
VERTEX
  8
gto
 10
1.268473
 20
3.997968
  0
VERTEX
  8
gto
 10
1.260343
 20
3.972568
  0
VERTEX
  8
gto
 10
1.250183
 20
3.961388
  0
VERTEX
  8
gto
 10
1.242062
 20
3.935988
  0
VERTEX
  8
gto
 10
1.232402
 20
3.925318
  0
VERTEX
  8
gto
 10
1.223772
 20
3.899918
  0
VERTEX
  8
gto
 10
1.214122
 20
3.888748
  0
VERTEX
  8
gto
 10
1.205482
 20
3.863348
  0
VERTEX
  8
gto
 10
1.195832
 20
3.852168
  0
VERTEX
  8
gto
 10
1.187192
 20
3.826768
  0
VERTEX
  8
gto
 10
1.177542
 20
3.815588
  0
VERTEX
  8
gto
 10
1.168902
 20
3.790188
  0
VERTEX
  8
gto
 10
1.159252
 20
3.779528
  0
VERTEX
  8
gto
 10
1.150622
 20
3.754128
  0
VERTEX
  8
gto
 10
1.140962
 20
3.742947
  0
VERTEX
  8
gto
 10
1.132332
 20
3.717547
  0
VERTEX
  8
gto
 10
1.122682
 20
3.706367
  0
VERTEX
  8
gto
 10
1.114042
 20
3.680967
  0
VERTEX
  8
gto
 10
1.104392
 20
3.669797
  0
VERTEX
  8
gto
 10
1.096262
 20
3.644397
  0
VERTEX
  8
gto
 10
1.086102
 20
3.633727
  0
VERTEX
  8
gto
 10
1.078992
 20
3.610867
  0
VERTEX
  8
gto
 10
1.068832
 20
3.597657
  0
VERTEX
  8
gto
 10
1.059182
 20
3.571247
  0
VERTEX
  8
gto
 10
1.050032
 20
3.560577
  0
VERTEX
  8
gto
 10
1.041392
 20
3.535177
  0
VERTEX
  8
gto
 10
1.031742
 20
3.523997
  0
VERTEX
  8
gto
 10
1.023112
 20
3.498597
  0
VERTEX
  8
gto
 10
1.013462
 20
3.487927
  0
VERTEX
  8
gto
 10
1.004822
 20
3.462527
  0
VERTEX
  8
gto
 10
0.995172
 20
3.451357
  0
VERTEX
  8
gto
 10
0.986532
 20
3.425957
  0
VERTEX
  8
gto
 10
0.976882
 20
3.414777
  0
VERTEX
  8
gto
 10
0.968242
 20
3.389377
  0
VERTEX
  8
gto
 10
0.958592
 20
3.378207
  0
VERTEX
  8
gto
 10
0.949962
 20
3.352807
  0
VERTEX
  8
gto
 10
0.940302
 20
3.342137
  0
VERTEX
  8
gto
 10
0.931672
 20
3.316737
  0
VERTEX
  8
gto
 10
0.922022
 20
3.305557
  0
VERTEX
  8
gto
 10
0.913892
 20
3.280157
  0
VERTEX
  8
gto
 10
0.904242
 20
3.268987
  0
VERTEX
  8
gto
 10
0.895602
 20
3.243586
  0
VERTEX
  8
gto
 10
0.885952
 20
3.232406
  0
VERTEX
  8
gto
 10
0.877312
 20
3.207006
  0
VERTEX
  8
gto
 10
0.867662
 20
3.196336
  0
VERTEX
  8
gto
 10
0.859022
 20
3.170936
  0
VERTEX
  8
gto
 10
0.849372
 20
3.159766
  0
VERTEX
  8
gto
 10
0.840742
 20
3.134366
  0
VERTEX
  8
gto
 10
0.831082
 20
3.123186
  0
VERTEX
  8
gto
 10
0.822452
 20
3.097786
  0
VERTEX
  8
gto
 10
0.812802
 20
3.086606
  0
VERTEX
  8
gto
 10
0.804162
 20
3.061206
  0
VERTEX
  8
gto
 10
0.794512
 20
3.050546
  0
VERTEX
  8
gto
 10
0.785872
 20
3.025146
  0
VERTEX
  8
gto
 10
0.776222
 20
3.013966
  0
VERTEX
  8
gto
 10
0.767582
 20
2.988566
  0
VERTEX
  8
gto
 10
0.757932
 20
2.977386
  0
VERTEX
  8
gto
 10
0.749801
 20
2.951986
  0
VERTEX
  8
gto
 10
0.739641
 20
2.940816
  0
VERTEX
  8
gto
 10
0.732531
 20
2.918466
  0
VERTEX
  8
gto
 10
0.722371
 20
2.905256
  0
VERTEX
  8
gto
 10
0.712721
 20
2.878836
  0
VERTEX
  8
gto
 10
0.703581
 20
2.868166
  0
VERTEX
  8
gto
 10
0.694941
 20
2.842766
  0
VERTEX
  8
gto
 10
0.685291
 20
2.831596
  0
VERTEX
  8
gto
 10
0.676651
 20
2.806196
  0
VERTEX
  8
gto
 10
0.667001
 20
2.795016
  0
VERTEX
  8
gto
 10
0.658361
 20
2.769616
  0
VERTEX
  8
gto
 10
0.648711
 20
2.758946
  0
VERTEX
  8
gto
 10
0.641601
 20
2.736085
  0
VERTEX
  8
gto
 10
0.630931
 20
2.722885
  0
VERTEX
  8
gto
 10
0.621791
 20
2.696465
  0
VERTEX
  8
gto
 10
0.612141
 20
2.685795
  0
VERTEX
  8
gto
 10
0.603501
 20
2.660395
  0
VERTEX
  8
gto
 10
0.593851
 20
2.649225
  0
VERTEX
  8
gto
 10
0.585721
 20
2.623825
  0
VERTEX
  8
gto
 10
0.576071
 20
2.613155
  0
VERTEX
  8
gto
 10
0.567431
 20
2.587755
  0
VERTEX
  8
gto
 10
0.557781
 20
2.576575
  0
VERTEX
  8
gto
 10
0.549141
 20
2.551175
  0
VERTEX
  8
gto
 10
0.539491
 20
2.540005
  0
VERTEX
  8
gto
 10
0.530861
 20
2.514605
  0
VERTEX
  8
gto
 10
0.521201
 20
2.503425
  0
VERTEX
  8
gto
 10
0.515491
 20
2.487165
  0
VERTEX
  8
gto
 10
0.670051
 20
2.487165
  0
VERTEX
  8
gto
 10
0.679701
 20
2.515615
  0
VERTEX
  8
gto
 10
0.689351
 20
2.525775
  0
VERTEX
  8
gto
 10
0.696971
 20
2.548635
  0
VERTEX
  8
gto
 10
0.707641
 20
2.563365
  0
VERTEX
  8
gto
 10
0.715261
 20
2.585215
  0
VERTEX
  8
gto
 10
0.725931
 20
2.599945
  0
VERTEX
  8
gto
 10
0.733041
 20
2.621785
  0
VERTEX
  8
gto
 10
0.744221
 20
2.636015
  0
VERTEX
  8
gto
 10
0.751332
 20
2.658365
  0
VERTEX
  8
gto
 10
0.762502
 20
2.672585
  0
VERTEX
  8
gto
 10
0.769622
 20
2.694435
  0
VERTEX
  8
gto
 10
0.780792
 20
2.709165
  0
VERTEX
  8
gto
 10
0.787902
 20
2.731005
  0
VERTEX
  8
gto
 10
0.799082
 20
2.745745
  0
VERTEX
  8
gto
 10
0.806192
 20
2.767586
  0
VERTEX
  8
gto
 10
0.817372
 20
2.781806
  0
VERTEX
  8
gto
 10
0.824482
 20
2.804166
  0
VERTEX
  8
gto
 10
0.835662
 20
2.818386
  0
VERTEX
  8
gto
 10
0.842772
 20
2.840226
  0
VERTEX
  8
gto
 10
0.853942
 20
2.854966
  0
VERTEX
  8
gto
 10
0.861062
 20
2.876806
  0
VERTEX
  8
gto
 10
0.871722
 20
2.891536
  0
VERTEX
  8
gto
 10
0.879342
 20
2.913386
  0
VERTEX
  8
gto
 10
0.890012
 20
2.927606
  0
VERTEX
  8
gto
 10
0.897122
 20
2.949956
  0
VERTEX
  8
gto
 10
0.908302
 20
2.964186
  0
VERTEX
  8
gto
 10
0.915412
 20
2.986026
  0
VERTEX
  8
gto
 10
0.926592
 20
3.000756
  0
VERTEX
  8
gto
 10
0.933702
 20
3.022606
  0
VERTEX
  8
gto
 10
0.944882
 20
3.037336
  0
VERTEX
  8
gto
 10
0.951992
 20
3.059176
  0
VERTEX
  8
gto
 10
0.963162
 20
3.073406
  0
VERTEX
  8
gto
 10
0.970282
 20
3.095756
  0
VERTEX
  8
gto
 10
0.981452
 20
3.109976
  0
VERTEX
  8
gto
 10
0.988562
 20
3.131826
  0
VERTEX
  8
gto
 10
0.999742
 20
3.146556
  0
VERTEX
  8
gto
 10
1.006852
 20
3.168396
  0
VERTEX
  8
gto
 10
1.018032
 20
3.183126
  0
VERTEX
  8
gto
 10
1.025142
 20
3.204976
  0
VERTEX
  8
gto
 10
1.035812
 20
3.219196
  0
VERTEX
  8
gto
 10
1.043432
 20
3.241546
  0
VERTEX
  8
gto
 10
1.054102
 20
3.255777
  0
VERTEX
  8
gto
 10
1.061722
 20
3.277617
  0
VERTEX
  8
gto
 10
1.072382
 20
3.292347
  0
VERTEX
  8
gto
 10
1.079502
 20
3.314197
  0
VERTEX
  8
gto
 10
1.090672
 20
3.328927
  0
VERTEX
  8
gto
 10
1.097782
 20
3.350767
  0
VERTEX
  8
gto
 10
1.108962
 20
3.364997
  0
VERTEX
  8
gto
 10
1.116072
 20
3.387347
  0
VERTEX
  8
gto
 10
1.127252
 20
3.401567
  0
VERTEX
  8
gto
 10
1.134362
 20
3.423417
  0
VERTEX
  8
gto
 10
1.145542
 20
3.438147
  0
VERTEX
  8
gto
 10
1.152652
 20
3.459987
  0
VERTEX
  8
gto
 10
1.163822
 20
3.474727
  0
VERTEX
  8
gto
 10
1.170942
 20
3.496567
  0
VERTEX
  8
gto
 10
1.182112
 20
3.510787
  0
VERTEX
  8
gto
 10
1.189222
 20
3.533147
  0
VERTEX
  8
gto
 10
1.199892
 20
3.547367
  0
VERTEX
  8
gto
 10
1.207512
 20
3.569207
  0
VERTEX
  8
gto
 10
1.218182
 20
3.583947
  0
VERTEX
  8
gto
 10
1.225802
 20
3.605787
  0
VERTEX
  8
gto
 10
1.236472
 20
3.620517
  0
VERTEX
  8
gto
 10
1.243582
 20
3.642367
  0
VERTEX
  8
gto
 10
1.254763
 20
3.656587
  0
VERTEX
  8
gto
 10
1.261873
 20
3.678937
  0
VERTEX
  8
gto
 10
1.273043
 20
3.693167
  0
VERTEX
  8
gto
 10
1.280163
 20
3.715007
  0
VERTEX
  8
gto
 10
1.291333
 20
3.729737
  0
VERTEX
  8
gto
 10
1.298443
 20
3.751588
  0
VERTEX
  8
gto
 10
1.309623
 20
3.766318
  0
VERTEX
  8
gto
 10
1.316733
 20
3.788158
  0
VERTEX
  8
gto
 10
1.327913
 20
3.802388
  0
VERTEX
  8
gto
 10
1.335023
 20
3.824738
  0
VERTEX
  8
gto
 10
1.346203
 20
3.838958
  0
VERTEX
  8
gto
 10
1.353313
 20
3.860808
  0
VERTEX
  8
gto
 10
1.364483
 20
3.875538
  0
VERTEX
  8
gto
 10
1.371603
 20
3.897378
  0
VERTEX
  8
gto
 10
1.382263
 20
3.912108
  0
VERTEX
  8
gto
 10
1.389883
 20
3.933958
  0
VERTEX
  8
gto
 10
1.400553
 20
3.948178
  0
VERTEX
  8
gto
 10
1.407663
 20
3.970528
  0
VERTEX
  8
gto
 10
1.418843
 20
3.984758
  0
VERTEX
  8
gto
 10
1.425953
 20
4.006598
  0
VERTEX
  8
gto
 10
1.437133
 20
4.021328
  0
VERTEX
  8
gto
 10
1.444243
 20
4.043178
  0
VERTEX
  8
gto
 10
1.455423
 20
4.057908
  0
VERTEX
  8
gto
 10
1.462533
 20
4.079748
  0
VERTEX
  8
gto
 10
1.473703
 20
4.094488
  0
VERTEX
  8
gto
 10
1.480313
 20
4.115308
  0
VERTEX
  8
gto
 10
1.485393
 20
4.124968
  0
VERTEX
  8
gto
 10
1.509773
 20
4.126998
  0
VERTEX
  8
gto
 10
1.516383
 20
4.117848
  0
VERTEX
  8
gto
 10
1.523493
 20
4.093978
  0
VERTEX
  8
gto
 10
1.533653
 20
4.082288
  0
VERTEX
  8
gto
 10
1.542283
 20
4.056888
  0
VERTEX
  8
gto
 10
1.551943
 20
4.045718
  0
VERTEX
  8
gto
 10
1.560573
 20
4.020318
  0
VERTEX
  8
gto
 10
1.570223
 20
4.009648
  0
VERTEX
  8
gto
 10
1.578353
 20
3.984248
  0
VERTEX
  8
gto
 10
1.588513
 20
3.973068
  0
VERTEX
  8
gto
 10
1.596643
 20
3.947668
  0
VERTEX
  8
gto
 10
1.606293
 20
3.936498
  0
VERTEX
  8
gto
 10
1.614933
 20
3.911098
  0
VERTEX
  8
gto
 10
1.624583
 20
3.899918
  0
VERTEX
  8
gto
 10
1.633223
 20
3.874518
  0
VERTEX
  8
gto
 10
1.642873
 20
3.863848
  0
VERTEX
  8
gto
 10
1.651503
 20
3.838448
  0
VERTEX
  8
gto
 10
1.661163
 20
3.827278
  0
VERTEX
  8
gto
 10
1.669793
 20
3.801878
  0
VERTEX
  8
gto
 10
1.679443
 20
3.790698
  0
VERTEX
  8
gto
 10
1.688083
 20
3.765298
  0
VERTEX
  8
gto
 10
1.697733
 20
3.754128
  0
VERTEX
  8
gto
 10
1.706373
 20
3.728727
  0
VERTEX
  8
gto
 10
1.716023
 20
3.718057
  0
VERTEX
  8
gto
 10
1.724663
 20
3.692657
  0
VERTEX
  8
gto
 10
1.733803
 20
3.681477
  0
VERTEX
  8
gto
 10
1.742943
 20
3.655567
  0
VERTEX
  8
gto
 10
1.753614
 20
3.642367
  0
VERTEX
  8
gto
 10
1.760724
 20
3.619507
  0
VERTEX
  8
gto
 10
1.770884
 20
3.608327
  0
VERTEX
  8
gto
 10
1.779014
 20
3.582927
  0
VERTEX
  8
gto
 10
1.788664
 20
3.572257
  0
VERTEX
  8
gto
 10
1.797304
 20
3.546857
  0
VERTEX
  8
gto
 10
1.806954
 20
3.535687
  0
VERTEX
  8
gto
 10
1.815594
 20
3.510287
  0
VERTEX
  8
gto
 10
1.825244
 20
3.499107
  0
VERTEX
  8
gto
 10
1.833884
 20
3.473707
  0
VERTEX
  8
gto
 10
1.843534
 20
3.462527
  0
VERTEX
  8
gto
 10
1.852164
 20
3.437127
  0
VERTEX
  8
gto
 10
1.861824
 20
3.426467
  0
VERTEX
  8
gto
 10
1.870454
 20
3.401067
  0
VERTEX
  8
gto
 10
1.880104
 20
3.389887
  0
VERTEX
  8
gto
 10
1.888744
 20
3.364487
  0
VERTEX
  8
gto
 10
1.898394
 20
3.353307
  0
VERTEX
  8
gto
 10
1.907034
 20
3.327907
  0
VERTEX
  8
gto
 10
1.916684
 20
3.316737
  0
VERTEX
  8
gto
 10
1.924814
 20
3.291337
  0
VERTEX
  8
gto
 10
1.934464
 20
3.280667
  0
VERTEX
  8
gto
 10
1.943104
 20
3.255267
  0
VERTEX
  8
gto
 10
1.952754
 20
3.244086
  0
VERTEX
  8
gto
 10
1.961384
 20
3.218686
  0
VERTEX
  8
gto
 10
1.971044
 20
3.207516
  0
VERTEX
  8
gto
 10
1.979674
 20
3.182116
  0
VERTEX
  8
gto
 10
1.989324
 20
3.170936
  0
VERTEX
  8
gto
 10
1.997964
 20
3.145536
  0
VERTEX
  8
gto
 10
2.007614
 20
3.134866
  0
VERTEX
  8
gto
 10
2.016254
 20
3.109466
  0
VERTEX
  8
gto
 10
2.025904
 20
3.098296
  0
VERTEX
  8
gto
 10
2.034544
 20
3.072896
  0
VERTEX
  8
gto
 10
2.044194
 20
3.061716
  0
VERTEX
  8
gto
 10
2.052824
 20
3.036316
  0
VERTEX
  8
gto
 10
2.062484
 20
3.025146
  0
VERTEX
  8
gto
 10
2.071114
 20
2.999746
  0
VERTEX
  8
gto
 10
2.080254
 20
2.989076
  0
VERTEX
  8
gto
 10
2.089404
 20
2.962656
  0
VERTEX
  8
gto
 10
2.100074
 20
2.949956
  0
VERTEX
  8
gto
 10
2.107184
 20
2.927096
  0
VERTEX
  8
gto
 10
2.116834
 20
2.915926
  0
VERTEX
  8
gto
 10
2.125474
 20
2.890526
  0
VERTEX
  8
gto
 10
2.135124
 20
2.879346
  0
VERTEX
  8
gto
 10
2.143754
 20
2.853946
  0
VERTEX
  8
gto
 10
2.153414
 20
2.843276
  0
VERTEX
  8
gto
 10
2.162044
 20
2.817876
  0
VERTEX
  8
gto
 10
2.171704
 20
2.806706
  0
VERTEX
  8
gto
 10
2.180334
 20
2.781306
  0
VERTEX
  8
gto
 10
2.189984
 20
2.770126
  0
VERTEX
  8
gto
 10
2.198624
 20
2.744725
  0
VERTEX
  8
gto
 10
2.208274
 20
2.733545
  0
VERTEX
  8
gto
 10
2.216914
 20
2.708145
  0
VERTEX
  8
gto
 10
2.226054
 20
2.697485
  0
VERTEX
  8
gto
 10
2.235704
 20
2.671575
  0
VERTEX
  8
gto
 10
2.245864
 20
2.658365
  0
VERTEX
  8
gto
 10
2.252985
 20
2.635505
  0
VERTEX
  8
gto
 10
2.263145
 20
2.624325
  0
VERTEX
  8
gto
 10
2.271265
 20
2.598925
  0
VERTEX
  8
gto
 10
2.280925
 20
2.587755
  0
VERTEX
  8
gto
 10
2.289555
 20
2.562355
  0
VERTEX
  8
gto
 10
2.299205
 20
2.551685
  0
VERTEX
  8
gto
 10
2.307845
 20
2.526285
  0
VERTEX
  8
gto
 10
2.317495
 20
2.515105
  0
VERTEX
  8
gto
 10
2.327145
 20
2.487165
  0
VERTEX
  8
gto
 10
2.322065
 20
2.480055
  0
VERTEX
  8
gto
 10
2.312415
 20
2.474975
  0
VERTEX
  8
gto
 10
0.684781
 20
2.474975
  0
VERTEX
  8
gto
 10
0.675131
 20
2.480055
  0
VERTEX
  8
gto
 10
0.670051
 20
2.487165
  0
VERTEX
  8
gto
 10
0.515491
 20
2.487165
  0
VERTEX
  8
gto
 10
0.512571
 20
2.478025
  0
VERTEX
  8
gto
 10
0.502921
 20
2.467355
  0
VERTEX
  8
gto
 10
0.493771
 20
2.440435
  0
VERTEX
  8
gto
 10
0.486151
 20
2.431285
  0
VERTEX
  8
gto
 10
0.482601
 20
2.418085
  0
VERTEX
  8
gto
 10
0.482601
 20
2.393185
  0
VERTEX
  8
gto
 10
0.486151
 20
2.379985
  0
VERTEX
  8
gto
 10
0.493771
 20
2.371345
  0
VERTEX
  8
gto
 10
0.501901
 20
2.356615
  0
VERTEX
  8
gto
 10
0.515621
 20
2.350005
  0
VERTEX
  8
gto
 10
0.524761
 20
2.341375
  0
VERTEX
  8
gto
 10
0.541521
 20
2.336795
  0
VERTEX
  8
gto
 10
2.455675
 20
2.336795
  0
VERTEX
  8
gto
 10
2.472435
 20
2.341375
  0
VERTEX
  8
gto
 10
2.481585
 20
2.350005
  0
VERTEX
  8
gto
 10
2.495805
 20
2.356615
  0
VERTEX
  8
gto
 10
2.502405
 20
2.370835
  0
VERTEX
  8
gto
 10
2.511045
 20
2.379985
  0
VERTEX
  8
gto
 10
2.514605
 20
2.393185
  0
VERTEX
  8
gto
 10
2.514605
 20
2.418085
  0
VERTEX
  8
gto
 10
2.511045
 20
2.431285
  0
VERTEX
  8
gto
 10
2.503425
 20
2.440435
  0
VERTEX
  8
gto
 10
2.494785
 20
2.466345
  0
VERTEX
  8
gto
 10
2.483615
 20
2.481075
  0
VERTEX
  8
gto
 10
2.476505
 20
2.502915
  0
VERTEX
  8
gto
 10
2.465325
 20
2.517145
  0
VERTEX
  8
gto
 10
2.458215
 20
2.539495
  0
VERTEX
  8
gto
 10
2.447035
 20
2.553715
  0
VERTEX
  8
gto
 10
2.439925
 20
2.576065
  0
VERTEX
  8
gto
 10
2.428745
 20
2.590295
  0
VERTEX
  8
gto
 10
2.421635
 20
2.612135
  0
VERTEX
  8
gto
 10
2.410465
 20
2.626865
  0
VERTEX
  8
gto
 10
2.403345
 20
2.648715
  0
VERTEX
  8
gto
 10
2.392175
 20
2.662935
  0
VERTEX
  8
gto
 10
2.385065
 20
2.685285
  0
VERTEX
  8
gto
 10
2.374395
 20
2.699515
  0
VERTEX
  8
gto
 10
2.366775
 20
2.721865
  0
VERTEX
  8
gto
 10
2.356105
 20
2.736085
  0
VERTEX
  8
gto
 10
2.348995
 20
2.757936
  0
VERTEX
  8
gto
 10
2.337815
 20
2.772666
  0
VERTEX
  8
gto
 10
2.330705
 20
2.794506
  0
VERTEX
  8
gto
 10
2.319525
 20
2.808736
  0
VERTEX
  8
gto
 10
2.312415
 20
2.831086
  0
VERTEX
  8
gto
 10
2.301245
 20
2.845306
  0
VERTEX
  8
gto
 10
2.294125
 20
2.867666
  0
VERTEX
  8
gto
 10
2.282955
 20
2.881886
  0
VERTEX
  8
gto
 10
2.275845
 20
2.903726
  0
VERTEX
  8
gto
 10
2.264665
 20
2.918466
  0
VERTEX
  8
gto
 10
2.257555
 20
2.940306
  0
VERTEX
  8
gto
 10
2.246374
 20
2.954526
  0
VERTEX
  8
gto
 10
2.239264
 20
2.976886
  0
VERTEX
  8
gto
 10
2.228084
 20
2.991106
  0
VERTEX
  8
gto
 10
2.220974
 20
3.013456
  0
VERTEX
  8
gto
 10
2.210304
 20
3.027686
  0
VERTEX
  8
gto
 10
2.202684
 20
3.049526
  0
VERTEX
  8
gto
 10
2.192024
 20
3.064256
  0
VERTEX
  8
gto
 10
2.184904
 20
3.086106
  0
VERTEX
  8
gto
 10
2.173734
 20
3.100326
  0
VERTEX
  8
gto
 10
2.166624
 20
3.122676
  0
VERTEX
  8
gto
 10
2.155444
 20
3.136906
  0
VERTEX
  8
gto
 10
2.148334
 20
3.158746
  0
VERTEX
  8
gto
 10
2.137154
 20
3.173476
  0
VERTEX
  8
gto
 10
2.130044
 20
3.195326
  0
VERTEX
  8
gto
 10
2.118864
 20
3.210056
  0
VERTEX
  8
gto
 10
2.111754
 20
3.231896
  0
VERTEX
  8
gto
 10
2.100584
 20
3.246126
  0
VERTEX
  8
gto
 10
2.093464
 20
3.268477
  0
VERTEX
  8
gto
 10
2.082294
 20
3.282697
  0
VERTEX
  8
gto
 10
2.075174
 20
3.304547
  0
VERTEX
  8
gto
 10
2.064004
 20
3.319277
  0
VERTEX
  8
gto
 10
2.056894
 20
3.341117
  0
VERTEX
  8
gto
 10
2.046224
 20
3.355847
  0
VERTEX
  8
gto
 10
2.038604
 20
3.377697
  0
VERTEX
  8
gto
 10
2.027934
 20
3.391917
  0
VERTEX
  8
gto
 10
2.020824
 20
3.414267
  0
VERTEX
  8
gto
 10
2.009644
 20
3.428497
  0
VERTEX
  8
gto
 10
2.002534
 20
3.450847
  0
VERTEX
  8
gto
 10
1.991364
 20
3.465067
  0
VERTEX
  8
gto
 10
1.984244
 20
3.486917
  0
VERTEX
  8
gto
 10
1.973074
 20
3.501647
  0
VERTEX
  8
gto
 10
1.965964
 20
3.523487
  0
VERTEX
  8
gto
 10
1.954784
 20
3.537717
  0
VERTEX
  8
gto
 10
1.947674
 20
3.560067
  0
VERTEX
  8
gto
 10
1.936494
 20
3.574287
  0
VERTEX
  8
gto
 10
1.929384
 20
3.596647
  0
VERTEX
  8
gto
 10
1.918204
 20
3.610867
  0
VERTEX
  8
gto
 10
1.911094
 20
3.632707
  0
VERTEX
  8
gto
 10
1.899924
 20
3.647447
  0
VERTEX
  8
gto
 10
1.892804
 20
3.669287
  0
VERTEX
  8
gto
 10
1.882144
 20
3.683507
  0
VERTEX
  8
gto
 10
1.874524
 20
3.705867
  0
VERTEX
  8
gto
 10
1.863854
 20
3.720087
  0
VERTEX
  8
gto
 10
1.856234
 20
3.742437
  0
VERTEX
  8
gto
 10
1.845564
 20
3.756668
  0
VERTEX
  8
gto
 10
1.838454
 20
3.778508
  0
VERTEX
  8
gto
 10
1.827274
 20
3.793238
  0
VERTEX
  8
gto
 10
1.820164
 20
3.815088
  0
VERTEX
  8
gto
 10
1.808984
 20
3.829308
  0
VERTEX
  8
gto
 10
1.801874
 20
3.851658
  0
VERTEX
  8
gto
 10
1.790704
 20
3.865888
  0
VERTEX
  8
gto
 10
1.783584
 20
3.888238
  0
VERTEX
  8
gto
 10
1.772414
 20
3.902458
  0
VERTEX
  8
gto
 10
1.765304
 20
3.924308
  0
VERTEX
  8
gto
 10
1.754124
 20
3.939038
  0
VERTEX
  8
gto
 10
1.747013
 20
3.960878
  0
VERTEX
  8
gto
 10
1.735833
 20
3.975108
  0
VERTEX
  8
gto
 10
1.728723
 20
3.997458
  0
VERTEX
  8
gto
 10
1.718053
 20
4.011678
  0
VERTEX
  8
gto
 10
1.710433
 20
4.034028
  0
VERTEX
  8
gto
 10
1.699763
 20
4.048258
  0
VERTEX
  8
gto
 10
1.692653
 20
4.070098
  0
VERTEX
  8
gto
 10
1.681483
 20
4.084828
  0
VERTEX
  8
gto
 10
1.674363
 20
4.106678
  0
VERTEX
  8
gto
 10
1.663193
 20
4.120898
  0
VERTEX
  8
gto
 10
1.656083
 20
4.143248
  0
VERTEX
  8
gto
 10
1.644903
 20
4.157478
  0
VERTEX
  8
gto
 10
1.637793
 20
4.179828
  0
VERTEX
  8
gto
 10
1.626613
 20
4.194048
  0
VERTEX
  8
gto
 10
1.619503
 20
4.215898
  0
VERTEX
  8
gto
 10
1.608323
 20
4.230628
  0
VERTEX
  8
gto
 10
1.601213
 20
4.252469
  0
VERTEX
  8
gto
 10
1.590043
 20
4.266699
  0
VERTEX
  8
gto
 10
1.582923
 20
4.289049
  0
VERTEX
  8
gto
 10
1.571753
 20
4.303269
  0
VERTEX
  8
gto
 10
1.564643
 20
4.326129
  0
VERTEX
  8
gto
 10
1.556003
 20
4.334259
  0
VERTEX
  8
gto
 10
1.547363
 20
4.350009
  0
VERTEX
  8
gto
 10
1.533653
 20
4.356609
  0
VERTEX
  8
gto
 10
1.524503
 20
4.365249
  0
VERTEX
  8
gto
 10
1.511303
 20
4.368809
  0
SEQEND
  8
gto
  0
POLYLINE
  8
gto
 62
1
 40
0.000000
 41
0.000000
 66
  1
  0
VERTEX
  8
gto
 10
1.487933
 20
3.641347
  0
VERTEX
  8
gto
 10
1.471673
 20
3.636777
  0
VERTEX
  8
gto
 10
1.461513
 20
3.627127
  0
VERTEX
  8
gto
 10
1.448813
 20
3.621537
  0
VERTEX
  8
gto
 10
1.440183
 20
3.603247
  0
VERTEX
  8
gto
 10
1.434083
 20
3.600197
  0
VERTEX
  8
gto
 10
1.430023
 20
3.582417
  0
VERTEX
  8
gto
 10
1.430023
 20
2.977896
  0
VERTEX
  8
gto
 10
1.434083
 20
2.960626
  0
VERTEX
  8
gto
 10
1.440183
 20
2.957066
  0
VERTEX
  8
gto
 10
1.448813
 20
2.938786
  0
VERTEX
  8
gto
 10
1.461513
 20
2.933196
  0
VERTEX
  8
gto
 10
1.471673
 20
2.924046
  0
VERTEX
  8
gto
 10
1.489453
 20
2.918966
  0
VERTEX
  8
gto
 10
1.507743
 20
2.918966
  0
VERTEX
  8
gto
 10
1.525523
 20
2.924046
  0
VERTEX
  8
gto
 10
1.536193
 20
2.933196
  0
VERTEX
  8
gto
 10
1.548383
 20
2.938786
  0
VERTEX
  8
gto
 10
1.554983
 20
2.954026
  0
VERTEX
  8
gto
 10
1.563113
 20
2.962146
  0
VERTEX
  8
gto
 10
1.567183
 20
2.977896
  0
VERTEX
  8
gto
 10
1.567183
 20
3.582417
  0
VERTEX
  8
gto
 10
1.563113
 20
3.598167
  0
VERTEX
  8
gto
 10
1.554983
 20
3.606807
  0
VERTEX
  8
gto
 10
1.548383
 20
3.621537
  0
VERTEX
  8
gto
 10
1.536193
 20
3.627127
  0
VERTEX
  8
gto
 10
1.525523
 20
3.636777
  0
VERTEX
  8
gto
 10
1.507743
 20
3.641347
  0
SEQEND
  8
gto
  0
POLYLINE
  8
gto
 62
1
 40
0.000000
 41
0.000000
 66
  1
  0
VERTEX
  8
gto
 10
1.498093
 20
2.765046
  0
VERTEX
  8
gto
 10
1.472183
 20
2.761486
  0
VERTEX
  8
gto
 10
1.464053
 20
2.753366
  0
VERTEX
  8
gto
 10
1.448813
 20
2.746755
  0
VERTEX
  8
gto
 10
1.440683
 20
2.730505
  0
VERTEX
  8
gto
 10
1.433573
 20
2.725425
  0
VERTEX
  8
gto
 10
1.429003
 20
2.706115
  0
VERTEX
  8
gto
 10
1.429003
 20
2.687825
  0
VERTEX
  8
gto
 10
1.433573
 20
2.668525
  0
VERTEX
  8
gto
 10
1.440683
 20
2.663955
  0
VERTEX
  8
gto
 10
1.448813
 20
2.647185
  0
VERTEX
  8
gto
 10
1.464563
 20
2.640585
  0
VERTEX
  8
gto
 10
1.472693
 20
2.632965
  0
VERTEX
  8
gto
 10
1.484373
 20
2.629405
  0
VERTEX
  8
gto
 10
1.518923
 20
2.630935
  0
VERTEX
  8
gto
 10
1.532633
 20
2.640585
  0
VERTEX
  8
gto
 10
1.548383
 20
2.647185
  0
VERTEX
  8
gto
 10
1.553463
 20
2.659885
  0
VERTEX
  8
gto
 10
1.563623
 20
2.670045
  0
VERTEX
  8
gto
 10
1.568193
 20
2.687825
  0
VERTEX
  8
gto
 10
1.568193
 20
2.706115
  0
VERTEX
  8
gto
 10
1.563623
 20
2.723895
  0
VERTEX
  8
gto
 10
1.553973
 20
2.734565
  0
VERTEX
  8
gto
 10
1.548383
 20
2.746755
  0
VERTEX
  8
gto
 10
1.532633
 20
2.753866
  0
VERTEX
  8
gto
 10
1.524503
 20
2.761486
  0
VERTEX
  8
gto
 10
1.512823
 20
2.765046
  0
SEQEND
  8
gto
  0
POLYLINE
  8
gto
 62
1
 40
0.000000
 41
0.000000
 66
  1
  0
VERTEX
  8
gto
 10
2.462785
 20
24.358649
  0
VERTEX
  8
gto
 10
2.437895
 20
24.355089
  0
VERTEX
  8
gto
 10
2.428745
 20
24.346449
  0
VERTEX
  8
gto
 10
2.415035
 20
24.339849
  0
VERTEX
  8
gto
 10
2.406395
 20
24.324099
  0
VERTEX
  8
gto
 10
2.398265
 20
24.315969
  0
VERTEX
  8
gto
 10
2.389635
 20
24.290569
  0
VERTEX
  8
gto
 10
2.379475
 20
24.279399
  0
VERTEX
  8
gto
 10
2.371345
 20
24.253999
  0
VERTEX
  8
gto
 10
2.361695
 20
24.242818
  0
VERTEX
  8
gto
 10
2.353055
 20
24.217418
  0
VERTEX
  8
gto
 10
2.343405
 20
24.206748
  0
VERTEX
  8
gto
 10
2.334765
 20
24.181348
  0
VERTEX
  8
gto
 10
2.325115
 20
24.170178
  0
VERTEX
  8
gto
 10
2.316485
 20
24.144778
  0
VERTEX
  8
gto
 10
2.306825
 20
24.133598
  0
VERTEX
  8
gto
 10
2.298195
 20
24.108198
  0
VERTEX
  8
gto
 10
2.288545
 20
24.097028
  0
VERTEX
  8
gto
 10
2.279905
 20
24.071628
  0
VERTEX
  8
gto
 10
2.270255
 20
24.060958
  0
VERTEX
  8
gto
 10
2.261615
 20
24.035558
  0
VERTEX
  8
gto
 10
2.251965
 20
24.024378
  0
VERTEX
  8
gto
 10
2.243324
 20
23.998978
  0
VERTEX
  8
gto
 10
2.233674
 20
23.987808
  0
VERTEX
  8
gto
 10
2.225044
 20
23.962408
  0
VERTEX
  8
gto
 10
2.215384
 20
23.951228
  0
VERTEX
  8
gto
 10
2.207254
 20
23.925828
  0
VERTEX
  8
gto
 10
2.197604
 20
23.915158
  0
VERTEX
  8
gto
 10
2.188974
 20
23.889758
  0
VERTEX
  8
gto
 10
2.179324
 20
23.878588
  0
VERTEX
  8
gto
 10
2.170684
 20
23.853188
  0
VERTEX
  8
gto
 10
2.161034
 20
23.842008
  0
VERTEX
  8
gto
 10
2.152394
 20
23.816608
  0
VERTEX
  8
gto
 10
2.142744
 20
23.805428
  0
VERTEX
  8
gto
 10
2.134104
 20
23.780028
  0
VERTEX
  8
gto
 10
2.124454
 20
23.769368
  0
VERTEX
  8
gto
 10
2.115824
 20
23.743967
  0
VERTEX
  8
gto
 10
2.106164
 20
23.732787
  0
VERTEX
  8
gto
 10
2.097534
 20
23.707387
  0
VERTEX
  8
gto
 10
2.087884
 20
23.696207
  0
VERTEX
  8
gto
 10
2.079244
 20
23.670807
  0
VERTEX
  8
gto
 10
2.069594
 20
23.659637
  0
VERTEX
  8
gto
 10
2.060954
 20
23.634237
  0
VERTEX
  8
gto
 10
2.051304
 20
23.623567
  0
VERTEX
  8
gto
 10
2.044194
 20
23.600707
  0
VERTEX
  8
gto
 10
2.034034
 20
23.587497
  0
VERTEX
  8
gto
 10
2.024384
 20
23.561087
  0
VERTEX
  8
gto
 10
2.015234
 20
23.550417
  0
VERTEX
  8
gto
 10
2.006604
 20
23.525017
  0
VERTEX
  8
gto
 10
1.996944
 20
23.513837
  0
VERTEX
  8
gto
 10
1.988314
 20
23.488437
  0
VERTEX
  8
gto
 10
1.978664
 20
23.477767
  0
VERTEX
  8
gto
 10
1.970024
 20
23.452367
  0
VERTEX
  8
gto
 10
1.960374
 20
23.441197
  0
VERTEX
  8
gto
 10
1.951734
 20
23.415797
  0
VERTEX
  8
gto
 10
1.942084
 20
23.404617
  0
VERTEX
  8
gto
 10
1.933444
 20
23.379217
  0
VERTEX
  8
gto
 10
1.923794
 20
23.368047
  0
VERTEX
  8
gto
 10
1.915164
 20
23.342647
  0
VERTEX
  8
gto
 10
1.905504
 20
23.331977
  0
VERTEX
  8
gto
 10
1.896874
 20
23.306577
  0
VERTEX
  8
gto
 10
1.887224
 20
23.295397
  0
VERTEX
  8
gto
 10
1.879094
 20
23.269997
  0
VERTEX
  8
gto
 10
1.869444
 20
23.258827
  0
VERTEX
  8
gto
 10
1.860804
 20
23.233426
  0
VERTEX
  8
gto
 10
1.851154
 20
23.222246
  0
VERTEX
  8
gto
 10
1.842514
 20
23.196846
  0
VERTEX
  8
gto
 10
1.832864
 20
23.186176
  0
VERTEX
  8
gto
 10
1.824224
 20
23.160776
  0
VERTEX
  8
gto
 10
1.814574
 20
23.149606
  0
VERTEX
  8
gto
 10
1.805944
 20
23.124206
  0
VERTEX
  8
gto
 10
1.796284
 20
23.113026
  0
VERTEX
  8
gto
 10
1.787654
 20
23.087626
  0
VERTEX
  8
gto
 10
1.778004
 20
23.076446
  0
VERTEX
  8
gto
 10
1.769364
 20
23.051046
  0
VERTEX
  8
gto
 10
1.759714
 20
23.040386
  0
VERTEX
  8
gto
 10
1.751074
 20
23.014986
  0
VERTEX
  8
gto
 10
1.741423
 20
23.003806
  0
VERTEX
  8
gto
 10
1.732783
 20
22.978406
  0
VERTEX
  8
gto
 10
1.723133
 20
22.967226
  0
VERTEX
  8
gto
 10
1.715003
 20
22.941826
  0
VERTEX
  8
gto
 10
1.704843
 20
22.930656
  0
VERTEX
  8
gto
 10
1.697733
 20
22.908306
  0
VERTEX
  8
gto
 10
1.687573
 20
22.895096
  0
VERTEX
  8
gto
 10
1.677923
 20
22.868676
  0
VERTEX
  8
gto
 10
1.668783
 20
22.858006
  0
VERTEX
  8
gto
 10
1.660143
 20
22.832606
  0
VERTEX
  8
gto
 10
1.650493
 20
22.821436
  0
VERTEX
  8
gto
 10
1.641853
 20
22.796036
  0
VERTEX
  8
gto
 10
1.632203
 20
22.784856
  0
VERTEX
  8
gto
 10
1.623563
 20
22.759456
  0
VERTEX
  8
gto
 10
1.613913
 20
22.748785
  0
VERTEX
  8
gto
 10
1.606293
 20
22.725925
  0
VERTEX
  8
gto
 10
1.596133
 20
22.712725
  0
VERTEX
  8
gto
 10
1.586993
 20
22.686305
  0
VERTEX
  8
gto
 10
1.577343
 20
22.675635
  0
VERTEX
  8
gto
 10
1.568703
 20
22.650235
  0
VERTEX
  8
gto
 10
1.559053
 20
22.639065
  0
VERTEX
  8
gto
 10
1.550923
 20
22.613665
  0
VERTEX
  8
gto
 10
1.541273
 20
22.602995
  0
VERTEX
  8
gto
 10
1.532633
 20
22.577595
  0
VERTEX
  8
gto
 10
1.522983
 20
22.566415
  0
VERTEX
  8
gto
 10
1.514343
 20
22.541015
  0
VERTEX
  8
gto
 10
1.504693
 20
22.529845
  0
VERTEX
  8
gto
 10
1.496063
 20
22.504445
  0
VERTEX
  8
gto
 10
1.486403
 20
22.493265
  0
VERTEX
  8
gto
 10
1.480693
 20
22.477005
  0
VERTEX
  8
gto
 10
1.635253
 20
22.477005
  0
VERTEX
  8
gto
 10
1.644903
 20
22.505455
  0
VERTEX
  8
gto
 10
1.654553
 20
22.515615
  0
VERTEX
  8
gto
 10
1.662173
 20
22.538475
  0
VERTEX
  8
gto
 10
1.672843
 20
22.553205
  0
VERTEX
  8
gto
 10
1.680463
 20
22.575055
  0
VERTEX
  8
gto
 10
1.691133
 20
22.589785
  0
VERTEX
  8
gto
 10
1.698243
 20
22.611625
  0
VERTEX
  8
gto
 10
1.709423
 20
22.625855
  0
VERTEX
  8
gto
 10
1.716533
 20
22.648205
  0
VERTEX
  8
gto
 10
1.727703
 20
22.662425
  0
VERTEX
  8
gto
 10
1.734823
 20
22.684275
  0
VERTEX
  8
gto
 10
1.745993
 20
22.699005
  0
VERTEX
  8
gto
 10
1.753104
 20
22.720845
  0
VERTEX
  8
gto
 10
1.764284
 20
22.735585
  0
VERTEX
  8
gto
 10
1.771394
 20
22.757426
  0
VERTEX
  8
gto
 10
1.782574
 20
22.771646
  0
VERTEX
  8
gto
 10
1.789684
 20
22.794006
  0
VERTEX
  8
gto
 10
1.800864
 20
22.808226
  0
VERTEX
  8
gto
 10
1.807974
 20
22.830066
  0
VERTEX
  8
gto
 10
1.819144
 20
22.844806
  0
VERTEX
  8
gto
 10
1.826264
 20
22.866646
  0
VERTEX
  8
gto
 10
1.836924
 20
22.881376
  0
VERTEX
  8
gto
 10
1.844544
 20
22.903226
  0
VERTEX
  8
gto
 10
1.855214
 20
22.917446
  0
VERTEX
  8
gto
 10
1.862324
 20
22.939796
  0
VERTEX
  8
gto
 10
1.873504
 20
22.954026
  0
VERTEX
  8
gto
 10
1.880614
 20
22.975866
  0
VERTEX
  8
gto
 10
1.891794
 20
22.990596
  0
VERTEX
  8
gto
 10
1.898904
 20
23.012446
  0
VERTEX
  8
gto
 10
1.910084
 20
23.027176
  0
VERTEX
  8
gto
 10
1.917194
 20
23.049016
  0
VERTEX
  8
gto
 10
1.928364
 20
23.063246
  0
VERTEX
  8
gto
 10
1.935484
 20
23.085596
  0
VERTEX
  8
gto
 10
1.946654
 20
23.099816
  0
VERTEX
  8
gto
 10
1.953764
 20
23.121666
  0
VERTEX
  8
gto
 10
1.964944
 20
23.136396
  0
VERTEX
  8
gto
 10
1.972054
 20
23.158236
  0
VERTEX
  8
gto
 10
1.983234
 20
23.172966
  0
VERTEX
  8
gto
 10
1.990344
 20
23.194816
  0
VERTEX
  8
gto
 10
2.001014
 20
23.209036
  0
VERTEX
  8
gto
 10
2.008634
 20
23.231386
  0
VERTEX
  8
gto
 10
2.019304
 20
23.245616
  0
VERTEX
  8
gto
 10
2.026414
 20
23.267457
  0
VERTEX
  8
gto
 10
2.037584
 20
23.282187
  0
VERTEX
  8
gto
 10
2.044704
 20
23.304037
  0
VERTEX
  8
gto
 10
2.055874
 20
23.318767
  0
VERTEX
  8
gto
 10
2.062984
 20
23.340607
  0
VERTEX
  8
gto
 10
2.074164
 20
23.354837
  0
VERTEX
  8
gto
 10
2.081274
 20
23.377187
  0
VERTEX
  8
gto
 10
2.092454
 20
23.391407
  0
VERTEX
  8
gto
 10
2.099564
 20
23.413257
  0
VERTEX
  8
gto
 10
2.110744
 20
23.427987
  0
VERTEX
  8
gto
 10
2.117854
 20
23.449827
  0
VERTEX
  8
gto
 10
2.129024
 20
23.464567
  0
VERTEX
  8
gto
 10
2.136144
 20
23.486407
  0
VERTEX
  8
gto
 10
2.147314
 20
23.500627
  0
VERTEX
  8
gto
 10
2.154424
 20
23.522987
  0
VERTEX
  8
gto
 10
2.165094
 20
23.537207
  0
VERTEX
  8
gto
 10
2.172714
 20
23.559047
  0
VERTEX
  8
gto
 10
2.183384
 20
23.573787
  0
VERTEX
  8
gto
 10
2.191004
 20
23.595627
  0
VERTEX
  8
gto
 10
2.201674
 20
23.609847
  0
VERTEX
  8
gto
 10
2.208784
 20
23.632207
  0
VERTEX
  8
gto
 10
2.219964
 20
23.646427
  0
VERTEX
  8
gto
 10
2.227074
 20
23.668777
  0
VERTEX
  8
gto
 10
2.238244
 20
23.683007
  0
VERTEX
  8
gto
 10
2.245364
 20
23.704847
  0
VERTEX
  8
gto
 10
2.256535
 20
23.719577
  0
VERTEX
  8
gto
 10
2.263645
 20
23.741427
  0
VERTEX
  8
gto
 10
2.274825
 20
23.756158
  0
VERTEX
  8
gto
 10
2.281935
 20
23.777998
  0
VERTEX
  8
gto
 10
2.293115
 20
23.792228
  0
VERTEX
  8
gto
 10
2.300225
 20
23.814578
  0
VERTEX
  8
gto
 10
2.311405
 20
23.828798
  0
VERTEX
  8
gto
 10
2.318515
 20
23.850648
  0
VERTEX
  8
gto
 10
2.329175
 20
23.865378
  0
VERTEX
  8
gto
 10
2.336795
 20
23.887218
  0
VERTEX
  8
gto
 10
2.347465
 20
23.901948
  0
VERTEX
  8
gto
 10
2.354585
 20
23.923798
  0
VERTEX
  8
gto
 10
2.365755
 20
23.938018
  0
VERTEX
  8
gto
 10
2.372865
 20
23.960368
  0
VERTEX
  8
gto
 10
2.384045
 20
23.974598
  0
VERTEX
  8
gto
 10
2.391155
 20
23.996438
  0
VERTEX
  8
gto
 10
2.402335
 20
24.011168
  0
VERTEX
  8
gto
 10
2.409445
 20
24.033018
  0
VERTEX
  8
gto
 10
2.420625
 20
24.047748
  0
VERTEX
  8
gto
 10
2.427735
 20
24.069588
  0
VERTEX
  8
gto
 10
2.438905
 20
24.084328
  0
VERTEX
  8
gto
 10
2.445515
 20
24.105148
  0
VERTEX
  8
gto
 10
2.450595
 20
24.114808
  0
VERTEX
  8
gto
 10
2.474975
 20
24.116838
  0
VERTEX
  8
gto
 10
2.481585
 20
24.107688
  0
VERTEX
  8
gto
 10
2.488695
 20
24.083818
  0
VERTEX
  8
gto
 10
2.498855
 20
24.072128
  0
VERTEX
  8
gto
 10
2.507485
 20
24.046728
  0
VERTEX
  8
gto
 10
2.517145
 20
24.035558
  0
VERTEX
  8
gto
 10
2.525775
 20
24.010158
  0
VERTEX
  8
gto
 10
2.535425
 20
23.999488
  0
VERTEX
  8
gto
 10
2.543555
 20
23.974088
  0
VERTEX
  8
gto
 10
2.553715
 20
23.962908
  0
VERTEX
  8
gto
 10
2.561845
 20
23.937508
  0
VERTEX
  8
gto
 10
2.571495
 20
23.926338
  0
VERTEX
  8
gto
 10
2.580135
 20
23.900938
  0
VERTEX
  8
gto
 10
2.589785
 20
23.889758
  0
VERTEX
  8
gto
 10
2.598425
 20
23.864358
  0
VERTEX
  8
gto
 10
2.608075
 20
23.853688
  0
VERTEX
  8
gto
 10
2.616705
 20
23.828288
  0
VERTEX
  8
gto
 10
2.626365
 20
23.817118
  0
VERTEX
  8
gto
 10
2.634995
 20
23.791718
  0
VERTEX
  8
gto
 10
2.644645
 20
23.780538
  0
VERTEX
  8
gto
 10
2.653285
 20
23.755138
  0
VERTEX
  8
gto
 10
2.662935
 20
23.743967
  0
VERTEX
  8
gto
 10
2.671575
 20
23.718567
  0
VERTEX
  8
gto
 10
2.681225
 20
23.707897
  0
VERTEX
  8
gto
 10
2.689865
 20
23.682497
  0
VERTEX
  8
gto
 10
2.699005
 20
23.671827
  0
VERTEX
  8
gto
 10
2.708145
 20
23.645407
  0
VERTEX
  8
gto
 10
2.718815
 20
23.632207
  0
VERTEX
  8
gto
 10
2.725925
 20
23.609347
  0
VERTEX
  8
gto
 10
2.735585
 20
23.598167
  0
VERTEX
  8
gto
 10
2.744215
 20
23.572767
  0
VERTEX
  8
gto
 10
2.753866
 20
23.562097
  0
VERTEX
  8
gto
 10
2.762506
 20
23.536697
  0
VERTEX
  8
gto
 10
2.772156
 20
23.525527
  0
VERTEX
  8
gto
 10
2.780796
 20
23.500127
  0
VERTEX
  8
gto
 10
2.790446
 20
23.488947
  0
VERTEX
  8
gto
 10
2.799086
 20
23.463547
  0
VERTEX
  8
gto
 10
2.808736
 20
23.452367
  0
VERTEX
  8
gto
 10
2.817366
 20
23.426967
  0
VERTEX
  8
gto
 10
2.827026
 20
23.416307
  0
VERTEX
  8
gto
 10
2.835656
 20
23.390907
  0
VERTEX
  8
gto
 10
2.845306
 20
23.379727
  0
VERTEX
  8
gto
 10
2.853946
 20
23.354327
  0
VERTEX
  8
gto
 10
2.863596
 20
23.343147
  0
VERTEX
  8
gto
 10
2.871726
 20
23.317747
  0
VERTEX
  8
gto
 10
2.881886
 20
23.306577
  0
VERTEX
  8
gto
 10
2.890016
 20
23.281177
  0
VERTEX
  8
gto
 10
2.899666
 20
23.270507
  0
VERTEX
  8
gto
 10
2.908306
 20
23.245106
  0
VERTEX
  8
gto
 10
2.917956
 20
23.233926
  0
VERTEX
  8
gto
 10
2.926586
 20
23.208526
  0
VERTEX
  8
gto
 10
2.936246
 20
23.197356
  0
VERTEX
  8
gto
 10
2.944876
 20
23.171956
  0
VERTEX
  8
gto
 10
2.954526
 20
23.160776
  0
VERTEX
  8
gto
 10
2.963166
 20
23.135376
  0
VERTEX
  8
gto
 10
2.972816
 20
23.124706
  0
VERTEX
  8
gto
 10
2.981456
 20
23.099306
  0
VERTEX
  8
gto
 10
2.991106
 20
23.088136
  0
VERTEX
  8
gto
 10
2.999746
 20
23.062736
  0
VERTEX
  8
gto
 10
3.009396
 20
23.051556
  0
VERTEX
  8
gto
 10
3.018026
 20
23.026156
  0
VERTEX
  8
gto
 10
3.027686
 20
23.014986
  0
VERTEX
  8
gto
 10
3.035806
 20
22.989586
  0
VERTEX
  8
gto
 10
3.045466
 20
22.978916
  0
VERTEX
  8
gto
 10
3.054606
 20
22.953006
  0
VERTEX
  8
gto
 10
3.065276
 20
22.939796
  0
VERTEX
  8
gto
 10
3.072386
 20
22.916936
  0
VERTEX
  8
gto
 10
3.082036
 20
22.905766
  0
VERTEX
  8
gto
 10
3.090676
 20
22.880366
  0
VERTEX
  8
gto
 10
3.100326
 20
22.869186
  0
VERTEX
  8
gto
 10
3.108966
 20
22.843786
  0
VERTEX
  8
gto
 10
3.118616
 20
22.833116
  0
VERTEX
  8
gto
 10
3.127246
 20
22.807716
  0
VERTEX
  8
gto
 10
3.136906
 20
22.796546
  0
VERTEX
  8
gto
 10
3.145536
 20
22.771146
  0
VERTEX
  8
gto
 10
3.155186
 20
22.759966
  0
VERTEX
  8
gto
 10
3.163826
 20
22.734565
  0
VERTEX
  8
gto
 10
3.173476
 20
22.723385
  0
VERTEX
  8
gto
 10
3.182116
 20
22.697985
  0
VERTEX
  8
gto
 10
3.191256
 20
22.687325
  0
VERTEX
  8
gto
 10
3.200906
 20
22.661415
  0
VERTEX
  8
gto
 10
3.211066
 20
22.648205
  0
VERTEX
  8
gto
 10
3.218186
 20
22.625345
  0
VERTEX
  8
gto
 10
3.227836
 20
22.614165
  0
VERTEX
  8
gto
 10
3.236466
 20
22.588765
  0
VERTEX
  8
gto
 10
3.246126
 20
22.577595
  0
VERTEX
  8
gto
 10
3.254757
 20
22.552195
  0
VERTEX
  8
gto
 10
3.264407
 20
22.541525
  0
VERTEX
  8
gto
 10
3.273047
 20
22.516125
  0
VERTEX
  8
gto
 10
3.282697
 20
22.504945
  0
VERTEX
  8
gto
 10
3.292347
 20
22.477005
  0
VERTEX
  8
gto
 10
3.287267
 20
22.469895
  0
VERTEX
  8
gto
 10
3.277617
 20
22.464815
  0
VERTEX
  8
gto
 10
1.649983
 20
22.464815
  0
VERTEX
  8
gto
 10
1.640333
 20
22.469895
  0
VERTEX
  8
gto
 10
1.635253
 20
22.477005
  0
VERTEX
  8
gto
 10
1.480693
 20
22.477005
  0
VERTEX
  8
gto
 10
1.477773
 20
22.467865
  0
VERTEX
  8
gto
 10
1.468123
 20
22.457195
  0
VERTEX
  8
gto
 10
1.458973
 20
22.430275
  0
VERTEX
  8
gto
 10
1.451353
 20
22.421125
  0
VERTEX
  8
gto
 10
1.447803
 20
22.407925
  0
VERTEX
  8
gto
 10
1.447803
 20
22.383025
  0
VERTEX
  8
gto
 10
1.451353
 20
22.369825
  0
VERTEX
  8
gto
 10
1.458973
 20
22.361185
  0
VERTEX
  8
gto
 10
1.467103
 20
22.346455
  0
VERTEX
  8
gto
 10
1.480823
 20
22.339845
  0
VERTEX
  8
gto
 10
1.489963
 20
22.331215
  0
VERTEX
  8
gto
 10
1.506723
 20
22.326645
  0
VERTEX
  8
gto
 10
3.420877
 20
22.326645
  0
VERTEX
  8
gto
 10
3.437637
 20
22.331215
  0
VERTEX
  8
gto
 10
3.446787
 20
22.339845
  0
VERTEX
  8
gto
 10
3.461007
 20
22.346455
  0
VERTEX
  8
gto
 10
3.467607
 20
22.360165
  0
VERTEX
  8
gto
 10
3.476247
 20
22.369825
  0
VERTEX
  8
gto
 10
3.479807
 20
22.383025
  0
VERTEX
  8
gto
 10
3.479807
 20
22.407925
  0
VERTEX
  8
gto
 10
3.476247
 20
22.421125
  0
VERTEX
  8
gto
 10
3.468627
 20
22.430275
  0
VERTEX
  8
gto
 10
3.459987
 20
22.456185
  0
VERTEX
  8
gto
 10
3.448817
 20
22.470915
  0
VERTEX
  8
gto
 10
3.441707
 20
22.492755
  0
VERTEX
  8
gto
 10
3.430527
 20
22.506985
  0
VERTEX
  8
gto
 10
3.423417
 20
22.529335
  0
VERTEX
  8
gto
 10
3.412237
 20
22.543555
  0
VERTEX
  8
gto
 10
3.405127
 20
22.565405
  0
VERTEX
  8
gto
 10
3.393947
 20
22.580135
  0
VERTEX
  8
gto
 10
3.386837
 20
22.601975
  0
VERTEX
  8
gto
 10
3.375667
 20
22.616705
  0
VERTEX
  8
gto
 10
3.368547
 20
22.638555
  0
VERTEX
  8
gto
 10
3.357377
 20
22.652775
  0
VERTEX
  8
gto
 10
3.350267
 20
22.675125
  0
VERTEX
  8
gto
 10
3.339597
 20
22.689355
  0
VERTEX
  8
gto
 10
3.331977
 20
22.711705
  0
VERTEX
  8
gto
 10
3.321307
 20
22.725925
  0
VERTEX
  8
gto
 10
3.314197
 20
22.747775
  0
VERTEX
  8
gto
 10
3.303017
 20
22.762506
  0
VERTEX
  8
gto
 10
3.295907
 20
22.784346
  0
VERTEX
  8
gto
 10
3.284727
 20
22.798576
  0
VERTEX
  8
gto
 10
3.277617
 20
22.820926
  0
VERTEX
  8
gto
 10
3.266447
 20
22.835146
  0
VERTEX
  8
gto
 10
3.259327
 20
22.857506
  0
VERTEX
  8
gto
 10
3.248156
 20
22.871726
  0
VERTEX
  8
gto
 10
3.241046
 20
22.893566
  0
VERTEX
  8
gto
 10
3.229866
 20
22.908306
  0
VERTEX
  8
gto
 10
3.222756
 20
22.930146
  0
VERTEX
  8
gto
 10
3.211576
 20
22.944366
  0
VERTEX
  8
gto
 10
3.204466
 20
22.966726
  0
VERTEX
  8
gto
 10
3.193286
 20
22.980946
  0
VERTEX
  8
gto
 10
3.186176
 20
23.003296
  0
VERTEX
  8
gto
 10
3.175506
 20
23.017526
  0
VERTEX
  8
gto
 10
3.167886
 20
23.039366
  0
VERTEX
  8
gto
 10
3.157226
 20
23.054096
  0
VERTEX
  8
gto
 10
3.149606
 20
23.075946
  0
VERTEX
  8
gto
 10
3.138936
 20
23.090166
  0
VERTEX
  8
gto
 10
3.131826
 20
23.112516
  0
VERTEX
  8
gto
 10
3.120646
 20
23.126746
  0
VERTEX
  8
gto
 10
3.113536
 20
23.149096
  0
VERTEX
  8
gto
 10
3.102356
 20
23.163316
  0
VERTEX
  8
gto
 10
3.095246
 20
23.185166
  0
VERTEX
  8
gto
 10
3.084066
 20
23.199896
  0
VERTEX
  8
gto
 10
3.076956
 20
23.221736
  0
VERTEX
  8
gto
 10
3.065786
 20
23.235966
  0
VERTEX
  8
gto
 10
3.058666
 20
23.258317
  0
VERTEX
  8
gto
 10
3.047496
 20
23.272537
  0
VERTEX
  8
gto
 10
3.040386
 20
23.294887
  0
VERTEX
  8
gto
 10
3.029206
 20
23.309117
  0
VERTEX
  8
gto
 10
3.022096
 20
23.330957
  0
VERTEX
  8
gto
 10
3.011426
 20
23.345687
  0
VERTEX
  8
gto
 10
3.003806
 20
23.367537
  0
VERTEX
  8
gto
 10
2.993136
 20
23.381757
  0
VERTEX
  8
gto
 10
2.985516
 20
23.404107
  0
VERTEX
  8
gto
 10
2.974846
 20
23.418337
  0
VERTEX
  8
gto
 10
2.967736
 20
23.440687
  0
VERTEX
  8
gto
 10
2.956566
 20
23.454907
  0
VERTEX
  8
gto
 10
2.949446
 20
23.476757
  0
VERTEX
  8
gto
 10
2.938276
 20
23.491487
  0
VERTEX
  8
gto
 10
2.931166
 20
23.513327
  0
VERTEX
  8
gto
 10
2.919986
 20
23.527557
  0
VERTEX
  8
gto
 10
2.912876
 20
23.549907
  0
VERTEX
  8
gto
 10
2.901696
 20
23.564127
  0
VERTEX
  8
gto
 10
2.894586
 20
23.586487
  0
VERTEX
  8
gto
 10
2.883406
 20
23.600707
  0
VERTEX
  8
gto
 10
2.876296
 20
23.622547
  0
VERTEX
  8
gto
 10
2.865126
 20
23.637287
  0
VERTEX
  8
gto
 10
2.858006
 20
23.659127
  0
VERTEX
  8
gto
 10
2.846836
 20
23.673347
  0
VERTEX
  8
gto
 10
2.839726
 20
23.695707
  0
VERTEX
  8
gto
 10
2.829056
 20
23.709927
  0
VERTEX
  8
gto
 10
2.821436
 20
23.732277
  0
VERTEX
  8
gto
 10
2.810766
 20
23.746507
  0
VERTEX
  8
gto
 10
2.803656
 20
23.768348
  0
VERTEX
  8
gto
 10
2.792476
 20
23.783078
  0
VERTEX
  8
gto
 10
2.785366
 20
23.804928
  0
VERTEX
  8
gto
 10
2.774186
 20
23.819148
  0
VERTEX
  8
gto
 10
2.767076
 20
23.841498
  0
VERTEX
  8
gto
 10
2.755906
 20
23.855728
  0
VERTEX
  8
gto
 10
2.748785
 20
23.878078
  0
VERTEX
  8
gto
 10
2.737615
 20
23.892298
  0
VERTEX
  8
gto
 10
2.730505
 20
23.914148
  0
VERTEX
  8
gto
 10
2.719325
 20
23.928878
  0
VERTEX
  8
gto
 10
2.712215
 20
23.950718
  0
VERTEX
  8
gto
 10
2.701035
 20
23.964948
  0
VERTEX
  8
gto
 10
2.693925
 20
23.987298
  0
VERTEX
  8
gto
 10
2.683255
 20
24.001518
  0
VERTEX
  8
gto
 10
2.675635
 20
24.023868
  0
VERTEX
  8
gto
 10
2.664965
 20
24.038098
  0
VERTEX
  8
gto
 10
2.657345
 20
24.059938
  0
VERTEX
  8
gto
 10
2.646685
 20
24.074668
  0
VERTEX
  8
gto
 10
2.639565
 20
24.096518
  0
VERTEX
  8
gto
 10
2.628395
 20
24.110738
  0
VERTEX
  8
gto
 10
2.621285
 20
24.133088
  0
VERTEX
  8
gto
 10
2.610105
 20
24.147318
  0
VERTEX
  8
gto
 10
2.602995
 20
24.169668
  0
VERTEX
  8
gto
 10
2.591815
 20
24.183888
  0
VERTEX
  8
gto
 10
2.584705
 20
24.205738
  0
VERTEX
  8
gto
 10
2.573525
 20
24.220468
  0
VERTEX
  8
gto
 10
2.566415
 20
24.242308
  0
VERTEX
  8
gto
 10
2.555245
 20
24.256539
  0
VERTEX
  8
gto
 10
2.548125
 20
24.278889
  0
VERTEX
  8
gto
 10
2.536955
 20
24.293109
  0
VERTEX
  8
gto
 10
2.529845
 20
24.315969
  0
VERTEX
  8
gto
 10
2.521205
 20
24.324099
  0
VERTEX
  8
gto
 10
2.512565
 20
24.339849
  0
VERTEX
  8
gto
 10
2.498855
 20
24.346449
  0
VERTEX
  8
gto
 10
2.489705
 20
24.355089
  0
VERTEX
  8
gto
 10
2.475995
 20
24.358649
  0
SEQEND
  8
gto
  0
POLYLINE
  8
gto
 62
1
 40
0.000000
 41
0.000000
 66
  1
  0
VERTEX
  8
gto
 10
2.453135
 20
23.631187
  0
VERTEX
  8
gto
 10
2.436875
 20
23.626617
  0
VERTEX
  8
gto
 10
2.426715
 20
23.616967
  0
VERTEX
  8
gto
 10
2.414015
 20
23.611377
  0
VERTEX
  8
gto
 10
2.405385
 20
23.593087
  0
VERTEX
  8
gto
 10
2.399285
 20
23.590037
  0
VERTEX
  8
gto
 10
2.395215
 20
23.572257
  0
VERTEX
  8
gto
 10
2.395215
 20
22.967736
  0
VERTEX
  8
gto
 10
2.399285
 20
22.950466
  0
VERTEX
  8
gto
 10
2.405385
 20
22.946906
  0
VERTEX
  8
gto
 10
2.414015
 20
22.928626
  0
VERTEX
  8
gto
 10
2.426715
 20
22.923036
  0
VERTEX
  8
gto
 10
2.436875
 20
22.913886
  0
VERTEX
  8
gto
 10
2.454655
 20
22.908806
  0
VERTEX
  8
gto
 10
2.472945
 20
22.908806
  0
VERTEX
  8
gto
 10
2.490725
 20
22.913886
  0
VERTEX
  8
gto
 10
2.500885
 20
22.923036
  0
VERTEX
  8
gto
 10
2.513585
 20
22.928626
  0
VERTEX
  8
gto
 10
2.520185
 20
22.943866
  0
VERTEX
  8
gto
 10
2.528315
 20
22.951986
  0
VERTEX
  8
gto
 10
2.532385
 20
22.967736
  0
VERTEX
  8
gto
 10
2.532385
 20
23.572257
  0
VERTEX
  8
gto
 10
2.528315
 20
23.588007
  0
VERTEX
  8
gto
 10
2.520185
 20
23.596647
  0
VERTEX
  8
gto
 10
2.513585
 20
23.611377
  0
VERTEX
  8
gto
 10
2.500885
 20
23.616967
  0
VERTEX
  8
gto
 10
2.490725
 20
23.626617
  0
VERTEX
  8
gto
 10
2.472945
 20
23.631187
  0
SEQEND
  8
gto
  0
POLYLINE
  8
gto
 62
1
 40
0.000000
 41
0.000000
 66
  1
  0
VERTEX
  8
gto
 10
2.463295
 20
22.754886
  0
VERTEX
  8
gto
 10
2.437385
 20
22.751326
  0
VERTEX
  8
gto
 10
2.429255
 20
22.743205
  0
VERTEX
  8
gto
 10
2.414015
 20
22.736595
  0
VERTEX
  8
gto
 10
2.405885
 20
22.720345
  0
VERTEX
  8
gto
 10
2.398775
 20
22.715265
  0
VERTEX
  8
gto
 10
2.394205
 20
22.695955
  0
VERTEX
  8
gto
 10
2.394205
 20
22.677665
  0
VERTEX
  8
gto
 10
2.398775
 20
22.658365
  0
VERTEX
  8
gto
 10
2.405885
 20
22.653795
  0
VERTEX
  8
gto
 10
2.414015
 20
22.637025
  0
VERTEX
  8
gto
 10
2.429765
 20
22.630425
  0
VERTEX
  8
gto
 10
2.437895
 20
22.622805
  0
VERTEX
  8
gto
 10
2.449575
 20
22.619245
  0
VERTEX
  8
gto
 10
2.478025
 20
22.619245
  0
VERTEX
  8
gto
 10
2.489705
 20
22.622805
  0
VERTEX
  8
gto
 10
2.497835
 20
22.630425
  0
VERTEX
  8
gto
 10
2.513585
 20
22.637025
  0
VERTEX
  8
gto
 10
2.518665
 20
22.649725
  0
VERTEX
  8
gto
 10
2.528825
 20
22.659885
  0
VERTEX
  8
gto
 10
2.533395
 20
22.677665
  0
VERTEX
  8
gto
 10
2.533395
 20
22.695955
  0
VERTEX
  8
gto
 10
2.528825
 20
22.713735
  0
VERTEX
  8
gto
 10
2.519175
 20
22.724405
  0
VERTEX
  8
gto
 10
2.513585
 20
22.736595
  0
VERTEX
  8
gto
 10
2.497835
 20
22.743705
  0
VERTEX
  8
gto
 10
2.489705
 20
22.751326
  0
VERTEX
  8
gto
 10
2.478025
 20
22.754886
  0
SEQEND
  8
gto
  0
POLYLINE
  8
gto
 62
1
 40
0.000000
 41
0.000000
 66
  1
  0
VERTEX
  8
gto
 10
21.816604
 20
19.057658
  0
VERTEX
  8
gto
 10
21.790704
 20
19.050038
  0
VERTEX
  8
gto
 10
21.773424
 20
19.037338
  0
VERTEX
  8
gto
 10
21.760224
 20
19.014978
  0
VERTEX
  8
gto
 10
21.755644
 20
18.994158
  0
VERTEX
  8
gto
 10
21.759204
 20
18.969768
  0
VERTEX
  8
gto
 10
21.770884
 20
18.948428
  0
VERTEX
  8
gto
 10
22.233164
 20
18.493777
  0
VERTEX
  8
gto
 10
21.770884
 20
18.031496
  0
VERTEX
  8
gto
 10
21.762764
 20
18.009646
  0
VERTEX
  8
gto
 10
21.763264
 20
17.985776
  0
VERTEX
  8
gto
 10
21.769364
 20
17.960876
  0
VERTEX
  8
gto
 10
21.775464
 20
17.950716
  0
VERTEX
  8
gto
 10
21.790704
 20
17.935476
  0
VERTEX
  8
gto
 10
21.808484
 20
17.926846
  0
VERTEX
  8
gto
 10
21.826264
 20
17.924816
  0
VERTEX
  8
gto
 10
21.846584
 20
17.930906
  0
VERTEX
  8
gto
 10
21.859784
 20
17.937516
  0
VERTEX
  8
gto
 10
22.352545
 20
18.437897
  0
VERTEX
  8
gto
 10
22.352545
 20
18.549657
  0
VERTEX
  8
gto
 10
21.857244
 20
19.047498
  0
VERTEX
  8
gto
 10
21.836924
 20
19.055108
  0
SEQEND
  8
gto
  0
POLYLINE
  8
gto
 62
1
 40
0.000000
 41
0.000000
 66
  1
  0
VERTEX
  8
gto
 10
20.718311
 20
19.057658
  0
VERTEX
  8
gto
 10
20.683761
 20
19.044958
  0
VERTEX
  8
gto
 10
20.193540
 20
18.544577
  0
VERTEX
  8
gto
 10
20.193540
 20
18.430277
  0
VERTEX
  8
gto
 10
20.686301
 20
17.932426
  0
VERTEX
  8
gto
 10
20.707131
 20
17.925316
  0
VERTEX
  8
gto
 10
20.729481
 20
17.924816
  0
VERTEX
  8
gto
 10
20.754382
 20
17.932426
  0
VERTEX
  8
gto
 10
20.772662
 20
17.945136
  0
VERTEX
  8
gto
 10
20.785872
 20
17.966976
  0
VERTEX
  8
gto
 10
20.790442
 20
17.988316
  0
VERTEX
  8
gto
 10
20.786382
 20
18.012186
  0
VERTEX
  8
gto
 10
20.775202
 20
18.034036
  0
VERTEX
  8
gto
 10
20.310381
 20
18.488697
  0
VERTEX
  8
gto
 10
20.775202
 20
18.950968
  0
VERTEX
  8
gto
 10
20.782322
 20
18.972308
  0
VERTEX
  8
gto
 10
20.782822
 20
18.996698
  0
VERTEX
  8
gto
 10
20.775202
 20
19.021078
  0
VERTEX
  8
gto
 10
20.762502
 20
19.039878
  0
VERTEX
  8
gto
 10
20.745231
 20
19.051558
  0
VERTEX
  8
gto
 10
20.724401
 20
19.057658
  0
SEQEND
  8
gto
  0
POLYLINE
  8
gto
 62
1
 40
0.000000
 41
0.000000
 66
  1
  0
VERTEX
  8
gto
 10
21.577843
 20
17.582925
  0
VERTEX
  8
gto
 10
21.566673
 20
17.581915
  0
VERTEX
  8
gto
 10
21.546353
 20
17.571755
  0
VERTEX
  8
gto
 10
21.410203
 20
17.440685
  0
VERTEX
  8
gto
 10
21.397003
 20
17.421385
  0
VERTEX
  8
gto
 10
21.393443
 20
17.410205
  0
VERTEX
  8
gto
 10
21.392423
 20
17.064764
  0
VERTEX
  8
gto
 10
21.514343
 20
17.064764
  0
VERTEX
  8
gto
 10
21.514343
 20
17.370075
  0
VERTEX
  8
gto
 10
21.603243
 20
17.461005
  0
VERTEX
  8
gto
 10
21.681983
 20
17.461005
  0
VERTEX
  8
gto
 10
22.014724
 20
17.128264
  0
VERTEX
  8
gto
 10
22.014724
 20
16.932684
  0
VERTEX
  8
gto
 10
21.933444
 20
16.851914
  0
VERTEX
  8
gto
 10
21.725163
 20
16.851914
  0
VERTEX
  8
gto
 10
21.514343
 20
17.064764
  0
VERTEX
  8
gto
 10
21.392423
 20
17.064764
  0
VERTEX
  8
gto
 10
21.393443
 20
17.026664
  0
VERTEX
  8
gto
 10
21.402583
 20
17.004824
  0
VERTEX
  8
gto
 10
21.659123
 20
16.750314
  0
VERTEX
  8
gto
 10
21.666243
 20
16.741173
  0
VERTEX
  8
gto
 10
21.675383
 20
16.735073
  0
VERTEX
  8
gto
 10
21.686563
 20
16.731013
  0
VERTEX
  8
gto
 10
21.972054
 20
16.731013
  0
VERTEX
  8
gto
 10
21.983744
 20
16.735073
  0
VERTEX
  8
gto
 10
21.993394
 20
16.741173
  0
VERTEX
  8
gto
 10
22.116324
 20
16.864104
  0
VERTEX
  8
gto
 10
22.131564
 20
16.883914
  0
VERTEX
  8
gto
 10
22.136644
 20
16.907794
  0
VERTEX
  8
gto
 10
22.136644
 20
17.154174
  0
VERTEX
  8
gto
 10
22.131564
 20
17.178554
  0
VERTEX
  8
gto
 10
22.124964
 20
17.188714
  0
VERTEX
  8
gto
 10
21.852164
 20
17.461005
  0
VERTEX
  8
gto
 10
22.423665
 20
17.461005
  0
VERTEX
  8
gto
 10
22.548125
 20
17.337055
  0
VERTEX
  8
gto
 10
22.634485
 20
17.420875
  0
VERTEX
  8
gto
 10
22.482085
 20
17.571755
  0
VERTEX
  8
gto
 10
22.471425
 20
17.578355
  0
VERTEX
  8
gto
 10
22.449065
 20
17.582925
  0
SEQEND
  8
gto
  0
POLYLINE
  8
gto
 62
1
 40
0.000000
 41
0.000000
 66
  1
  0
VERTEX
  8
gto
 10
21.392423
 20
16.493263
  0
VERTEX
  8
gto
 10
21.392423
 20
15.642871
  0
VERTEX
  8
gto
 10
21.885184
 20
15.642871
  0
VERTEX
  8
gto
 10
21.885184
 20
16.163572
  0
VERTEX
  8
gto
 10
22.093464
 20
16.371343
  0
VERTEX
  8
gto
 10
22.299205
 20
16.371343
  0
VERTEX
  8
gto
 10
22.510025
 20
16.161032
  0
VERTEX
  8
gto
 10
22.510025
 20
15.647951
  0
VERTEX
  8
gto
 10
22.631945
 20
15.647951
  0
VERTEX
  8
gto
 10
22.630935
 20
16.199132
  0
VERTEX
  8
gto
 10
22.621785
 20
16.220972
  0
VERTEX
  8
gto
 10
22.367785
 20
16.475993
  0
VERTEX
  8
gto
 10
22.347975
 20
16.489203
  0
VERTEX
  8
gto
 10
22.324605
 20
16.493263
  0
VERTEX
  8
gto
 10
22.054864
 20
16.492253
  0
VERTEX
  8
gto
 10
22.043174
 20
16.489203
  0
VERTEX
  8
gto
 10
22.024884
 20
16.475993
  0
VERTEX
  8
gto
 10
21.781044
 20
16.232152
  0
VERTEX
  8
gto
 10
21.767844
 20
16.210812
  0
VERTEX
  8
gto
 10
21.764284
 20
16.200152
  0
VERTEX
  8
gto
 10
21.763264
 20
15.764792
  0
VERTEX
  8
gto
 10
21.514343
 20
15.764792
  0
VERTEX
  8
gto
 10
21.514343
 20
16.493263
  0
SEQEND
  8
gto
  0
POLYLINE
  8
gto
 62
1
 40
0.000000
 41
0.000000
 66
  1
  0
VERTEX
  8
gto
 10
21.707383
 20
15.411731
  0
VERTEX
  8
gto
 10
21.682493
 20
15.407671
  0
VERTEX
  8
gto
 10
21.664203
 20
15.396491
  0
VERTEX
  8
gto
 10
21.529583
 20
15.265931
  0
VERTEX
  8
gto
 10
21.520443
 20
15.243070
  0
VERTEX
  8
gto
 10
21.519423
 20
14.753870
  0
VERTEX
  8
gto
 10
21.638803
 20
14.753870
  0
VERTEX
  8
gto
 10
21.638803
 20
15.203450
  0
VERTEX
  8
gto
 10
21.730243
 20
15.289811
  0
VERTEX
  8
gto
 10
22.421125
 20
15.289811
  0
VERTEX
  8
gto
 10
22.510025
 20
15.203450
  0
VERTEX
  8
gto
 10
22.510025
 20
14.751330
  0
VERTEX
  8
gto
 10
22.428745
 20
14.672589
  0
VERTEX
  8
gto
 10
21.730243
 20
14.672589
  0
VERTEX
  8
gto
 10
21.638803
 20
14.753870
  0
VERTEX
  8
gto
 10
21.519423
 20
14.753870
  0
VERTEX
  8
gto
 10
21.520443
 20
14.713739
  0
VERTEX
  8
gto
 10
21.529583
 20
14.690879
  0
VERTEX
  8
gto
 10
21.664203
 20
14.565909
  0
VERTEX
  8
gto
 10
21.684523
 20
14.550669
  0
VERTEX
  8
gto
 10
21.694683
 20
14.546609
  0
VERTEX
  8
gto
 10
22.467355
 20
14.546609
  0
VERTEX
  8
gto
 10
22.490215
 20
14.556769
  0
VERTEX
  8
gto
 10
22.621785
 20
14.693419
  0
VERTEX
  8
gto
 10
22.630935
 20
14.715259
  0
VERTEX
  8
gto
 10
22.630935
 20
15.238500
  0
VERTEX
  8
gto
 10
22.621785
 20
15.259841
  0
VERTEX
  8
gto
 10
22.492245
 20
15.393951
  0
VERTEX
  8
gto
 10
22.473965
 20
15.407161
  0
VERTEX
  8
gto
 10
22.449065
 20
15.411731
  0
SEQEND
  8
gto
  0
POLYLINE
  8
gto
 62
1
 40
0.000000
 41
0.000000
 66
  1
  0
VERTEX
  8
gto
 10
21.519423
 20
14.078228
  0
VERTEX
  8
gto
 10
21.519423
 20
13.704337
  0
VERTEX
  8
gto
 10
21.641343
 20
13.704337
  0
VERTEX
  8
gto
 10
21.641343
 20
13.829308
  0
VERTEX
  8
gto
 10
22.512565
 20
13.829308
  0
VERTEX
  8
gto
 10
22.512565
 20
13.704337
  0
VERTEX
  8
gto
 10
22.634485
 20
13.704337
  0
VERTEX
  8
gto
 10
22.634485
 20
14.078228
  0
VERTEX
  8
gto
 10
22.512565
 20
14.078228
  0
VERTEX
  8
gto
 10
22.512565
 20
13.953258
  0
VERTEX
  8
gto
 10
21.641343
 20
13.953258
  0
VERTEX
  8
gto
 10
21.641343
 20
14.078228
  0
SEQEND
  8
gto
  0
POLYLINE
  8
gto
 62
1
 40
0.000000
 41
0.000000
 66
  1
  0
VERTEX
  8
gto
 10
20.053840
 20
17.582925
  0
VERTEX
  8
gto
 10
20.042670
 20
17.581915
  0
VERTEX
  8
gto
 10
20.022350
 20
17.571755
  0
VERTEX
  8
gto
 10
19.886200
 20
17.440685
  0
VERTEX
  8
gto
 10
19.873000
 20
17.421385
  0
VERTEX
  8
gto
 10
19.869440
 20
17.410205
  0
VERTEX
  8
gto
 10
19.868420
 20
17.064764
  0
VERTEX
  8
gto
 10
19.990340
 20
17.064764
  0
VERTEX
  8
gto
 10
19.990340
 20
17.370075
  0
VERTEX
  8
gto
 10
20.079240
 20
17.461005
  0
VERTEX
  8
gto
 10
20.157980
 20
17.461005
  0
VERTEX
  8
gto
 10
20.490721
 20
17.128264
  0
VERTEX
  8
gto
 10
20.490721
 20
16.932684
  0
VERTEX
  8
gto
 10
20.409441
 20
16.851914
  0
VERTEX
  8
gto
 10
20.201160
 20
16.851914
  0
VERTEX
  8
gto
 10
19.990340
 20
17.064764
  0
VERTEX
  8
gto
 10
19.868420
 20
17.064764
  0
VERTEX
  8
gto
 10
19.869440
 20
17.026664
  0
VERTEX
  8
gto
 10
19.878580
 20
17.004824
  0
VERTEX
  8
gto
 10
20.135120
 20
16.750314
  0
VERTEX
  8
gto
 10
20.142240
 20
16.741173
  0
VERTEX
  8
gto
 10
20.151380
 20
16.735073
  0
VERTEX
  8
gto
 10
20.162560
 20
16.731013
  0
VERTEX
  8
gto
 10
20.448051
 20
16.731013
  0
VERTEX
  8
gto
 10
20.459741
 20
16.735073
  0
VERTEX
  8
gto
 10
20.469391
 20
16.741173
  0
VERTEX
  8
gto
 10
20.592321
 20
16.864104
  0
VERTEX
  8
gto
 10
20.607561
 20
16.883914
  0
VERTEX
  8
gto
 10
20.612641
 20
16.907794
  0
VERTEX
  8
gto
 10
20.612641
 20
17.154174
  0
VERTEX
  8
gto
 10
20.607561
 20
17.178554
  0
VERTEX
  8
gto
 10
20.600961
 20
17.188714
  0
VERTEX
  8
gto
 10
20.328161
 20
17.461005
  0
VERTEX
  8
gto
 10
20.899662
 20
17.461005
  0
VERTEX
  8
gto
 10
21.024122
 20
17.337055
  0
VERTEX
  8
gto
 10
21.110482
 20
17.420875
  0
VERTEX
  8
gto
 10
20.958082
 20
17.571755
  0
VERTEX
  8
gto
 10
20.947422
 20
17.578355
  0
VERTEX
  8
gto
 10
20.925062
 20
17.582925
  0
SEQEND
  8
gto
  0
POLYLINE
  8
gto
 62
1
 40
0.000000
 41
0.000000
 66
  1
  0
VERTEX
  8
gto
 10
19.868420
 20
16.493263
  0
VERTEX
  8
gto
 10
19.868420
 20
15.642871
  0
VERTEX
  8
gto
 10
20.361181
 20
15.642871
  0
VERTEX
  8
gto
 10
20.361181
 20
16.163572
  0
VERTEX
  8
gto
 10
20.569461
 20
16.371343
  0
VERTEX
  8
gto
 10
20.775202
 20
16.371343
  0
VERTEX
  8
gto
 10
20.986022
 20
16.161032
  0
VERTEX
  8
gto
 10
20.986022
 20
15.647951
  0
VERTEX
  8
gto
 10
21.107942
 20
15.647951
  0
VERTEX
  8
gto
 10
21.106932
 20
16.199132
  0
VERTEX
  8
gto
 10
21.097782
 20
16.220972
  0
VERTEX
  8
gto
 10
20.843782
 20
16.475993
  0
VERTEX
  8
gto
 10
20.823972
 20
16.489203
  0
VERTEX
  8
gto
 10
20.800602
 20
16.493263
  0
VERTEX
  8
gto
 10
20.530861
 20
16.492253
  0
VERTEX
  8
gto
 10
20.519171
 20
16.489203
  0
VERTEX
  8
gto
 10
20.500881
 20
16.475993
  0
VERTEX
  8
gto
 10
20.257041
 20
16.232152
  0
VERTEX
  8
gto
 10
20.243840
 20
16.210812
  0
VERTEX
  8
gto
 10
20.240280
 20
16.200152
  0
VERTEX
  8
gto
 10
20.239260
 20
15.764792
  0
VERTEX
  8
gto
 10
19.990340
 20
15.764792
  0
VERTEX
  8
gto
 10
19.990340
 20
16.493263
  0
SEQEND
  8
gto
  0
POLYLINE
  8
gto
 62
1
 40
0.000000
 41
0.000000
 66
  1
  0
VERTEX
  8
gto
 10
20.183380
 20
15.411731
  0
VERTEX
  8
gto
 10
20.158490
 20
15.407671
  0
VERTEX
  8
gto
 10
20.140200
 20
15.396491
  0
VERTEX
  8
gto
 10
20.005580
 20
15.265931
  0
VERTEX
  8
gto
 10
19.996440
 20
15.243070
  0
VERTEX
  8
gto
 10
19.995420
 20
14.753870
  0
VERTEX
  8
gto
 10
20.114800
 20
14.753870
  0
VERTEX
  8
gto
 10
20.114800
 20
15.203450
  0
VERTEX
  8
gto
 10
20.206240
 20
15.289811
  0
VERTEX
  8
gto
 10
20.897122
 20
15.289811
  0
VERTEX
  8
gto
 10
20.986022
 20
15.203450
  0
VERTEX
  8
gto
 10
20.986022
 20
14.751330
  0
VERTEX
  8
gto
 10
20.904742
 20
14.672589
  0
VERTEX
  8
gto
 10
20.206240
 20
14.672589
  0
VERTEX
  8
gto
 10
20.114800
 20
14.753870
  0
VERTEX
  8
gto
 10
19.995420
 20
14.753870
  0
VERTEX
  8
gto
 10
19.996440
 20
14.713739
  0
VERTEX
  8
gto
 10
20.005580
 20
14.690879
  0
VERTEX
  8
gto
 10
20.140200
 20
14.565909
  0
VERTEX
  8
gto
 10
20.160520
 20
14.550669
  0
VERTEX
  8
gto
 10
20.170680
 20
14.546609
  0
VERTEX
  8
gto
 10
20.943352
 20
14.546609
  0
VERTEX
  8
gto
 10
20.966212
 20
14.556769
  0
VERTEX
  8
gto
 10
21.097782
 20
14.693419
  0
VERTEX
  8
gto
 10
21.106932
 20
14.715259
  0
VERTEX
  8
gto
 10
21.106932
 20
15.238500
  0
VERTEX
  8
gto
 10
21.097782
 20
15.259841
  0
VERTEX
  8
gto
 10
20.968242
 20
15.393951
  0
VERTEX
  8
gto
 10
20.949962
 20
15.407161
  0
VERTEX
  8
gto
 10
20.925062
 20
15.411731
  0
SEQEND
  8
gto
  0
POLYLINE
  8
gto
 62
1
 40
0.000000
 41
0.000000
 66
  1
  0
VERTEX
  8
gto
 10
19.995420
 20
14.078228
  0
VERTEX
  8
gto
 10
19.995420
 20
13.704337
  0
VERTEX
  8
gto
 10
20.117340
 20
13.704337
  0
VERTEX
  8
gto
 10
20.117340
 20
13.829308
  0
VERTEX
  8
gto
 10
20.988562
 20
13.829308
  0
VERTEX
  8
gto
 10
20.988562
 20
13.704337
  0
VERTEX
  8
gto
 10
21.110482
 20
13.704337
  0
VERTEX
  8
gto
 10
21.110482
 20
14.078228
  0
VERTEX
  8
gto
 10
20.988562
 20
14.078228
  0
VERTEX
  8
gto
 10
20.988562
 20
13.953258
  0
VERTEX
  8
gto
 10
20.117340
 20
13.953258
  0
VERTEX
  8
gto
 10
20.117340
 20
14.078228
  0
SEQEND
  8
gto
  0
POLYLINE
  8
gto
 62
1
 40
0.000000
 41
0.000000
 66
  1
  0
VERTEX
  8
gto
 10
18.471417
 20
18.921508
  0
VERTEX
  8
gto
 10
18.471417
 20
18.800098
  0
VERTEX
  8
gto
 10
18.966718
 20
18.800098
  0
VERTEX
  8
gto
 10
18.966718
 20
18.185416
  0
VERTEX
  8
gto
 10
18.471417
 20
18.185416
  0
VERTEX
  8
gto
 10
18.471417
 20
18.060956
  0
VERTEX
  8
gto
 10
19.586479
 20
18.060956
  0
VERTEX
  8
gto
 10
19.586479
 20
18.185416
  0
VERTEX
  8
gto
 10
19.088638
 20
18.185416
  0
VERTEX
  8
gto
 10
19.088638
 20
18.800098
  0
VERTEX
  8
gto
 10
19.586479
 20
18.800098
  0
VERTEX
  8
gto
 10
19.586479
 20
18.921508
  0
SEQEND
  8
gto
  0
POLYLINE
  8
gto
 62
1
 40
0.000000
 41
0.000000
 66
  1
  0
VERTEX
  8
gto
 10
18.649217
 20
17.831846
  0
VERTEX
  8
gto
 10
18.625857
 20
17.827786
  0
VERTEX
  8
gto
 10
18.606037
 20
17.814576
  0
VERTEX
  8
gto
 10
18.481577
 20
17.686555
  0
VERTEX
  8
gto
 10
18.472437
 20
17.664715
  0
VERTEX
  8
gto
 10
18.472437
 20
17.144014
  0
VERTEX
  8
gto
 10
18.481577
 20
17.122674
  0
VERTEX
  8
gto
 10
18.611117
 20
16.991104
  0
VERTEX
  8
gto
 10
18.631947
 20
16.976374
  0
VERTEX
  8
gto
 10
18.643127
 20
16.972314
  0
VERTEX
  8
gto
 10
18.776218
 20
16.971294
  0
VERTEX
  8
gto
 10
18.791968
 20
16.972814
  0
VERTEX
  8
gto
 10
18.805178
 20
16.977894
  0
VERTEX
  8
gto
 10
18.817368
 20
16.986534
  0
VERTEX
  8
gto
 10
19.312159
 20
17.704845
  0
VERTEX
  8
gto
 10
19.373119
 20
17.704845
  0
VERTEX
  8
gto
 10
19.464559
 20
17.624075
  0
VERTEX
  8
gto
 10
19.464559
 20
17.174494
  0
VERTEX
  8
gto
 10
19.378199
 20
17.088134
  0
VERTEX
  8
gto
 10
19.340099
 20
17.088134
  0
VERTEX
  8
gto
 10
19.340099
 20
16.966214
  0
VERTEX
  8
gto
 10
19.414779
 20
16.967234
  0
VERTEX
  8
gto
 10
19.425449
 20
16.970274
  0
VERTEX
  8
gto
 10
19.444239
 20
16.983994
  0
VERTEX
  8
gto
 10
19.576319
 20
17.117594
  0
VERTEX
  8
gto
 10
19.585469
 20
17.138934
  0
VERTEX
  8
gto
 10
19.586479
 20
17.651505
  0
VERTEX
  8
gto
 10
19.581399
 20
17.672845
  0
VERTEX
  8
gto
 10
19.566159
 20
17.694685
  0
VERTEX
  8
gto
 10
19.439159
 20
17.812036
  0
VERTEX
  8
gto
 10
19.418839
 20
17.823216
  0
VERTEX
  8
gto
 10
19.398519
 20
17.826766
  0
VERTEX
  8
gto
 10
19.279139
 20
17.826766
  0
VERTEX
  8
gto
 10
19.263399
 20
17.825246
  0
VERTEX
  8
gto
 10
19.249678
 20
17.820676
  0
VERTEX
  8
gto
 10
19.237998
 20
17.812546
  0
VERTEX
  8
gto
 10
19.228338
 20
17.801876
  0
VERTEX
  8
gto
 10
18.743197
 20
17.093214
  0
VERTEX
  8
gto
 10
18.679697
 20
17.093214
  0
VERTEX
  8
gto
 10
18.590797
 20
17.181604
  0
VERTEX
  8
gto
 10
18.590797
 20
17.629155
  0
VERTEX
  8
gto
 10
18.672077
 20
17.704845
  0
VERTEX
  8
gto
 10
18.712717
 20
17.704845
  0
VERTEX
  8
gto
 10
18.712717
 20
17.831846
  0
SEQEND
  8
gto
  0
POLYLINE
  8
gto
 62
1
 40
0.000000
 41
0.000000
 66
  1
  0
VERTEX
  8
gto
 10
18.903218
 20
16.742183
  0
VERTEX
  8
gto
 10
18.890018
 20
16.741673
  0
VERTEX
  8
gto
 10
18.868678
 20
16.734053
  0
VERTEX
  8
gto
 10
18.860038
 20
16.727453
  0
VERTEX
  8
gto
 10
18.489197
 20
16.354073
  0
VERTEX
  8
gto
 10
18.475997
 20
16.333753
  0
VERTEX
  8
gto
 10
18.471647
 20
16.310893
  0
VERTEX
  8
gto
 10
18.618737
 20
16.310893
  0
VERTEX
  8
gto
 10
18.926078
 20
16.620263
  0
VERTEX
  8
gto
 10
19.088638
 20
16.620263
  0
VERTEX
  8
gto
 10
19.088638
 20
16.006092
  0
VERTEX
  8
gto
 10
18.926078
 20
16.006092
  0
VERTEX
  8
gto
 10
18.618737
 20
16.310893
  0
VERTEX
  8
gto
 10
18.471647
 20
16.310893
  0
VERTEX
  8
gto
 10
18.472437
 20
16.296163
  0
VERTEX
  8
gto
 10
18.481577
 20
16.275843
  0
VERTEX
  8
gto
 10
18.857498
 20
15.901952
  0
VERTEX
  8
gto
 10
18.876298
 20
15.888232
  0
VERTEX
  8
gto
 10
18.898138
 20
15.884172
  0
VERTEX
  8
gto
 10
19.586479
 20
15.884172
  0
VERTEX
  8
gto
 10
19.586479
 20
16.003552
  0
VERTEX
  8
gto
 10
19.213098
 20
16.003552
  0
VERTEX
  8
gto
 10
19.213098
 20
16.620263
  0
VERTEX
  8
gto
 10
19.586479
 20
16.620263
  0
VERTEX
  8
gto
 10
19.586479
 20
16.742183
  0
SEQEND
  8
gto
  0
POLYLINE
  8
gto
 62
1
 40
0.000000
 41
0.000000
 66
  1
  0
VERTEX
  8
gto
 10
19.464559
 20
15.653031
  0
VERTEX
  8
gto
 10
19.464559
 20
14.918970
  0
VERTEX
  8
gto
 10
18.471417
 20
14.918970
  0
VERTEX
  8
gto
 10
18.471417
 20
14.794000
  0
VERTEX
  8
gto
 10
19.586479
 20
14.794000
  0
VERTEX
  8
gto
 10
19.586479
 20
15.653031
  0
SEQEND
  8
gto
  0
POLYLINE
  8
gto
 62
1
 40
0.000000
 41
0.000000
 66
  1
  0
VERTEX
  8
gto
 10
18.471417
 20
14.563369
  0
VERTEX
  8
gto
 10
18.471417
 20
13.704337
  0
VERTEX
  8
gto
 10
19.586479
 20
13.704337
  0
VERTEX
  8
gto
 10
19.586479
 20
13.829308
  0
VERTEX
  8
gto
 10
19.088638
 20
13.829308
  0
VERTEX
  8
gto
 10
19.088638
 20
14.441449
  0
VERTEX
  8
gto
 10
18.966718
 20
14.441449
  0
VERTEX
  8
gto
 10
18.966718
 20
13.829308
  0
VERTEX
  8
gto
 10
18.593337
 20
13.829308
  0
VERTEX
  8
gto
 10
18.593337
 20
14.563369
  0
SEQEND
  8
gto
  0
POLYLINE
  8
gto
 62
1
 40
0.000000
 41
0.000000
 66
  1
  0
VERTEX
  8
gto
 10
23.231386
 20
49.313179
  0
VERTEX
  8
gto
 10
23.208526
 20
49.309619
  0
VERTEX
  8
gto
 10
23.190746
 20
49.300479
  0
VERTEX
  8
gto
 10
22.972306
 20
49.097278
  0
VERTEX
  8
gto
 10
22.903726
 20
49.170938
  0
VERTEX
  8
gto
 10
22.883406
 20
49.186178
  0
VERTEX
  8
gto
 10
22.863086
 20
49.191258
  0
VERTEX
  8
gto
 10
22.609085
 20
49.191258
  0
VERTEX
  8
gto
 10
22.587755
 20
49.186178
  0
VERTEX
  8
gto
 10
22.568445
 20
49.170938
  0
VERTEX
  8
gto
 10
22.446525
 20
49.054098
  0
VERTEX
  8
gto
 10
22.434845
 20
49.035298
  0
VERTEX
  8
gto
 10
22.431285
 20
49.010918
  0
VERTEX
  8
gto
 10
22.431285
 20
48.789938
  0
VERTEX
  8
gto
 10
22.545585
 20
48.789938
  0
VERTEX
  8
gto
 10
22.545585
 20
48.988058
  0
VERTEX
  8
gto
 10
22.631945
 20
49.069338
  0
VERTEX
  8
gto
 10
22.840226
 20
49.069338
  0
VERTEX
  8
gto
 10
22.918966
 20
48.988058
  0
VERTEX
  8
gto
 10
22.918966
 20
48.795018
  0
VERTEX
  8
gto
 10
23.033266
 20
48.795018
  0
VERTEX
  8
gto
 10
23.033266
 20
48.988058
  0
VERTEX
  8
gto
 10
23.254247
 20
49.196338
  0
VERTEX
  8
gto
 10
23.348227
 20
49.196338
  0
VERTEX
  8
gto
 10
23.559047
 20
48.988058
  0
VERTEX
  8
gto
 10
23.559047
 20
48.784858
  0
VERTEX
  8
gto
 10
23.348227
 20
48.584197
  0
VERTEX
  8
gto
 10
23.254247
 20
48.584197
  0
VERTEX
  8
gto
 10
23.033266
 20
48.795018
  0
VERTEX
  8
gto
 10
22.918966
 20
48.795018
  0
VERTEX
  8
gto
 10
22.918966
 20
48.792478
  0
VERTEX
  8
gto
 10
22.840226
 20
48.703577
  0
VERTEX
  8
gto
 10
22.644645
 20
48.703577
  0
VERTEX
  8
gto
 10
22.545585
 20
48.789938
  0
VERTEX
  8
gto
 10
22.431285
 20
48.789938
  0
VERTEX
  8
gto
 10
22.431285
 20
48.744217
  0
VERTEX
  8
gto
 10
22.437385
 20
48.732537
  0
VERTEX
  8
gto
 10
22.587755
 20
48.600457
  0
VERTEX
  8
gto
 10
22.620775
 20
48.584197
  0
VERTEX
  8
gto
 10
22.875286
 20
48.585217
  0
VERTEX
  8
gto
 10
22.898146
 20
48.595377
  0
VERTEX
  8
gto
 10
22.908806
 20
48.604517
  0
VERTEX
  8
gto
 10
22.977386
 20
48.683257
  0
VERTEX
  8
gto
 10
23.200906
 20
48.473457
  0
VERTEX
  8
gto
 10
23.219706
 20
48.463297
  0
VERTEX
  8
gto
 10
23.373627
 20
48.462277
  0
VERTEX
  8
gto
 10
23.394967
 20
48.466337
  0
VERTEX
  8
gto
 10
23.405127
 20
48.471927
  0
VERTEX
  8
gto
 10
23.655567
 20
48.718817
  0
VERTEX
  8
gto
 10
23.663187
 20
48.731517
  0
VERTEX
  8
gto
 10
23.668777
 20
48.746757
  0
VERTEX
  8
gto
 10
23.670807
 20
48.761998
  0
VERTEX
  8
gto
 10
23.670807
 20
49.038858
  0
VERTEX
  8
gto
 10
23.655567
 20
49.049018
  0
VERTEX
  8
gto
 10
23.414267
 20
49.295399
  0
VERTEX
  8
gto
 10
23.386327
 20
49.310639
  0
VERTEX
  8
gto
 10
23.376167
 20
49.313179
  0
SEQEND
  8
gto
  0
POLYLINE
  8
gto
 62
1
 40
0.000000
 41
0.000000
 66
  1
  0
VERTEX
  8
gto
 10
22.555745
 20
48.233676
  0
VERTEX
  8
gto
 10
22.555745
 20
48.111756
  0
VERTEX
  8
gto
 10
22.728465
 20
48.111756
  0
VERTEX
  8
gto
 10
23.454907
 20
47.796796
  0
VERTEX
  8
gto
 10
22.728465
 20
47.489455
  0
VERTEX
  8
gto
 10
22.555745
 20
47.489455
  0
VERTEX
  8
gto
 10
22.555745
 20
47.367535
  0
VERTEX
  8
gto
 10
22.764026
 20
47.367535
  0
VERTEX
  8
gto
 10
23.635247
 20
47.738375
  0
VERTEX
  8
gto
 10
23.652017
 20
47.748535
  0
VERTEX
  8
gto
 10
23.663697
 20
47.761746
  0
VERTEX
  8
gto
 10
23.670807
 20
47.777496
  0
VERTEX
  8
gto
 10
23.673347
 20
47.796796
  0
VERTEX
  8
gto
 10
23.670807
 20
47.815086
  0
VERTEX
  8
gto
 10
23.663697
 20
47.830836
  0
VERTEX
  8
gto
 10
23.652017
 20
47.843026
  0
VERTEX
  8
gto
 10
23.635247
 20
47.852676
  0
VERTEX
  8
gto
 10
22.766566
 20
48.228596
  0
VERTEX
  8
gto
 10
22.741165
 20
48.233676
  0
SEQEND
  8
gto
  0
POLYLINE
  8
gto
 62
1
 40
0.000000
 41
0.000000
 66
  1
  0
VERTEX
  8
gto
 10
22.494785
 20
46.773174
  0
VERTEX
  8
gto
 10
22.477005
 20
46.770634
  0
VERTEX
  8
gto
 10
22.462275
 20
46.764034
  0
VERTEX
  8
gto
 10
22.450595
 20
46.752854
  0
VERTEX
  8
gto
 10
22.437895
 20
46.729993
  0
VERTEX
  8
gto
 10
22.434335
 20
46.718813
  0
VERTEX
  8
gto
 10
22.434845
 20
46.704593
  0
VERTEX
  8
gto
 10
22.445005
 20
46.684273
  0
VERTEX
  8
gto
 10
22.746245
 20
46.392173
  0
VERTEX
  8
gto
 10
22.824986
 20
46.478533
  0
VERTEX
  8
gto
 10
22.637025
 20
46.658873
  0
VERTEX
  8
gto
 10
23.670807
 20
46.658873
  0
VERTEX
  8
gto
 10
23.670807
 20
46.773174
  0
SEQEND
  8
gto
  0
POLYLINE
  8
gto
 62
1
 40
0.000000
 41
0.000000
 66
  1
  0
VERTEX
  8
gto
 10
25.784092
 20
49.313179
  0
VERTEX
  8
gto
 10
25.761232
 20
49.309619
  0
VERTEX
  8
gto
 10
25.743451
 20
49.300479
  0
VERTEX
  8
gto
 10
25.525011
 20
49.097278
  0
VERTEX
  8
gto
 10
25.456431
 20
49.170938
  0
VERTEX
  8
gto
 10
25.436111
 20
49.186178
  0
VERTEX
  8
gto
 10
25.415791
 20
49.191258
  0
VERTEX
  8
gto
 10
25.161790
 20
49.191258
  0
VERTEX
  8
gto
 10
25.140460
 20
49.186178
  0
VERTEX
  8
gto
 10
25.121150
 20
49.170938
  0
VERTEX
  8
gto
 10
24.999230
 20
49.054098
  0
VERTEX
  8
gto
 10
24.988060
 20
49.035298
  0
VERTEX
  8
gto
 10
24.983990
 20
49.010918
  0
VERTEX
  8
gto
 10
24.983990
 20
48.789938
  0
VERTEX
  8
gto
 10
25.098290
 20
48.789938
  0
VERTEX
  8
gto
 10
25.098290
 20
48.988058
  0
VERTEX
  8
gto
 10
25.184650
 20
49.069338
  0
VERTEX
  8
gto
 10
25.392931
 20
49.069338
  0
VERTEX
  8
gto
 10
25.471671
 20
48.988058
  0
VERTEX
  8
gto
 10
25.471671
 20
48.795018
  0
VERTEX
  8
gto
 10
25.585971
 20
48.795018
  0
VERTEX
  8
gto
 10
25.585971
 20
48.988058
  0
VERTEX
  8
gto
 10
25.806952
 20
49.196338
  0
VERTEX
  8
gto
 10
25.900932
 20
49.196338
  0
VERTEX
  8
gto
 10
26.111752
 20
48.988058
  0
VERTEX
  8
gto
 10
26.111752
 20
48.784858
  0
VERTEX
  8
gto
 10
25.900932
 20
48.584197
  0
VERTEX
  8
gto
 10
25.806952
 20
48.584197
  0
VERTEX
  8
gto
 10
25.585971
 20
48.795018
  0
VERTEX
  8
gto
 10
25.471671
 20
48.795018
  0
VERTEX
  8
gto
 10
25.471671
 20
48.792478
  0
VERTEX
  8
gto
 10
25.392931
 20
48.703577
  0
VERTEX
  8
gto
 10
25.197350
 20
48.703577
  0
VERTEX
  8
gto
 10
25.098290
 20
48.789938
  0
VERTEX
  8
gto
 10
24.983990
 20
48.789938
  0
VERTEX
  8
gto
 10
24.983990
 20
48.744217
  0
VERTEX
  8
gto
 10
24.990600
 20
48.732537
  0
VERTEX
  8
gto
 10
25.140460
 20
48.600457
  0
VERTEX
  8
gto
 10
25.173480
 20
48.584197
  0
VERTEX
  8
gto
 10
25.427991
 20
48.585217
  0
VERTEX
  8
gto
 10
25.450851
 20
48.595377
  0
VERTEX
  8
gto
 10
25.461511
 20
48.604517
  0
VERTEX
  8
gto
 10
25.530091
 20
48.683257
  0
VERTEX
  8
gto
 10
25.753612
 20
48.473457
  0
VERTEX
  8
gto
 10
25.772412
 20
48.463297
  0
VERTEX
  8
gto
 10
25.926332
 20
48.462277
  0
VERTEX
  8
gto
 10
25.948182
 20
48.466337
  0
VERTEX
  8
gto
 10
25.966972
 20
48.480057
  0
VERTEX
  8
gto
 10
26.211832
 20
48.723897
  0
VERTEX
  8
gto
 10
26.219452
 20
48.739137
  0
VERTEX
  8
gto
 10
26.223012
 20
48.754378
  0
VERTEX
  8
gto
 10
26.223512
 20
49.038858
  0
VERTEX
  8
gto
 10
26.208272
 20
49.049018
  0
VERTEX
  8
gto
 10
25.966972
 20
49.295399
  0
VERTEX
  8
gto
 10
25.939032
 20
49.310639
  0
VERTEX
  8
gto
 10
25.928872
 20
49.313179
  0
SEQEND
  8
gto
  0
POLYLINE
  8
gto
 62
1
 40
0.000000
 41
0.000000
 66
  1
  0
VERTEX
  8
gto
 10
25.108450
 20
48.233676
  0
VERTEX
  8
gto
 10
25.108450
 20
48.111756
  0
VERTEX
  8
gto
 10
25.281171
 20
48.111756
  0
VERTEX
  8
gto
 10
26.007612
 20
47.796796
  0
VERTEX
  8
gto
 10
25.281171
 20
47.489455
  0
VERTEX
  8
gto
 10
25.108450
 20
47.489455
  0
VERTEX
  8
gto
 10
25.108450
 20
47.367535
  0
VERTEX
  8
gto
 10
25.316731
 20
47.367535
  0
VERTEX
  8
gto
 10
26.187952
 20
47.738375
  0
VERTEX
  8
gto
 10
26.204722
 20
47.748535
  0
VERTEX
  8
gto
 10
26.216402
 20
47.761746
  0
VERTEX
  8
gto
 10
26.223512
 20
47.777496
  0
VERTEX
  8
gto
 10
26.226052
 20
47.796796
  0
VERTEX
  8
gto
 10
26.223512
 20
47.815086
  0
VERTEX
  8
gto
 10
26.216402
 20
47.830836
  0
VERTEX
  8
gto
 10
26.204722
 20
47.843026
  0
VERTEX
  8
gto
 10
26.187952
 20
47.852676
  0
VERTEX
  8
gto
 10
25.319271
 20
48.228596
  0
VERTEX
  8
gto
 10
25.293871
 20
48.233676
  0
SEQEND
  8
gto
  0
POLYLINE
  8
gto
 62
1
 40
0.000000
 41
0.000000
 66
  1
  0
VERTEX
  8
gto
 10
25.047490
 20
46.773174
  0
VERTEX
  8
gto
 10
25.029710
 20
46.770634
  0
VERTEX
  8
gto
 10
25.014980
 20
46.764034
  0
VERTEX
  8
gto
 10
25.003300
 20
46.752854
  0
VERTEX
  8
gto
 10
24.990600
 20
46.729993
  0
VERTEX
  8
gto
 10
24.987040
 20
46.718813
  0
VERTEX
  8
gto
 10
24.988060
 20
46.704593
  0
VERTEX
  8
gto
 10
24.991610
 20
46.694433
  0
VERTEX
  8
gto
 10
25.006850
 20
46.674113
  0
VERTEX
  8
gto
 10
25.298951
 20
46.392173
  0
VERTEX
  8
gto
 10
25.377691
 20
46.478533
  0
VERTEX
  8
gto
 10
25.189730
 20
46.658873
  0
VERTEX
  8
gto
 10
26.223512
 20
46.658873
  0
VERTEX
  8
gto
 10
26.223512
 20
46.773174
  0
SEQEND
  8
gto
  0
POLYLINE
  8
gto
 62
1
 40
0.000000
 41
0.000000
 66
  1
  0
VERTEX
  8
gto
 10
27.536695
 20
49.313179
  0
VERTEX
  8
gto
 10
27.536695
 20
48.589277
  0
VERTEX
  8
gto
 10
27.658615
 20
48.589277
  0
VERTEX
  8
gto
 10
27.658615
 20
49.191258
  0
VERTEX
  8
gto
 10
27.701795
 20
49.191258
  0
VERTEX
  8
gto
 10
28.049776
 20
48.840738
  0
VERTEX
  8
gto
 10
28.070606
 20
48.827018
  0
VERTEX
  8
gto
 10
28.092956
 20
48.822958
  0
VERTEX
  8
gto
 10
28.116326
 20
48.827018
  0
VERTEX
  8
gto
 10
28.126996
 20
48.832608
  0
VERTEX
  8
gto
 10
28.143756
 20
48.849878
  0
VERTEX
  8
gto
 10
28.152906
 20
48.871218
  0
VERTEX
  8
gto
 10
28.153916
 20
48.977898
  0
VERTEX
  8
gto
 10
28.367277
 20
49.191258
  0
VERTEX
  8
gto
 10
28.453637
 20
49.191258
  0
VERTEX
  8
gto
 10
28.654297
 20
48.988058
  0
VERTEX
  8
gto
 10
28.654297
 20
48.662937
  0
VERTEX
  8
gto
 10
28.537457
 20
48.548637
  0
VERTEX
  8
gto
 10
28.623817
 20
48.462277
  0
VERTEX
  8
gto
 10
28.766058
 20
48.606037
  0
VERTEX
  8
gto
 10
28.775208
 20
48.627377
  0
VERTEX
  8
gto
 10
28.775208
 20
49.025648
  0
VERTEX
  8
gto
 10
28.766058
 20
49.046988
  0
VERTEX
  8
gto
 10
28.758438
 20
49.056638
  0
VERTEX
  8
gto
 10
28.510537
 20
49.301499
  0
VERTEX
  8
gto
 10
28.499867
 20
49.308099
  0
VERTEX
  8
gto
 10
28.476497
 20
49.313179
  0
VERTEX
  8
gto
 10
28.341877
 20
49.313179
  0
VERTEX
  8
gto
 10
28.318517
 20
49.308099
  0
VERTEX
  8
gto
 10
28.298697
 20
49.292859
  0
VERTEX
  8
gto
 10
28.045206
 20
49.041398
  0
VERTEX
  8
gto
 10
28.040126
 20
49.031238
  0
VERTEX
  8
gto
 10
28.039616
 20
49.026158
  0
VERTEX
  8
gto
 10
27.758696
 20
49.303019
  0
VERTEX
  8
gto
 10
27.748025
 20
49.308609
  0
VERTEX
  8
gto
 10
27.724655
 20
49.313179
  0
SEQEND
  8
gto
  0
POLYLINE
  8
gto
 62
1
 40
0.000000
 41
0.000000
 66
  1
  0
VERTEX
  8
gto
 10
27.663695
 20
48.233676
  0
VERTEX
  8
gto
 10
27.663695
 20
48.111756
  0
VERTEX
  8
gto
 10
27.836416
 20
48.111756
  0
VERTEX
  8
gto
 10
28.562857
 20
47.796796
  0
VERTEX
  8
gto
 10
27.836416
 20
47.489455
  0
VERTEX
  8
gto
 10
27.663695
 20
47.489455
  0
VERTEX
  8
gto
 10
27.663695
 20
47.367535
  0
VERTEX
  8
gto
 10
27.871976
 20
47.367535
  0
VERTEX
  8
gto
 10
28.743197
 20
47.738375
  0
VERTEX
  8
gto
 10
28.759968
 20
47.748535
  0
VERTEX
  8
gto
 10
28.771648
 20
47.761746
  0
VERTEX
  8
gto
 10
28.778758
 20
47.777496
  0
VERTEX
  8
gto
 10
28.781298
 20
47.796796
  0
VERTEX
  8
gto
 10
28.778758
 20
47.815086
  0
VERTEX
  8
gto
 10
28.771648
 20
47.830836
  0
VERTEX
  8
gto
 10
28.759968
 20
47.843026
  0
VERTEX
  8
gto
 10
28.743197
 20
47.852676
  0
VERTEX
  8
gto
 10
27.874516
 20
48.228596
  0
VERTEX
  8
gto
 10
27.849116
 20
48.233676
  0
SEQEND
  8
gto
  0
POLYLINE
  8
gto
 62
1
 40
0.000000
 41
0.000000
 66
  1
  0
VERTEX
  8
gto
 10
27.536695
 20
47.136394
  0
VERTEX
  8
gto
 10
27.536695
 20
46.409953
  0
VERTEX
  8
gto
 10
27.658615
 20
46.409953
  0
VERTEX
  8
gto
 10
27.658615
 20
47.014474
  0
VERTEX
  8
gto
 10
27.701795
 20
47.014474
  0
VERTEX
  8
gto
 10
28.049776
 20
46.661413
  0
VERTEX
  8
gto
 10
28.070606
 20
46.647693
  0
VERTEX
  8
gto
 10
28.092956
 20
46.643633
  0
VERTEX
  8
gto
 10
28.116326
 20
46.647693
  0
VERTEX
  8
gto
 10
28.126996
 20
46.653283
  0
VERTEX
  8
gto
 10
28.143756
 20
46.671573
  0
VERTEX
  8
gto
 10
28.152906
 20
46.692913
  0
VERTEX
  8
gto
 10
28.153916
 20
46.801114
  0
VERTEX
  8
gto
 10
28.367277
 20
47.011934
  0
VERTEX
  8
gto
 10
28.453637
 20
47.011934
  0
VERTEX
  8
gto
 10
28.654297
 20
46.811274
  0
VERTEX
  8
gto
 10
28.654297
 20
46.486153
  0
VERTEX
  8
gto
 10
28.537457
 20
46.369313
  0
VERTEX
  8
gto
 10
28.623817
 20
46.285493
  0
VERTEX
  8
gto
 10
28.758438
 20
46.417573
  0
VERTEX
  8
gto
 10
28.771648
 20
46.438403
  0
VERTEX
  8
gto
 10
28.775208
 20
46.449073
  0
VERTEX
  8
gto
 10
28.775208
 20
46.846324
  0
VERTEX
  8
gto
 10
28.766058
 20
46.867664
  0
VERTEX
  8
gto
 10
28.758438
 20
46.877314
  0
VERTEX
  8
gto
 10
28.510537
 20
47.123694
  0
VERTEX
  8
gto
 10
28.499867
 20
47.129284
  0
VERTEX
  8
gto
 10
28.476497
 20
47.133854
  0
VERTEX
  8
gto
 10
28.341877
 20
47.133854
  0
VERTEX
  8
gto
 10
28.318517
 20
47.129284
  0
VERTEX
  8
gto
 10
28.298697
 20
47.116074
  0
VERTEX
  8
gto
 10
28.045206
 20
46.862074
  0
VERTEX
  8
gto
 10
28.040126
 20
46.851914
  0
VERTEX
  8
gto
 10
28.039616
 20
46.846834
  0
VERTEX
  8
gto
 10
27.758696
 20
47.126234
  0
VERTEX
  8
gto
 10
27.748025
 20
47.131824
  0
VERTEX
  8
gto
 10
27.724655
 20
47.136394
  0
SEQEND
  8
gto
  0
POLYLINE
  8
gto
 62
1
 40
0.000000
 41
0.000000
 66
  1
  0
VERTEX
  8
gto
 10
30.091940
 20
49.313179
  0
VERTEX
  8
gto
 10
30.091940
 20
48.589277
  0
VERTEX
  8
gto
 10
30.213860
 20
48.589277
  0
VERTEX
  8
gto
 10
30.213860
 20
49.191258
  0
VERTEX
  8
gto
 10
30.257041
 20
49.191258
  0
VERTEX
  8
gto
 10
30.605021
 20
48.840738
  0
VERTEX
  8
gto
 10
30.625851
 20
48.827018
  0
VERTEX
  8
gto
 10
30.648201
 20
48.822958
  0
VERTEX
  8
gto
 10
30.671571
 20
48.827018
  0
VERTEX
  8
gto
 10
30.682241
 20
48.832608
  0
VERTEX
  8
gto
 10
30.699001
 20
48.849878
  0
VERTEX
  8
gto
 10
30.708151
 20
48.871218
  0
VERTEX
  8
gto
 10
30.709161
 20
48.977898
  0
VERTEX
  8
gto
 10
30.922522
 20
49.191258
  0
VERTEX
  8
gto
 10
31.008882
 20
49.191258
  0
VERTEX
  8
gto
 10
31.209542
 20
48.988058
  0
VERTEX
  8
gto
 10
31.209542
 20
48.662937
  0
VERTEX
  8
gto
 10
31.092702
 20
48.548637
  0
VERTEX
  8
gto
 10
31.179062
 20
48.462277
  0
VERTEX
  8
gto
 10
31.321303
 20
48.606037
  0
VERTEX
  8
gto
 10
31.330453
 20
48.627377
  0
VERTEX
  8
gto
 10
31.330453
 20
49.025648
  0
VERTEX
  8
gto
 10
31.321303
 20
49.046988
  0
VERTEX
  8
gto
 10
31.313683
 20
49.056638
  0
VERTEX
  8
gto
 10
31.065782
 20
49.301499
  0
VERTEX
  8
gto
 10
31.055112
 20
49.308099
  0
VERTEX
  8
gto
 10
31.031742
 20
49.313179
  0
VERTEX
  8
gto
 10
30.897122
 20
49.313179
  0
VERTEX
  8
gto
 10
30.873762
 20
49.308099
  0
VERTEX
  8
gto
 10
30.853942
 20
49.292859
  0
VERTEX
  8
gto
 10
30.600451
 20
49.041398
  0
VERTEX
  8
gto
 10
30.595371
 20
49.031238
  0
VERTEX
  8
gto
 10
30.594861
 20
49.026158
  0
VERTEX
  8
gto
 10
30.313941
 20
49.303019
  0
VERTEX
  8
gto
 10
30.303271
 20
49.308609
  0
VERTEX
  8
gto
 10
30.279901
 20
49.313179
  0
SEQEND
  8
gto
  0
POLYLINE
  8
gto
 62
1
 40
0.000000
 41
0.000000
 66
  1
  0
VERTEX
  8
gto
 10
30.218940
 20
48.233676
  0
VERTEX
  8
gto
 10
30.218940
 20
48.111756
  0
VERTEX
  8
gto
 10
30.391661
 20
48.111756
  0
VERTEX
  8
gto
 10
31.118102
 20
47.796796
  0
VERTEX
  8
gto
 10
30.391661
 20
47.489455
  0
VERTEX
  8
gto
 10
30.218940
 20
47.489455
  0
VERTEX
  8
gto
 10
30.218940
 20
47.367535
  0
VERTEX
  8
gto
 10
30.427221
 20
47.367535
  0
VERTEX
  8
gto
 10
31.298443
 20
47.738375
  0
VERTEX
  8
gto
 10
31.315213
 20
47.748535
  0
VERTEX
  8
gto
 10
31.326893
 20
47.761746
  0
VERTEX
  8
gto
 10
31.334003
 20
47.777496
  0
VERTEX
  8
gto
 10
31.336543
 20
47.796796
  0
VERTEX
  8
gto
 10
31.334003
 20
47.815086
  0
VERTEX
  8
gto
 10
31.326893
 20
47.830836
  0
VERTEX
  8
gto
 10
31.315213
 20
47.843026
  0
VERTEX
  8
gto
 10
31.298443
 20
47.852676
  0
VERTEX
  8
gto
 10
30.429761
 20
48.228596
  0
VERTEX
  8
gto
 10
30.404361
 20
48.233676
  0
SEQEND
  8
gto
  0
POLYLINE
  8
gto
 62
1
 40
0.000000
 41
0.000000
 66
  1
  0
VERTEX
  8
gto
 10
30.091940
 20
47.136394
  0
VERTEX
  8
gto
 10
30.091940
 20
46.409953
  0
VERTEX
  8
gto
 10
30.213860
 20
46.409953
  0
VERTEX
  8
gto
 10
30.213860
 20
47.014474
  0
VERTEX
  8
gto
 10
30.257041
 20
47.014474
  0
VERTEX
  8
gto
 10
30.605021
 20
46.661413
  0
VERTEX
  8
gto
 10
30.625851
 20
46.647693
  0
VERTEX
  8
gto
 10
30.648201
 20
46.643633
  0
VERTEX
  8
gto
 10
30.671571
 20
46.647693
  0
VERTEX
  8
gto
 10
30.682241
 20
46.653283
  0
VERTEX
  8
gto
 10
30.699001
 20
46.671573
  0
VERTEX
  8
gto
 10
30.708151
 20
46.692913
  0
VERTEX
  8
gto
 10
30.709161
 20
46.801114
  0
VERTEX
  8
gto
 10
30.922522
 20
47.011934
  0
VERTEX
  8
gto
 10
31.008882
 20
47.011934
  0
VERTEX
  8
gto
 10
31.209542
 20
46.811274
  0
VERTEX
  8
gto
 10
31.209542
 20
46.486153
  0
VERTEX
  8
gto
 10
31.092702
 20
46.369313
  0
VERTEX
  8
gto
 10
31.179062
 20
46.285493
  0
VERTEX
  8
gto
 10
31.313683
 20
46.417573
  0
VERTEX
  8
gto
 10
31.326893
 20
46.438403
  0
VERTEX
  8
gto
 10
31.330453
 20
46.449073
  0
VERTEX
  8
gto
 10
31.330453
 20
46.846324
  0
VERTEX
  8
gto
 10
31.321303
 20
46.867664
  0
VERTEX
  8
gto
 10
31.313683
 20
46.877314
  0
VERTEX
  8
gto
 10
31.065782
 20
47.123694
  0
VERTEX
  8
gto
 10
31.055112
 20
47.129284
  0
VERTEX
  8
gto
 10
31.031742
 20
47.133854
  0
VERTEX
  8
gto
 10
30.897122
 20
47.133854
  0
VERTEX
  8
gto
 10
30.873762
 20
47.129284
  0
VERTEX
  8
gto
 10
30.853942
 20
47.116074
  0
VERTEX
  8
gto
 10
30.600451
 20
46.862074
  0
VERTEX
  8
gto
 10
30.595371
 20
46.851914
  0
VERTEX
  8
gto
 10
30.594861
 20
46.846834
  0
VERTEX
  8
gto
 10
30.313941
 20
47.126234
  0
VERTEX
  8
gto
 10
30.303271
 20
47.131824
  0
VERTEX
  8
gto
 10
30.279901
 20
47.136394
  0
SEQEND
  8
gto
  0
POLYLINE
  8
gto
 62
1
 40
0.000000
 41
0.000000
 66
  1
  0
VERTEX
  8
gto
 10
32.957066
 20
49.313179
  0
VERTEX
  8
gto
 10
32.933706
 20
49.308099
  0
VERTEX
  8
gto
 10
32.913886
 20
49.292859
  0
VERTEX
  8
gto
 10
32.658365
 20
49.039368
  0
VERTEX
  8
gto
 10
32.648205
 20
49.019048
  0
VERTEX
  8
gto
 10
32.647185
 20
48.701037
  0
VERTEX
  8
gto
 10
32.769106
 20
48.701037
  0
VERTEX
  8
gto
 10
32.769106
 20
48.980438
  0
VERTEX
  8
gto
 10
32.982466
 20
49.191258
  0
VERTEX
  8
gto
 10
33.429507
 20
49.191258
  0
VERTEX
  8
gto
 10
33.637787
 20
48.980438
  0
VERTEX
  8
gto
 10
33.637787
 20
48.701037
  0
VERTEX
  8
gto
 10
32.647185
 20
48.701037
  0
VERTEX
  8
gto
 10
32.647185
 20
48.452117
  0
VERTEX
  8
gto
 10
32.769106
 20
48.452117
  0
VERTEX
  8
gto
 10
32.769106
 20
48.576577
  0
VERTEX
  8
gto
 10
33.640327
 20
48.576577
  0
VERTEX
  8
gto
 10
33.640327
 20
48.452117
  0
VERTEX
  8
gto
 10
33.762248
 20
48.452117
  0
VERTEX
  8
gto
 10
33.762248
 20
49.005838
  0
VERTEX
  8
gto
 10
33.757168
 20
49.027678
  0
VERTEX
  8
gto
 10
33.741927
 20
49.049018
  0
VERTEX
  8
gto
 10
33.488437
 20
49.301499
  0
VERTEX
  8
gto
 10
33.477767
 20
49.308099
  0
VERTEX
  8
gto
 10
33.452367
 20
49.313179
  0
SEQEND
  8
gto
  0
POLYLINE
  8
gto
 62
1
 40
0.000000
 41
0.000000
 66
  1
  0
VERTEX
  8
gto
 10
32.647185
 20
48.223516
  0
VERTEX
  8
gto
 10
32.647185
 20
48.101596
  0
VERTEX
  8
gto
 10
33.266947
 20
48.101596
  0
VERTEX
  8
gto
 10
32.647185
 20
47.481835
  0
VERTEX
  8
gto
 10
32.647185
 20
47.357375
  0
VERTEX
  8
gto
 10
33.759708
 20
47.357375
  0
VERTEX
  8
gto
 10
33.759708
 20
47.481835
  0
VERTEX
  8
gto
 10
32.830066
 20
47.481835
  0
VERTEX
  8
gto
 10
33.454907
 20
48.101596
  0
VERTEX
  8
gto
 10
33.759708
 20
48.101596
  0
VERTEX
  8
gto
 10
33.759708
 20
48.223516
  0
SEQEND
  8
gto
  0
POLYLINE
  8
gto
 62
1
 40
0.000000
 41
0.000000
 66
  1
  0
VERTEX
  8
gto
 10
33.266947
 20
47.136394
  0
VERTEX
  8
gto
 10
33.266947
 20
46.641093
  0
VERTEX
  8
gto
 10
33.388867
 20
46.641093
  0
VERTEX
  8
gto
 10
33.388867
 20
46.884934
  0
VERTEX
  8
gto
 10
33.635247
 20
46.884934
  0
VERTEX
  8
gto
 10
33.635247
 20
46.602993
  0
VERTEX
  8
gto
 10
33.429507
 20
46.397253
  0
VERTEX
  8
gto
 10
32.977386
 20
46.397253
  0
VERTEX
  8
gto
 10
32.769106
 20
46.602993
  0
VERTEX
  8
gto
 10
32.769106
 20
46.803654
  0
VERTEX
  8
gto
 10
32.873246
 20
46.905254
  0
VERTEX
  8
gto
 10
32.789426
 20
46.994154
  0
VERTEX
  8
gto
 10
32.664965
 20
46.872234
  0
VERTEX
  8
gto
 10
32.651765
 20
46.851914
  0
VERTEX
  8
gto
 10
32.648205
 20
46.839724
  0
VERTEX
  8
gto
 10
32.648205
 20
46.563373
  0
VERTEX
  8
gto
 10
32.651765
 20
46.551173
  0
VERTEX
  8
gto
 10
32.657345
 20
46.541523
  0
VERTEX
  8
gto
 10
32.914906
 20
46.283463
  0
VERTEX
  8
gto
 10
32.937766
 20
46.275843
  0
VERTEX
  8
gto
 10
33.457447
 20
46.275333
  0
VERTEX
  8
gto
 10
33.479807
 20
46.279393
  0
VERTEX
  8
gto
 10
33.500627
 20
46.293113
  0
VERTEX
  8
gto
 10
33.748537
 20
46.545083
  0
VERTEX
  8
gto
 10
33.753618
 20
46.555243
  0
VERTEX
  8
gto
 10
33.757168
 20
46.580133
  0
VERTEX
  8
gto
 10
33.756158
 20
46.959104
  0
VERTEX
  8
gto
 10
33.747007
 20
46.981964
  0
VERTEX
  8
gto
 10
33.739387
 20
46.991614
  0
VERTEX
  8
gto
 10
33.719067
 20
47.002794
  0
VERTEX
  8
gto
 10
33.698747
 20
47.006854
  0
VERTEX
  8
gto
 10
33.388867
 20
47.006854
  0
VERTEX
  8
gto
 10
33.388867
 20
47.136394
  0
SEQEND
  8
gto
  0
POLYLINE
  8
gto
 62
1
 40
0.000000
 41
0.000000
 66
  1
  0
VERTEX
  8
gto
 10
35.382771
 20
49.313179
  0
VERTEX
  8
gto
 10
35.359411
 20
49.308099
  0
VERTEX
  8
gto
 10
35.339591
 20
49.292859
  0
VERTEX
  8
gto
 10
35.084070
 20
49.039368
  0
VERTEX
  8
gto
 10
35.077970
 20
49.029718
  0
VERTEX
  8
gto
 10
35.072890
 20
49.008378
  0
VERTEX
  8
gto
 10
35.072890
 20
48.701037
  0
VERTEX
  8
gto
 10
35.194810
 20
48.701037
  0
VERTEX
  8
gto
 10
35.194810
 20
48.980438
  0
VERTEX
  8
gto
 10
35.408171
 20
49.191258
  0
VERTEX
  8
gto
 10
35.855212
 20
49.191258
  0
VERTEX
  8
gto
 10
36.063492
 20
48.980438
  0
VERTEX
  8
gto
 10
36.063492
 20
48.701037
  0
VERTEX
  8
gto
 10
35.072890
 20
48.701037
  0
VERTEX
  8
gto
 10
35.072890
 20
48.452117
  0
VERTEX
  8
gto
 10
35.194810
 20
48.452117
  0
VERTEX
  8
gto
 10
35.194810
 20
48.576577
  0
VERTEX
  8
gto
 10
36.066032
 20
48.576577
  0
VERTEX
  8
gto
 10
36.066032
 20
48.452117
  0
VERTEX
  8
gto
 10
36.187952
 20
48.452117
  0
VERTEX
  8
gto
 10
36.186942
 20
49.017018
  0
VERTEX
  8
gto
 10
36.176782
 20
49.038348
  0
VERTEX
  8
gto
 10
35.923792
 20
49.292859
  0
VERTEX
  8
gto
 10
35.903472
 20
49.308099
  0
VERTEX
  8
gto
 10
35.878072
 20
49.313179
  0
SEQEND
  8
gto
  0
POLYLINE
  8
gto
 62
1
 40
0.000000
 41
0.000000
 66
  1
  0
VERTEX
  8
gto
 10
35.072890
 20
48.223516
  0
VERTEX
  8
gto
 10
35.072890
 20
48.101596
  0
VERTEX
  8
gto
 10
35.692651
 20
48.101596
  0
VERTEX
  8
gto
 10
35.072890
 20
47.481835
  0
VERTEX
  8
gto
 10
35.072890
 20
47.357375
  0
VERTEX
  8
gto
 10
36.185412
 20
47.357375
  0
VERTEX
  8
gto
 10
36.185412
 20
47.481835
  0
VERTEX
  8
gto
 10
35.255771
 20
47.481835
  0
VERTEX
  8
gto
 10
35.880612
 20
48.101596
  0
VERTEX
  8
gto
 10
36.185412
 20
48.101596
  0
VERTEX
  8
gto
 10
36.185412
 20
48.223516
  0
SEQEND
  8
gto
  0
POLYLINE
  8
gto
 62
1
 40
0.000000
 41
0.000000
 66
  1
  0
VERTEX
  8
gto
 10
35.692651
 20
47.136394
  0
VERTEX
  8
gto
 10
35.692651
 20
46.641093
  0
VERTEX
  8
gto
 10
35.814572
 20
46.641093
  0
VERTEX
  8
gto
 10
35.814572
 20
46.884934
  0
VERTEX
  8
gto
 10
36.060952
 20
46.884934
  0
VERTEX
  8
gto
 10
36.060952
 20
46.602993
  0
VERTEX
  8
gto
 10
35.855212
 20
46.397253
  0
VERTEX
  8
gto
 10
35.403091
 20
46.397253
  0
VERTEX
  8
gto
 10
35.194810
 20
46.602993
  0
VERTEX
  8
gto
 10
35.194810
 20
46.803654
  0
VERTEX
  8
gto
 10
35.298951
 20
46.905254
  0
VERTEX
  8
gto
 10
35.215130
 20
46.994154
  0
VERTEX
  8
gto
 10
35.090670
 20
46.872234
  0
VERTEX
  8
gto
 10
35.077470
 20
46.851914
  0
VERTEX
  8
gto
 10
35.073910
 20
46.839724
  0
VERTEX
  8
gto
 10
35.073910
 20
46.563373
  0
VERTEX
  8
gto
 10
35.077470
 20
46.551173
  0
VERTEX
  8
gto
 10
35.083050
 20
46.541523
  0
VERTEX
  8
gto
 10
35.340611
 20
46.283463
  0
VERTEX
  8
gto
 10
35.363471
 20
46.275843
  0
VERTEX
  8
gto
 10
35.883152
 20
46.275333
  0
VERTEX
  8
gto
 10
35.905512
 20
46.279393
  0
VERTEX
  8
gto
 10
35.926332
 20
46.293113
  0
VERTEX
  8
gto
 10
36.174242
 20
46.545083
  0
VERTEX
  8
gto
 10
36.179322
 20
46.555243
  0
VERTEX
  8
gto
 10
36.182872
 20
46.580133
  0
VERTEX
  8
gto
 10
36.181862
 20
46.959104
  0
VERTEX
  8
gto
 10
36.172712
 20
46.981964
  0
VERTEX
  8
gto
 10
36.165092
 20
46.991614
  0
VERTEX
  8
gto
 10
36.144772
 20
47.002794
  0
VERTEX
  8
gto
 10
36.124452
 20
47.006854
  0
VERTEX
  8
gto
 10
35.814572
 20
47.006854
  0
VERTEX
  8
gto
 10
35.814572
 20
47.136394
  0
SEQEND
  8
gto
  0
POLYLINE
  8
gto
 62
1
 40
0.000000
 41
0.000000
 66
  1
  0
VERTEX
  8
gto
 10
37.498595
 20
49.313179
  0
VERTEX
  8
gto
 10
37.498595
 20
48.589277
  0
VERTEX
  8
gto
 10
37.620515
 20
48.589277
  0
VERTEX
  8
gto
 10
37.620515
 20
49.191258
  0
VERTEX
  8
gto
 10
37.663695
 20
49.191258
  0
VERTEX
  8
gto
 10
38.011676
 20
48.840738
  0
VERTEX
  8
gto
 10
38.032506
 20
48.827018
  0
VERTEX
  8
gto
 10
38.054856
 20
48.822958
  0
VERTEX
  8
gto
 10
38.078226
 20
48.827018
  0
VERTEX
  8
gto
 10
38.088896
 20
48.832608
  0
VERTEX
  8
gto
 10
38.105656
 20
48.849878
  0
VERTEX
  8
gto
 10
38.114806
 20
48.871218
  0
VERTEX
  8
gto
 10
38.115816
 20
48.977898
  0
VERTEX
  8
gto
 10
38.329177
 20
49.188718
  0
VERTEX
  8
gto
 10
38.415537
 20
49.188718
  0
VERTEX
  8
gto
 10
38.616197
 20
48.988058
  0
VERTEX
  8
gto
 10
38.616197
 20
48.662937
  0
VERTEX
  8
gto
 10
38.499357
 20
48.548637
  0
VERTEX
  8
gto
 10
38.585717
 20
48.462277
  0
VERTEX
  8
gto
 10
38.727957
 20
48.606037
  0
VERTEX
  8
gto
 10
38.737107
 20
48.627377
  0
VERTEX
  8
gto
 10
38.737107
 20
49.024638
  0
VERTEX
  8
gto
 10
38.727957
 20
49.045968
  0
VERTEX
  8
gto
 10
38.720337
 20
49.056638
  0
VERTEX
  8
gto
 10
38.472437
 20
49.300479
  0
VERTEX
  8
gto
 10
38.461767
 20
49.306069
  0
VERTEX
  8
gto
 10
38.438397
 20
49.310639
  0
VERTEX
  8
gto
 10
38.303777
 20
49.310639
  0
VERTEX
  8
gto
 10
38.280417
 20
49.306069
  0
VERTEX
  8
gto
 10
38.260597
 20
49.292859
  0
VERTEX
  8
gto
 10
38.007106
 20
49.041398
  0
VERTEX
  8
gto
 10
38.002026
 20
49.031238
  0
VERTEX
  8
gto
 10
38.001516
 20
49.026158
  0
VERTEX
  8
gto
 10
37.720595
 20
49.303019
  0
VERTEX
  8
gto
 10
37.709925
 20
49.308609
  0
VERTEX
  8
gto
 10
37.686555
 20
49.313179
  0
SEQEND
  8
gto
  0
POLYLINE
  8
gto
 62
1
 40
0.000000
 41
0.000000
 66
  1
  0
VERTEX
  8
gto
 10
38.301237
 20
48.246376
  0
VERTEX
  8
gto
 10
38.277867
 20
48.241806
  0
VERTEX
  8
gto
 10
38.258057
 20
48.228596
  0
VERTEX
  8
gto
 10
38.011676
 20
47.987296
  0
VERTEX
  8
gto
 10
37.998476
 20
47.967486
  0
VERTEX
  8
gto
 10
37.994916
 20
47.956306
  0
VERTEX
  8
gto
 10
37.993896
 20
47.715515
  0
VERTEX
  8
gto
 10
38.115816
 20
47.715515
  0
VERTEX
  8
gto
 10
38.115816
 20
47.918716
  0
VERTEX
  8
gto
 10
38.326637
 20
48.124456
  0
VERTEX
  8
gto
 10
38.430777
 20
48.124456
  0
VERTEX
  8
gto
 10
38.649217
 20
47.908556
  0
VERTEX
  8
gto
 10
38.649217
 20
47.705355
  0
VERTEX
  8
gto
 10
38.435857
 20
47.494535
  0
VERTEX
  8
gto
 10
38.336797
 20
47.494535
  0
VERTEX
  8
gto
 10
38.115816
 20
47.715515
  0
VERTEX
  8
gto
 10
37.993896
 20
47.715515
  0
VERTEX
  8
gto
 10
37.994916
 20
47.677415
  0
VERTEX
  8
gto
 10
38.004056
 20
47.656075
  0
VERTEX
  8
gto
 10
38.164076
 20
47.494535
  0
VERTEX
  8
gto
 10
37.838956
 20
47.494535
  0
VERTEX
  8
gto
 10
37.584955
 20
47.745995
  0
VERTEX
  8
gto
 10
37.501135
 20
47.662175
  0
VERTEX
  8
gto
 10
37.780036
 20
47.382265
  0
VERTEX
  8
gto
 10
37.790196
 20
47.376675
  0
VERTEX
  8
gto
 10
37.813556
 20
47.372615
  0
VERTEX
  8
gto
 10
38.461257
 20
47.372615
  0
VERTEX
  8
gto
 10
38.501897
 20
47.390395
  0
VERTEX
  8
gto
 10
38.760978
 20
47.648455
  0
VERTEX
  8
gto
 10
38.770128
 20
47.669795
  0
VERTEX
  8
gto
 10
38.770128
 20
47.946146
  0
VERTEX
  8
gto
 10
38.760978
 20
47.967486
  0
VERTEX
  8
gto
 10
38.753358
 20
47.977136
  0
VERTEX
  8
gto
 10
38.499357
 20
48.228596
  0
VERTEX
  8
gto
 10
38.478537
 20
48.241806
  0
VERTEX
  8
gto
 10
38.456177
 20
48.246376
  0
SEQEND
  8
gto
  0
POLYLINE
  8
gto
 62
1
 40
0.000000
 41
0.000000
 66
  1
  0
VERTEX
  8
gto
 10
37.813556
 20
47.144014
  0
VERTEX
  8
gto
 10
37.790196
 20
47.139444
  0
VERTEX
  8
gto
 10
37.770376
 20
47.126234
  0
VERTEX
  8
gto
 10
37.637285
 20
46.996694
  0
VERTEX
  8
gto
 10
37.630675
 20
46.987044
  0
VERTEX
  8
gto
 10
37.625595
 20
46.961134
  0
VERTEX
  8
gto
 10
37.625595
 20
46.486153
  0
VERTEX
  8
gto
 10
37.747515
 20
46.486153
  0
VERTEX
  8
gto
 10
37.747515
 20
46.933194
  0
VERTEX
  8
gto
 10
37.838956
 20
47.022094
  0
VERTEX
  8
gto
 10
38.529837
 20
47.022094
  0
VERTEX
  8
gto
 10
38.616197
 20
46.933194
  0
VERTEX
  8
gto
 10
38.616197
 20
46.483613
  0
VERTEX
  8
gto
 10
38.534917
 20
46.404873
  0
VERTEX
  8
gto
 10
37.836416
 20
46.404873
  0
VERTEX
  8
gto
 10
37.747515
 20
46.486153
  0
VERTEX
  8
gto
 10
37.625595
 20
46.486153
  0
VERTEX
  8
gto
 10
37.627125
 20
46.445003
  0
VERTEX
  8
gto
 10
37.630675
 20
46.433323
  0
VERTEX
  8
gto
 10
37.637285
 20
46.423163
  0
VERTEX
  8
gto
 10
37.770376
 20
46.298193
  0
VERTEX
  8
gto
 10
37.790696
 20
46.282953
  0
VERTEX
  8
gto
 10
37.800856
 20
46.278893
  0
VERTEX
  8
gto
 10
38.560317
 20
46.277873
  0
VERTEX
  8
gto
 10
38.585717
 20
46.281933
  0
VERTEX
  8
gto
 10
38.596387
 20
46.287523
  0
VERTEX
  8
gto
 10
38.722877
 20
46.415033
  0
VERTEX
  8
gto
 10
38.734567
 20
46.434333
  0
VERTEX
  8
gto
 10
38.738117
 20
46.458213
  0
VERTEX
  8
gto
 10
38.737107
 20
46.970784
  0
VERTEX
  8
gto
 10
38.727957
 20
46.992124
  0
VERTEX
  8
gto
 10
38.590297
 20
47.133854
  0
VERTEX
  8
gto
 10
38.580137
 20
47.139444
  0
VERTEX
  8
gto
 10
38.555237
 20
47.144014
  0
SEQEND
  8
gto
  0
POLYLINE
  8
gto
 62
1
 40
0.000000
 41
0.000000
 66
  1
  0
VERTEX
  8
gto
 10
37.625595
 20
45.807972
  0
VERTEX
  8
gto
 10
37.625595
 20
45.437131
  0
VERTEX
  8
gto
 10
37.747515
 20
45.437131
  0
VERTEX
  8
gto
 10
37.747515
 20
45.561591
  0
VERTEX
  8
gto
 10
38.618737
 20
45.561591
  0
VERTEX
  8
gto
 10
38.618737
 20
45.437131
  0
VERTEX
  8
gto
 10
38.743197
 20
45.437131
  0
VERTEX
  8
gto
 10
38.743197
 20
45.807972
  0
VERTEX
  8
gto
 10
38.618737
 20
45.807972
  0
VERTEX
  8
gto
 10
38.618737
 20
45.683511
  0
VERTEX
  8
gto
 10
37.747515
 20
45.683511
  0
VERTEX
  8
gto
 10
37.747515
 20
45.807972
  0
SEQEND
  8
gto
  0
POLYLINE
  8
gto
 62
1
 40
0.000000
 41
0.000000
 66
  1
  0
VERTEX
  8
gto
 10
40.267201
 20
49.313179
  0
VERTEX
  8
gto
 10
40.243840
 20
49.308609
  0
VERTEX
  8
gto
 10
40.224020
 20
49.295399
  0
VERTEX
  8
gto
 10
40.099560
 20
49.170938
  0
VERTEX
  8
gto
 10
40.086360
 20
49.151128
  0
VERTEX
  8
gto
 10
40.082800
 20
49.139948
  0
VERTEX
  8
gto
 10
40.082800
 20
48.756918
  0
VERTEX
  8
gto
 10
40.091940
 20
48.735577
  0
VERTEX
  8
gto
 10
40.357631
 20
48.471927
  0
VERTEX
  8
gto
 10
40.368301
 20
48.466337
  0
VERTEX
  8
gto
 10
40.391661
 20
48.462277
  0
VERTEX
  8
gto
 10
40.455161
 20
48.462277
  0
VERTEX
  8
gto
 10
40.455161
 20
48.584197
  0
VERTEX
  8
gto
 10
40.414521
 20
48.584197
  0
VERTEX
  8
gto
 10
40.203700
 20
48.795018
  0
VERTEX
  8
gto
 10
40.203700
 20
49.104898
  0
VERTEX
  8
gto
 10
40.290061
 20
49.191258
  0
VERTEX
  8
gto
 10
40.495801
 20
49.191258
  0
VERTEX
  8
gto
 10
41.228852
 20
48.471927
  0
VERTEX
  8
gto
 10
41.239522
 20
48.466337
  0
VERTEX
  8
gto
 10
41.262883
 20
48.462277
  0
VERTEX
  8
gto
 10
41.285233
 20
48.466337
  0
VERTEX
  8
gto
 10
41.306063
 20
48.480057
  0
VERTEX
  8
gto
 10
41.319273
 20
48.499357
  0
VERTEX
  8
gto
 10
41.322833
 20
48.510537
  0
VERTEX
  8
gto
 10
41.323843
 20
49.313179
  0
VERTEX
  8
gto
 10
41.201922
 20
49.313179
  0
VERTEX
  8
gto
 10
41.201922
 20
48.670557
  0
VERTEX
  8
gto
 10
40.564381
 20
49.295399
  0
VERTEX
  8
gto
 10
40.543561
 20
49.308609
  0
VERTEX
  8
gto
 10
40.521201
 20
49.313179
  0
SEQEND
  8
gto
  0
POLYLINE
  8
gto
 62
1
 40
0.000000
 41
0.000000
 66
  1
  0
VERTEX
  8
gto
 10
40.884422
 20
48.246376
  0
VERTEX
  8
gto
 10
40.861062
 20
48.241806
  0
VERTEX
  8
gto
 10
40.841242
 20
48.228596
  0
VERTEX
  8
gto
 10
40.594861
 20
47.987296
  0
VERTEX
  8
gto
 10
40.581661
 20
47.967486
  0
VERTEX
  8
gto
 10
40.578101
 20
47.956306
  0
VERTEX
  8
gto
 10
40.577081
 20
47.715515
  0
VERTEX
  8
gto
 10
40.699001
 20
47.715515
  0
VERTEX
  8
gto
 10
40.699001
 20
47.918716
  0
VERTEX
  8
gto
 10
40.909822
 20
48.124456
  0
VERTEX
  8
gto
 10
41.013962
 20
48.124456
  0
VERTEX
  8
gto
 10
41.232402
 20
47.908556
  0
VERTEX
  8
gto
 10
41.232402
 20
47.705355
  0
VERTEX
  8
gto
 10
41.019042
 20
47.494535
  0
VERTEX
  8
gto
 10
40.919982
 20
47.494535
  0
VERTEX
  8
gto
 10
40.699001
 20
47.715515
  0
VERTEX
  8
gto
 10
40.577081
 20
47.715515
  0
VERTEX
  8
gto
 10
40.578101
 20
47.677415
  0
VERTEX
  8
gto
 10
40.587241
 20
47.656075
  0
VERTEX
  8
gto
 10
40.747261
 20
47.494535
  0
VERTEX
  8
gto
 10
40.422141
 20
47.494535
  0
VERTEX
  8
gto
 10
40.168140
 20
47.745995
  0
VERTEX
  8
gto
 10
40.084320
 20
47.662175
  0
VERTEX
  8
gto
 10
40.362711
 20
47.382265
  0
VERTEX
  8
gto
 10
40.373371
 20
47.376675
  0
VERTEX
  8
gto
 10
40.396741
 20
47.372615
  0
VERTEX
  8
gto
 10
41.044442
 20
47.372615
  0
VERTEX
  8
gto
 10
41.085082
 20
47.390395
  0
VERTEX
  8
gto
 10
41.344163
 20
47.648455
  0
VERTEX
  8
gto
 10
41.353313
 20
47.669795
  0
VERTEX
  8
gto
 10
41.353313
 20
47.946146
  0
VERTEX
  8
gto
 10
41.344163
 20
47.967486
  0
VERTEX
  8
gto
 10
41.336543
 20
47.977136
  0
VERTEX
  8
gto
 10
41.082542
 20
48.228596
  0
VERTEX
  8
gto
 10
41.061722
 20
48.241806
  0
VERTEX
  8
gto
 10
41.039362
 20
48.246376
  0
SEQEND
  8
gto
  0
POLYLINE
  8
gto
 62
1
 40
0.000000
 41
0.000000
 66
  1
  0
VERTEX
  8
gto
 10
40.396741
 20
47.144014
  0
VERTEX
  8
gto
 10
40.373371
 20
47.139444
  0
VERTEX
  8
gto
 10
40.353561
 20
47.126234
  0
VERTEX
  8
gto
 10
40.220470
 20
46.996694
  0
VERTEX
  8
gto
 10
40.213860
 20
46.987044
  0
VERTEX
  8
gto
 10
40.208780
 20
46.961134
  0
VERTEX
  8
gto
 10
40.208780
 20
46.486153
  0
VERTEX
  8
gto
 10
40.330701
 20
46.486153
  0
VERTEX
  8
gto
 10
40.330701
 20
46.933194
  0
VERTEX
  8
gto
 10
40.422141
 20
47.022094
  0
VERTEX
  8
gto
 10
41.113022
 20
47.022094
  0
VERTEX
  8
gto
 10
41.199382
 20
46.933194
  0
VERTEX
  8
gto
 10
41.199382
 20
46.483613
  0
VERTEX
  8
gto
 10
41.118102
 20
46.404873
  0
VERTEX
  8
gto
 10
40.419601
 20
46.404873
  0
VERTEX
  8
gto
 10
40.330701
 20
46.486153
  0
VERTEX
  8
gto
 10
40.208780
 20
46.486153
  0
VERTEX
  8
gto
 10
40.210310
 20
46.445003
  0
VERTEX
  8
gto
 10
40.213860
 20
46.433323
  0
VERTEX
  8
gto
 10
40.220470
 20
46.423163
  0
VERTEX
  8
gto
 10
40.353561
 20
46.298193
  0
VERTEX
  8
gto
 10
40.373881
 20
46.282953
  0
VERTEX
  8
gto
 10
40.384041
 20
46.278893
  0
VERTEX
  8
gto
 10
41.143502
 20
46.277873
  0
VERTEX
  8
gto
 10
41.168902
 20
46.281933
  0
VERTEX
  8
gto
 10
41.179572
 20
46.287523
  0
VERTEX
  8
gto
 10
41.306063
 20
46.415033
  0
VERTEX
  8
gto
 10
41.317243
 20
46.434333
  0
VERTEX
  8
gto
 10
41.321303
 20
46.458213
  0
VERTEX
  8
gto
 10
41.320293
 20
46.970784
  0
VERTEX
  8
gto
 10
41.311143
 20
46.992124
  0
VERTEX
  8
gto
 10
41.181602
 20
47.126234
  0
VERTEX
  8
gto
 10
41.163322
 20
47.139444
  0
VERTEX
  8
gto
 10
41.138422
 20
47.144014
  0
SEQEND
  8
gto
  0
POLYLINE
  8
gto
 62
1
 40
0.000000
 41
0.000000
 66
  1
  0
VERTEX
  8
gto
 10
40.208780
 20
45.807972
  0
VERTEX
  8
gto
 10
40.208780
 20
45.437131
  0
VERTEX
  8
gto
 10
40.330701
 20
45.437131
  0
VERTEX
  8
gto
 10
40.330701
 20
45.561591
  0
VERTEX
  8
gto
 10
41.201922
 20
45.561591
  0
VERTEX
  8
gto
 10
41.201922
 20
45.437131
  0
VERTEX
  8
gto
 10
41.326383
 20
45.437131
  0
VERTEX
  8
gto
 10
41.326383
 20
45.807972
  0
VERTEX
  8
gto
 10
41.201922
 20
45.807972
  0
VERTEX
  8
gto
 10
41.201922
 20
45.683511
  0
VERTEX
  8
gto
 10
40.330701
 20
45.683511
  0
VERTEX
  8
gto
 10
40.330701
 20
45.807972
  0
SEQEND
  8
gto
  0
POLYLINE
  8
gto
 62
1
 40
0.000000
 41
0.000000
 66
  1
  0
VERTEX
  8
gto
 10
44.211828
 20
48.952498
  0
VERTEX
  8
gto
 10
44.194048
 20
48.949958
  0
VERTEX
  8
gto
 10
44.179318
 20
48.942848
  0
VERTEX
  8
gto
 10
44.167638
 20
48.930658
  0
VERTEX
  8
gto
 10
44.151378
 20
48.897128
  0
VERTEX
  8
gto
 10
44.151888
 20
48.883918
  0
VERTEX
  8
gto
 10
44.162048
 20
48.863598
  0
VERTEX
  8
gto
 10
44.463289
 20
48.568957
  0
VERTEX
  8
gto
 10
44.542029
 20
48.655317
  0
VERTEX
  8
gto
 10
44.354069
 20
48.835658
  0
VERTEX
  8
gto
 10
45.387851
 20
48.835658
  0
VERTEX
  8
gto
 10
45.387851
 20
48.952498
  0
SEQEND
  8
gto
  0
POLYLINE
  8
gto
 62
1
 40
0.000000
 41
0.000000
 66
  1
  0
VERTEX
  8
gto
 10
44.948430
 20
48.246376
  0
VERTEX
  8
gto
 10
44.925070
 20
48.241806
  0
VERTEX
  8
gto
 10
44.905250
 20
48.228596
  0
VERTEX
  8
gto
 10
44.658869
 20
47.987296
  0
VERTEX
  8
gto
 10
44.645669
 20
47.967486
  0
VERTEX
  8
gto
 10
44.642109
 20
47.956306
  0
VERTEX
  8
gto
 10
44.641089
 20
47.715515
  0
VERTEX
  8
gto
 10
44.763010
 20
47.715515
  0
VERTEX
  8
gto
 10
44.763010
 20
47.918716
  0
VERTEX
  8
gto
 10
44.973830
 20
48.124456
  0
VERTEX
  8
gto
 10
45.077970
 20
48.124456
  0
VERTEX
  8
gto
 10
45.296411
 20
47.908556
  0
VERTEX
  8
gto
 10
45.296411
 20
47.705355
  0
VERTEX
  8
gto
 10
45.083050
 20
47.494535
  0
VERTEX
  8
gto
 10
44.983990
 20
47.494535
  0
VERTEX
  8
gto
 10
44.763010
 20
47.715515
  0
VERTEX
  8
gto
 10
44.641089
 20
47.715515
  0
VERTEX
  8
gto
 10
44.642109
 20
47.677415
  0
VERTEX
  8
gto
 10
44.651249
 20
47.656075
  0
VERTEX
  8
gto
 10
44.811270
 20
47.494535
  0
VERTEX
  8
gto
 10
44.486149
 20
47.494535
  0
VERTEX
  8
gto
 10
44.232148
 20
47.745995
  0
VERTEX
  8
gto
 10
44.148328
 20
47.662175
  0
VERTEX
  8
gto
 10
44.426719
 20
47.382265
  0
VERTEX
  8
gto
 10
44.437389
 20
47.376675
  0
VERTEX
  8
gto
 10
44.460749
 20
47.372615
  0
VERTEX
  8
gto
 10
45.108450
 20
47.372615
  0
VERTEX
  8
gto
 10
45.149090
 20
47.390395
  0
VERTEX
  8
gto
 10
45.408171
 20
47.648455
  0
VERTEX
  8
gto
 10
45.417321
 20
47.669795
  0
VERTEX
  8
gto
 10
45.417321
 20
47.946146
  0
VERTEX
  8
gto
 10
45.408171
 20
47.967486
  0
VERTEX
  8
gto
 10
45.400551
 20
47.977136
  0
VERTEX
  8
gto
 10
45.146550
 20
48.228596
  0
VERTEX
  8
gto
 10
45.125730
 20
48.241806
  0
VERTEX
  8
gto
 10
45.103370
 20
48.246376
  0
SEQEND
  8
gto
  0
POLYLINE
  8
gto
 62
1
 40
0.000000
 41
0.000000
 66
  1
  0
VERTEX
  8
gto
 10
44.460749
 20
47.144014
  0
VERTEX
  8
gto
 10
44.437389
 20
47.139444
  0
VERTEX
  8
gto
 10
44.417569
 20
47.126234
  0
VERTEX
  8
gto
 10
44.284479
 20
46.996694
  0
VERTEX
  8
gto
 10
44.277869
 20
46.987044
  0
VERTEX
  8
gto
 10
44.272789
 20
46.961134
  0
VERTEX
  8
gto
 10
44.272789
 20
46.486153
  0
VERTEX
  8
gto
 10
44.394709
 20
46.486153
  0
VERTEX
  8
gto
 10
44.394709
 20
46.933194
  0
VERTEX
  8
gto
 10
44.486149
 20
47.022094
  0
VERTEX
  8
gto
 10
45.177030
 20
47.022094
  0
VERTEX
  8
gto
 10
45.263391
 20
46.933194
  0
VERTEX
  8
gto
 10
45.263391
 20
46.483613
  0
VERTEX
  8
gto
 10
45.182110
 20
46.404873
  0
VERTEX
  8
gto
 10
44.483609
 20
46.404873
  0
VERTEX
  8
gto
 10
44.394709
 20
46.486153
  0
VERTEX
  8
gto
 10
44.272789
 20
46.486153
  0
VERTEX
  8
gto
 10
44.274319
 20
46.445003
  0
VERTEX
  8
gto
 10
44.277869
 20
46.433323
  0
VERTEX
  8
gto
 10
44.284479
 20
46.423163
  0
VERTEX
  8
gto
 10
44.417569
 20
46.298193
  0
VERTEX
  8
gto
 10
44.437889
 20
46.282953
  0
VERTEX
  8
gto
 10
44.448049
 20
46.278893
  0
VERTEX
  8
gto
 10
45.207510
 20
46.277873
  0
VERTEX
  8
gto
 10
45.232910
 20
46.281933
  0
VERTEX
  8
gto
 10
45.243580
 20
46.287523
  0
VERTEX
  8
gto
 10
45.370071
 20
46.415033
  0
VERTEX
  8
gto
 10
45.381251
 20
46.434333
  0
VERTEX
  8
gto
 10
45.385311
 20
46.458213
  0
VERTEX
  8
gto
 10
45.384301
 20
46.970784
  0
VERTEX
  8
gto
 10
45.375151
 20
46.992124
  0
VERTEX
  8
gto
 10
45.245610
 20
47.126234
  0
VERTEX
  8
gto
 10
45.227330
 20
47.139444
  0
VERTEX
  8
gto
 10
45.202430
 20
47.144014
  0
SEQEND
  8
gto
  0
POLYLINE
  8
gto
 62
1
 40
0.000000
 41
0.000000
 66
  1
  0
VERTEX
  8
gto
 10
44.272789
 20
45.807972
  0
VERTEX
  8
gto
 10
44.272789
 20
45.437131
  0
VERTEX
  8
gto
 10
44.394709
 20
45.437131
  0
VERTEX
  8
gto
 10
44.394709
 20
45.561591
  0
VERTEX
  8
gto
 10
45.265931
 20
45.561591
  0
VERTEX
  8
gto
 10
45.265931
 20
45.437131
  0
VERTEX
  8
gto
 10
45.390391
 20
45.437131
  0
VERTEX
  8
gto
 10
45.390391
 20
45.807972
  0
VERTEX
  8
gto
 10
45.265931
 20
45.807972
  0
VERTEX
  8
gto
 10
45.265931
 20
45.683511
  0
VERTEX
  8
gto
 10
44.394709
 20
45.683511
  0
VERTEX
  8
gto
 10
44.394709
 20
45.807972
  0
SEQEND
  8
gto
  0
POLYLINE
  8
gto
 62
1
 40
0.000000
 41
0.000000
 66
  1
  0
VERTEX
  8
gto
 10
46.873754
 20
49.313179
  0
VERTEX
  8
gto
 10
46.850394
 20
49.308609
  0
VERTEX
  8
gto
 10
46.830574
 20
49.295399
  0
VERTEX
  8
gto
 10
46.581653
 20
49.046478
  0
VERTEX
  8
gto
 10
46.568453
 20
49.025138
  0
VERTEX
  8
gto
 10
46.564893
 20
49.014478
  0
VERTEX
  8
gto
 10
46.563873
 20
48.800098
  0
VERTEX
  8
gto
 10
46.685793
 20
48.800098
  0
VERTEX
  8
gto
 10
46.685793
 20
48.975358
  0
VERTEX
  8
gto
 10
46.899154
 20
49.191258
  0
VERTEX
  8
gto
 10
47.475735
 20
49.191258
  0
VERTEX
  8
gto
 10
47.681475
 20
48.982978
  0
VERTEX
  8
gto
 10
47.681475
 20
48.795018
  0
VERTEX
  8
gto
 10
47.470655
 20
48.584197
  0
VERTEX
  8
gto
 10
46.899154
 20
48.584197
  0
VERTEX
  8
gto
 10
46.685793
 20
48.800098
  0
VERTEX
  8
gto
 10
46.563873
 20
48.800098
  0
VERTEX
  8
gto
 10
46.564893
 20
48.761998
  0
VERTEX
  8
gto
 10
46.574033
 20
48.740657
  0
VERTEX
  8
gto
 10
46.839214
 20
48.471927
  0
VERTEX
  8
gto
 10
46.848864
 20
48.466337
  0
VERTEX
  8
gto
 10
46.873754
 20
48.462277
  0
VERTEX
  8
gto
 10
47.507235
 20
48.463297
  0
VERTEX
  8
gto
 10
47.518415
 20
48.466337
  0
VERTEX
  8
gto
 10
47.539235
 20
48.480057
  0
VERTEX
  8
gto
 10
47.793236
 20
48.736087
  0
VERTEX
  8
gto
 10
47.798826
 20
48.745737
  0
VERTEX
  8
gto
 10
47.802386
 20
48.757938
  0
VERTEX
  8
gto
 10
47.802386
 20
49.020568
  0
VERTEX
  8
gto
 10
47.793236
 20
49.041908
  0
VERTEX
  8
gto
 10
47.785616
 20
49.051558
  0
VERTEX
  8
gto
 10
47.534155
 20
49.303019
  0
VERTEX
  8
gto
 10
47.524505
 20
49.308609
  0
VERTEX
  8
gto
 10
47.498595
 20
49.313179
  0
SEQEND
  8
gto
  0
POLYLINE
  8
gto
 62
1
 40
0.000000
 41
0.000000
 66
  1
  0
VERTEX
  8
gto
 10
47.061714
 20
48.944878
  0
VERTEX
  8
gto
 10
47.039874
 20
48.940308
  0
VERTEX
  8
gto
 10
47.021074
 20
48.927098
  0
VERTEX
  8
gto
 10
47.005834
 20
48.907288
  0
VERTEX
  8
gto
 10
47.000754
 20
48.883918
  0
VERTEX
  8
gto
 10
47.005834
 20
48.860038
  0
VERTEX
  8
gto
 10
47.021074
 20
48.840738
  0
VERTEX
  8
gto
 10
47.039874
 20
48.827018
  0
VERTEX
  8
gto
 10
47.061714
 20
48.822958
  0
VERTEX
  8
gto
 10
47.324355
 20
48.823978
  0
VERTEX
  8
gto
 10
47.335535
 20
48.827018
  0
VERTEX
  8
gto
 10
47.356355
 20
48.840738
  0
VERTEX
  8
gto
 10
47.369565
 20
48.860038
  0
VERTEX
  8
gto
 10
47.373125
 20
48.871218
  0
VERTEX
  8
gto
 10
47.373125
 20
48.896108
  0
VERTEX
  8
gto
 10
47.363975
 20
48.917448
  0
VERTEX
  8
gto
 10
47.356355
 20
48.927098
  0
VERTEX
  8
gto
 10
47.335535
 20
48.940308
  0
VERTEX
  8
gto
 10
47.313175
 20
48.944878
  0
SEQEND
  8
gto
  0
POLYLINE
  8
gto
 62
1
 40
0.000000
 41
0.000000
 66
  1
  0
VERTEX
  8
gto
 10
47.366515
 20
48.246376
  0
VERTEX
  8
gto
 10
47.343155
 20
48.241806
  0
VERTEX
  8
gto
 10
47.323335
 20
48.228596
  0
VERTEX
  8
gto
 10
47.076954
 20
47.987296
  0
VERTEX
  8
gto
 10
47.063754
 20
47.967486
  0
VERTEX
  8
gto
 10
47.060194
 20
47.956306
  0
VERTEX
  8
gto
 10
47.059174
 20
47.715515
  0
VERTEX
  8
gto
 10
47.181094
 20
47.715515
  0
VERTEX
  8
gto
 10
47.181094
 20
47.918716
  0
VERTEX
  8
gto
 10
47.389375
 20
48.124456
  0
VERTEX
  8
gto
 10
47.496055
 20
48.124456
  0
VERTEX
  8
gto
 10
47.711955
 20
47.908556
  0
VERTEX
  8
gto
 10
47.711955
 20
47.705355
  0
VERTEX
  8
gto
 10
47.498595
 20
47.494535
  0
VERTEX
  8
gto
 10
47.402075
 20
47.494535
  0
VERTEX
  8
gto
 10
47.181094
 20
47.715515
  0
VERTEX
  8
gto
 10
47.059174
 20
47.715515
  0
VERTEX
  8
gto
 10
47.060194
 20
47.677415
  0
VERTEX
  8
gto
 10
47.069334
 20
47.656075
  0
VERTEX
  8
gto
 10
47.229354
 20
47.494535
  0
VERTEX
  8
gto
 10
46.901694
 20
47.494535
  0
VERTEX
  8
gto
 10
46.650233
 20
47.745995
  0
VERTEX
  8
gto
 10
46.563873
 20
47.662175
  0
VERTEX
  8
gto
 10
46.844804
 20
47.382265
  0
VERTEX
  8
gto
 10
46.855474
 20
47.376675
  0
VERTEX
  8
gto
 10
46.878834
 20
47.372615
  0
VERTEX
  8
gto
 10
47.526535
 20
47.372615
  0
VERTEX
  8
gto
 10
47.567175
 20
47.390395
  0
VERTEX
  8
gto
 10
47.823716
 20
47.648455
  0
VERTEX
  8
gto
 10
47.832866
 20
47.669795
  0
VERTEX
  8
gto
 10
47.832866
 20
47.946146
  0
VERTEX
  8
gto
 10
47.823716
 20
47.967486
  0
VERTEX
  8
gto
 10
47.816096
 20
47.977136
  0
VERTEX
  8
gto
 10
47.552955
 20
48.236216
  0
VERTEX
  8
gto
 10
47.542285
 20
48.241806
  0
VERTEX
  8
gto
 10
47.518915
 20
48.246376
  0
SEQEND
  8
gto
  0
POLYLINE
  8
gto
 62
1
 40
0.000000
 41
0.000000
 66
  1
  0
VERTEX
  8
gto
 10
46.878834
 20
47.144014
  0
VERTEX
  8
gto
 10
46.853944
 20
47.139444
  0
VERTEX
  8
gto
 10
46.835654
 20
47.126234
  0
VERTEX
  8
gto
 10
46.701033
 20
46.996694
  0
VERTEX
  8
gto
 10
46.695453
 20
46.987044
  0
VERTEX
  8
gto
 10
46.691893
 20
46.974854
  0
VERTEX
  8
gto
 10
46.690873
 20
46.486153
  0
VERTEX
  8
gto
 10
46.810254
 20
46.486153
  0
VERTEX
  8
gto
 10
46.810254
 20
46.933194
  0
VERTEX
  8
gto
 10
46.901694
 20
47.022094
  0
VERTEX
  8
gto
 10
47.592575
 20
47.022094
  0
VERTEX
  8
gto
 10
47.681475
 20
46.933194
  0
VERTEX
  8
gto
 10
47.681475
 20
46.483613
  0
VERTEX
  8
gto
 10
47.600195
 20
46.404873
  0
VERTEX
  8
gto
 10
46.899154
 20
46.404873
  0
VERTEX
  8
gto
 10
46.810254
 20
46.486153
  0
VERTEX
  8
gto
 10
46.690873
 20
46.486153
  0
VERTEX
  8
gto
 10
46.691893
 20
46.445003
  0
VERTEX
  8
gto
 10
46.701033
 20
46.423163
  0
VERTEX
  8
gto
 10
46.835654
 20
46.298193
  0
VERTEX
  8
gto
 10
46.855974
 20
46.282953
  0
VERTEX
  8
gto
 10
46.866134
 20
46.278893
  0
VERTEX
  8
gto
 10
47.625595
 20
46.277873
  0
VERTEX
  8
gto
 10
47.649985
 20
46.281933
  0
VERTEX
  8
gto
 10
47.671315
 20
46.295653
  0
VERTEX
  8
gto
 10
47.793236
 20
46.424173
  0
VERTEX
  8
gto
 10
47.802386
 20
46.445513
  0
VERTEX
  8
gto
 10
47.803396
 20
46.958594
  0
VERTEX
  8
gto
 10
47.798316
 20
46.981964
  0
VERTEX
  8
gto
 10
47.783076
 20
47.001774
  0
VERTEX
  8
gto
 10
47.654045
 20
47.133854
  0
VERTEX
  8
gto
 10
47.644395
 20
47.139444
  0
VERTEX
  8
gto
 10
47.620515
 20
47.144014
  0
SEQEND
  8
gto
  0
POLYLINE
  8
gto
 62
1
 40
0.000000
 41
0.000000
 66
  1
  0
VERTEX
  8
gto
 10
46.690873
 20
45.807972
  0
VERTEX
  8
gto
 10
46.690873
 20
45.437131
  0
VERTEX
  8
gto
 10
46.812794
 20
45.437131
  0
VERTEX
  8
gto
 10
46.812794
 20
45.561591
  0
VERTEX
  8
gto
 10
47.681475
 20
45.561591
  0
VERTEX
  8
gto
 10
47.681475
 20
45.437131
  0
VERTEX
  8
gto
 10
47.805936
 20
45.437131
  0
VERTEX
  8
gto
 10
47.805936
 20
45.807972
  0
VERTEX
  8
gto
 10
47.681475
 20
45.807972
  0
VERTEX
  8
gto
 10
47.681475
 20
45.683511
  0
VERTEX
  8
gto
 10
46.812794
 20
45.683511
  0
VERTEX
  8
gto
 10
46.812794
 20
45.807972
  0
SEQEND
  8
gto
  0
POLYLINE
  8
gto
 62
1
 40
0.000000
 41
0.000000
 66
  1
  0
VERTEX
  8
gto
 10
49.167378
 20
49.313179
  0
VERTEX
  8
gto
 10
49.144018
 20
49.308609
  0
VERTEX
  8
gto
 10
49.124198
 20
49.295399
  0
VERTEX
  8
gto
 10
48.989578
 20
49.162298
  0
VERTEX
  8
gto
 10
48.980438
 20
49.140458
  0
VERTEX
  8
gto
 10
48.979418
 20
48.795018
  0
VERTEX
  8
gto
 10
49.101338
 20
48.795018
  0
VERTEX
  8
gto
 10
49.101338
 20
49.102358
  0
VERTEX
  8
gto
 10
49.190238
 20
49.191258
  0
VERTEX
  8
gto
 10
49.271519
 20
49.191258
  0
VERTEX
  8
gto
 10
49.601719
 20
48.861058
  0
VERTEX
  8
gto
 10
49.601719
 20
48.662937
  0
VERTEX
  8
gto
 10
49.522979
 20
48.584197
  0
VERTEX
  8
gto
 10
49.312159
 20
48.584197
  0
VERTEX
  8
gto
 10
49.101338
 20
48.795018
  0
VERTEX
  8
gto
 10
48.979418
 20
48.795018
  0
VERTEX
  8
gto
 10
48.980438
 20
48.757938
  0
VERTEX
  8
gto
 10
48.983998
 20
48.745737
  0
VERTEX
  8
gto
 10
48.989578
 20
48.736087
  0
VERTEX
  8
gto
 10
49.253739
 20
48.471927
  0
VERTEX
  8
gto
 10
49.263399
 20
48.466337
  0
VERTEX
  8
gto
 10
49.289299
 20
48.462277
  0
VERTEX
  8
gto
 10
49.559049
 20
48.463297
  0
VERTEX
  8
gto
 10
49.570739
 20
48.466337
  0
VERTEX
  8
gto
 10
49.580389
 20
48.471927
  0
VERTEX
  8
gto
 10
49.705859
 20
48.596897
  0
VERTEX
  8
gto
 10
49.719069
 20
48.616197
  0
VERTEX
  8
gto
 10
49.722629
 20
48.627377
  0
VERTEX
  8
gto
 10
49.722629
 20
48.897638
  0
VERTEX
  8
gto
 10
49.719069
 20
48.909828
  0
VERTEX
  8
gto
 10
49.713479
 20
48.919478
  0
VERTEX
  8
gto
 10
49.441699
 20
49.191258
  0
VERTEX
  8
gto
 10
50.013200
 20
49.191258
  0
VERTEX
  8
gto
 10
50.135120
 20
49.066798
  0
VERTEX
  8
gto
 10
50.221480
 20
49.153158
  0
VERTEX
  8
gto
 10
50.070100
 20
49.303019
  0
VERTEX
  8
gto
 10
50.059430
 20
49.308609
  0
VERTEX
  8
gto
 10
50.036060
 20
49.313179
  0
SEQEND
  8
gto
  0
POLYLINE
  8
gto
 62
1
 40
0.000000
 41
0.000000
 66
  1
  0
VERTEX
  8
gto
 10
48.979418
 20
48.223516
  0
VERTEX
  8
gto
 10
48.979418
 20
47.372615
  0
VERTEX
  8
gto
 10
49.472179
 20
47.372615
  0
VERTEX
  8
gto
 10
49.472179
 20
47.895856
  0
VERTEX
  8
gto
 10
49.680459
 20
48.101596
  0
VERTEX
  8
gto
 10
49.886200
 20
48.101596
  0
VERTEX
  8
gto
 10
50.097020
 20
47.893316
  0
VERTEX
  8
gto
 10
50.097020
 20
47.380235
  0
VERTEX
  8
gto
 10
50.218940
 20
47.380235
  0
VERTEX
  8
gto
 10
50.217930
 20
47.931416
  0
VERTEX
  8
gto
 10
50.214370
 20
47.942596
  0
VERTEX
  8
gto
 10
50.208780
 20
47.951736
  0
VERTEX
  8
gto
 10
49.945640
 20
48.213356
  0
VERTEX
  8
gto
 10
49.934970
 20
48.218946
  0
VERTEX
  8
gto
 10
49.911600
 20
48.223516
  0
VERTEX
  8
gto
 10
49.655059
 20
48.223516
  0
VERTEX
  8
gto
 10
49.631189
 20
48.218946
  0
VERTEX
  8
gto
 10
49.621539
 20
48.213356
  0
VERTEX
  8
gto
 10
49.370579
 20
47.961896
  0
VERTEX
  8
gto
 10
49.357379
 20
47.942086
  0
VERTEX
  8
gto
 10
49.353819
 20
47.930906
  0
VERTEX
  8
gto
 10
49.352799
 20
47.494535
  0
VERTEX
  8
gto
 10
49.101338
 20
47.494535
  0
VERTEX
  8
gto
 10
49.101338
 20
48.223516
  0
SEQEND
  8
gto
  0
POLYLINE
  8
gto
 62
1
 40
0.000000
 41
0.000000
 66
  1
  0
VERTEX
  8
gto
 10
49.294379
 20
47.144014
  0
VERTEX
  8
gto
 10
49.271019
 20
47.139444
  0
VERTEX
  8
gto
 10
49.251199
 20
47.126234
  0
VERTEX
  8
gto
 10
49.119118
 20
46.996694
  0
VERTEX
  8
gto
 10
49.113538
 20
46.987044
  0
VERTEX
  8
gto
 10
49.109978
 20
46.974854
  0
VERTEX
  8
gto
 10
49.108958
 20
46.486153
  0
VERTEX
  8
gto
 10
49.228338
 20
46.486153
  0
VERTEX
  8
gto
 10
49.228338
 20
46.933194
  0
VERTEX
  8
gto
 10
49.319779
 20
47.022094
  0
VERTEX
  8
gto
 10
50.010660
 20
47.022094
  0
VERTEX
  8
gto
 10
50.097020
 20
46.933194
  0
VERTEX
  8
gto
 10
50.097020
 20
46.483613
  0
VERTEX
  8
gto
 10
50.015740
 20
46.404873
  0
VERTEX
  8
gto
 10
49.317239
 20
46.404873
  0
VERTEX
  8
gto
 10
49.228338
 20
46.486153
  0
VERTEX
  8
gto
 10
49.108958
 20
46.486153
  0
VERTEX
  8
gto
 10
49.109978
 20
46.445003
  0
VERTEX
  8
gto
 10
49.119118
 20
46.423163
  0
VERTEX
  8
gto
 10
49.251199
 20
46.298193
  0
VERTEX
  8
gto
 10
49.271519
 20
46.282953
  0
VERTEX
  8
gto
 10
49.281679
 20
46.278893
  0
VERTEX
  8
gto
 10
50.041140
 20
46.277873
  0
VERTEX
  8
gto
 10
50.066540
 20
46.281933
  0
VERTEX
  8
gto
 10
50.077210
 20
46.287523
  0
VERTEX
  8
gto
 10
50.203700
 20
46.415033
  0
VERTEX
  8
gto
 10
50.214880
 20
46.434333
  0
VERTEX
  8
gto
 10
50.218940
 20
46.458213
  0
VERTEX
  8
gto
 10
50.217930
 20
46.970784
  0
VERTEX
  8
gto
 10
50.208780
 20
46.992124
  0
VERTEX
  8
gto
 10
50.079240
 20
47.126234
  0
VERTEX
  8
gto
 10
50.060960
 20
47.139444
  0
VERTEX
  8
gto
 10
50.036060
 20
47.144014
  0
SEQEND
  8
gto
  0
POLYLINE
  8
gto
 62
1
 40
0.000000
 41
0.000000
 66
  1
  0
VERTEX
  8
gto
 10
49.108958
 20
45.807972
  0
VERTEX
  8
gto
 10
49.108958
 20
45.437131
  0
VERTEX
  8
gto
 10
49.230878
 20
45.437131
  0
VERTEX
  8
gto
 10
49.230878
 20
45.561591
  0
VERTEX
  8
gto
 10
50.099560
 20
45.561591
  0
VERTEX
  8
gto
 10
50.099560
 20
45.437131
  0
VERTEX
  8
gto
 10
50.224020
 20
45.437131
  0
VERTEX
  8
gto
 10
50.224020
 20
45.807972
  0
VERTEX
  8
gto
 10
50.099560
 20
45.807972
  0
VERTEX
  8
gto
 10
50.099560
 20
45.683511
  0
VERTEX
  8
gto
 10
49.230878
 20
45.683511
  0
VERTEX
  8
gto
 10
49.230878
 20
45.807972
  0
SEQEND
  8
gto
  0
POLYLINE
  8
gto
 62
1
 40
0.000000
 41
0.000000
 66
  1
  0
VERTEX
  8
gto
 10
52.200144
 20
49.313179
  0
VERTEX
  8
gto
 10
52.175764
 20
49.309619
  0
VERTEX
  8
gto
 10
52.159504
 20
49.300479
  0
VERTEX
  8
gto
 10
51.941064
 20
49.097278
  0
VERTEX
  8
gto
 10
51.862324
 20
49.177038
  0
VERTEX
  8
gto
 10
51.852164
 20
49.183638
  0
VERTEX
  8
gto
 10
51.831844
 20
49.188718
  0
VERTEX
  8
gto
 10
51.577843
 20
49.188718
  0
VERTEX
  8
gto
 10
51.556513
 20
49.184148
  0
VERTEX
  8
gto
 10
51.537203
 20
49.170938
  0
VERTEX
  8
gto
 10
51.415283
 20
49.054098
  0
VERTEX
  8
gto
 10
51.402083
 20
49.034288
  0
VERTEX
  8
gto
 10
51.398523
 20
49.023108
  0
VERTEX
  8
gto
 10
51.397503
 20
48.789938
  0
VERTEX
  8
gto
 10
51.514343
 20
48.789938
  0
VERTEX
  8
gto
 10
51.514343
 20
48.985518
  0
VERTEX
  8
gto
 10
51.600703
 20
49.069338
  0
VERTEX
  8
gto
 10
51.806444
 20
49.069338
  0
VERTEX
  8
gto
 10
51.885184
 20
48.988058
  0
VERTEX
  8
gto
 10
51.885184
 20
48.792478
  0
VERTEX
  8
gto
 10
51.999484
 20
48.792478
  0
VERTEX
  8
gto
 10
51.999484
 20
48.985518
  0
VERTEX
  8
gto
 10
52.220464
 20
49.196338
  0
VERTEX
  8
gto
 10
52.314445
 20
49.196338
  0
VERTEX
  8
gto
 10
52.527805
 20
48.985518
  0
VERTEX
  8
gto
 10
52.527805
 20
48.784858
  0
VERTEX
  8
gto
 10
52.316985
 20
48.584197
  0
VERTEX
  8
gto
 10
52.220464
 20
48.584197
  0
VERTEX
  8
gto
 10
51.999484
 20
48.792478
  0
VERTEX
  8
gto
 10
51.885184
 20
48.792478
  0
VERTEX
  8
gto
 10
51.806444
 20
48.703577
  0
VERTEX
  8
gto
 10
51.610863
 20
48.703577
  0
VERTEX
  8
gto
 10
51.514343
 20
48.789938
  0
VERTEX
  8
gto
 10
51.397503
 20
48.789938
  0
VERTEX
  8
gto
 10
51.397503
 20
48.744217
  0
VERTEX
  8
gto
 10
51.405123
 20
48.732537
  0
VERTEX
  8
gto
 10
51.417823
 20
48.718817
  0
VERTEX
  8
gto
 10
51.554983
 20
48.600457
  0
VERTEX
  8
gto
 10
51.587503
 20
48.585217
  0
VERTEX
  8
gto
 10
51.843024
 20
48.585217
  0
VERTEX
  8
gto
 10
51.864864
 20
48.595377
  0
VERTEX
  8
gto
 10
51.946144
 20
48.680717
  0
VERTEX
  8
gto
 10
52.169664
 20
48.473457
  0
VERTEX
  8
gto
 10
52.188464
 20
48.463297
  0
VERTEX
  8
gto
 10
52.342385
 20
48.462277
  0
VERTEX
  8
gto
 10
52.362705
 20
48.466337
  0
VERTEX
  8
gto
 10
52.383025
 20
48.480057
  0
VERTEX
  8
gto
 10
52.624325
 20
48.718817
  0
VERTEX
  8
gto
 10
52.634995
 20
48.746757
  0
VERTEX
  8
gto
 10
52.637025
 20
48.761998
  0
VERTEX
  8
gto
 10
52.636525
 20
49.039878
  0
VERTEX
  8
gto
 10
52.629405
 20
49.044958
  0
VERTEX
  8
gto
 10
52.383025
 20
49.295399
  0
VERTEX
  8
gto
 10
52.347975
 20
49.312159
  0
SEQEND
  8
gto
  0
POLYLINE
  8
gto
 62
1
 40
0.000000
 41
0.000000
 66
  1
  0
VERTEX
  8
gto
 10
51.397503
 20
48.223516
  0
VERTEX
  8
gto
 10
51.397503
 20
47.372615
  0
VERTEX
  8
gto
 10
51.890264
 20
47.372615
  0
VERTEX
  8
gto
 10
51.890264
 20
47.895856
  0
VERTEX
  8
gto
 10
52.098544
 20
48.101596
  0
VERTEX
  8
gto
 10
52.301745
 20
48.101596
  0
VERTEX
  8
gto
 10
52.515105
 20
47.893316
  0
VERTEX
  8
gto
 10
52.515105
 20
47.380235
  0
VERTEX
  8
gto
 10
52.637025
 20
47.380235
  0
VERTEX
  8
gto
 10
52.637025
 20
47.918716
  0
VERTEX
  8
gto
 10
52.631945
 20
47.942596
  0
VERTEX
  8
gto
 10
52.372865
 20
48.205736
  0
VERTEX
  8
gto
 10
52.352045
 20
48.218946
  0
VERTEX
  8
gto
 10
52.329685
 20
48.223516
  0
VERTEX
  8
gto
 10
52.073144
 20
48.223516
  0
VERTEX
  8
gto
 10
52.048254
 20
48.218946
  0
VERTEX
  8
gto
 10
52.029964
 20
48.205736
  0
VERTEX
  8
gto
 10
51.786124
 20
47.961896
  0
VERTEX
  8
gto
 10
51.772924
 20
47.942086
  0
VERTEX
  8
gto
 10
51.769364
 20
47.930906
  0
VERTEX
  8
gto
 10
51.768344
 20
47.494535
  0
VERTEX
  8
gto
 10
51.519423
 20
47.494535
  0
VERTEX
  8
gto
 10
51.519423
 20
48.223516
  0
SEQEND
  8
gto
  0
POLYLINE
  8
gto
 62
1
 40
0.000000
 41
0.000000
 66
  1
  0
VERTEX
  8
gto
 10
51.712463
 20
47.144014
  0
VERTEX
  8
gto
 10
51.687573
 20
47.139444
  0
VERTEX
  8
gto
 10
51.669283
 20
47.126234
  0
VERTEX
  8
gto
 10
51.534663
 20
46.996694
  0
VERTEX
  8
gto
 10
51.529083
 20
46.987044
  0
VERTEX
  8
gto
 10
51.525523
 20
46.974854
  0
VERTEX
  8
gto
 10
51.524503
 20
46.486153
  0
VERTEX
  8
gto
 10
51.643883
 20
46.486153
  0
VERTEX
  8
gto
 10
51.643883
 20
46.933194
  0
VERTEX
  8
gto
 10
51.735323
 20
47.022094
  0
VERTEX
  8
gto
 10
52.426205
 20
47.022094
  0
VERTEX
  8
gto
 10
52.515105
 20
46.933194
  0
VERTEX
  8
gto
 10
52.515105
 20
46.483613
  0
VERTEX
  8
gto
 10
52.433825
 20
46.404873
  0
VERTEX
  8
gto
 10
51.732783
 20
46.404873
  0
VERTEX
  8
gto
 10
51.643883
 20
46.486153
  0
VERTEX
  8
gto
 10
51.524503
 20
46.486153
  0
VERTEX
  8
gto
 10
51.525523
 20
46.445003
  0
VERTEX
  8
gto
 10
51.534663
 20
46.423163
  0
VERTEX
  8
gto
 10
51.669283
 20
46.298193
  0
VERTEX
  8
gto
 10
51.689603
 20
46.282953
  0
VERTEX
  8
gto
 10
51.699763
 20
46.278893
  0
VERTEX
  8
gto
 10
52.459225
 20
46.277873
  0
VERTEX
  8
gto
 10
52.483105
 20
46.281933
  0
VERTEX
  8
gto
 10
52.504945
 20
46.295653
  0
VERTEX
  8
gto
 10
52.626865
 20
46.424173
  0
VERTEX
  8
gto
 10
52.636015
 20
46.445513
  0
VERTEX
  8
gto
 10
52.637025
 20
46.958594
  0
VERTEX
  8
gto
 10
52.631945
 20
46.981964
  0
VERTEX
  8
gto
 10
52.616705
 20
47.001774
  0
VERTEX
  8
gto
 10
52.487675
 20
47.133854
  0
VERTEX
  8
gto
 10
52.478025
 20
47.139444
  0
VERTEX
  8
gto
 10
52.454145
 20
47.144014
  0
SEQEND
  8
gto
  0
POLYLINE
  8
gto
 62
1
 40
0.000000
 41
0.000000
 66
  1
  0
VERTEX
  8
gto
 10
51.524503
 20
45.807972
  0
VERTEX
  8
gto
 10
51.524503
 20
45.437131
  0
VERTEX
  8
gto
 10
51.646423
 20
45.437131
  0
VERTEX
  8
gto
 10
51.646423
 20
45.561591
  0
VERTEX
  8
gto
 10
52.515105
 20
45.561591
  0
VERTEX
  8
gto
 10
52.515105
 20
45.437131
  0
VERTEX
  8
gto
 10
52.639565
 20
45.437131
  0
VERTEX
  8
gto
 10
52.639565
 20
45.807972
  0
VERTEX
  8
gto
 10
52.515105
 20
45.807972
  0
VERTEX
  8
gto
 10
52.515105
 20
45.683511
  0
VERTEX
  8
gto
 10
51.646423
 20
45.683511
  0
VERTEX
  8
gto
 10
51.646423
 20
45.807972
  0
SEQEND
  8
gto
  0
POLYLINE
  8
gto
 62
1
 40
0.000000
 41
0.000000
 66
  1
  0
VERTEX
  8
gto
 10
54.164588
 20
49.313179
  0
VERTEX
  8
gto
 10
54.164588
 20
48.462277
  0
VERTEX
  8
gto
 10
54.286509
 20
48.462277
  0
VERTEX
  8
gto
 10
54.286509
 20
49.191258
  0
VERTEX
  8
gto
 10
54.322069
 20
49.191258
  0
VERTEX
  8
gto
 10
54.812800
 20
48.702057
  0
VERTEX
  8
gto
 10
54.834640
 20
48.691897
  0
VERTEX
  8
gto
 10
55.406651
 20
48.690877
  0
VERTEX
  8
gto
 10
55.406651
 20
48.812798
  0
VERTEX
  8
gto
 10
54.870710
 20
48.812798
  0
VERTEX
  8
gto
 10
54.382009
 20
49.303019
  0
VERTEX
  8
gto
 10
54.371849
 20
49.308609
  0
VERTEX
  8
gto
 10
54.347469
 20
49.313179
  0
SEQEND
  8
gto
  0
POLYLINE
  8
gto
 62
1
 40
0.000000
 41
0.000000
 66
  1
  0
VERTEX
  8
gto
 10
54.164588
 20
48.223516
  0
VERTEX
  8
gto
 10
54.164588
 20
47.372615
  0
VERTEX
  8
gto
 10
54.657349
 20
47.372615
  0
VERTEX
  8
gto
 10
54.657349
 20
47.895856
  0
VERTEX
  8
gto
 10
54.865630
 20
48.101596
  0
VERTEX
  8
gto
 10
55.071370
 20
48.101596
  0
VERTEX
  8
gto
 10
55.282191
 20
47.893316
  0
VERTEX
  8
gto
 10
55.282191
 20
47.380235
  0
VERTEX
  8
gto
 10
55.404111
 20
47.380235
  0
VERTEX
  8
gto
 10
55.404111
 20
47.918716
  0
VERTEX
  8
gto
 10
55.399541
 20
47.942596
  0
VERTEX
  8
gto
 10
55.393951
 20
47.951736
  0
VERTEX
  8
gto
 10
55.139950
 20
48.205736
  0
VERTEX
  8
gto
 10
55.120140
 20
48.218946
  0
VERTEX
  8
gto
 10
55.096770
 20
48.223516
  0
VERTEX
  8
gto
 10
54.840230
 20
48.223516
  0
VERTEX
  8
gto
 10
54.815850
 20
48.218946
  0
VERTEX
  8
gto
 10
54.806700
 20
48.213356
  0
VERTEX
  8
gto
 10
54.546609
 20
47.952246
  0
VERTEX
  8
gto
 10
54.536449
 20
47.930906
  0
VERTEX
  8
gto
 10
54.535429
 20
47.494535
  0
VERTEX
  8
gto
 10
54.286509
 20
47.494535
  0
VERTEX
  8
gto
 10
54.286509
 20
48.223516
  0
SEQEND
  8
gto
  0
POLYLINE
  8
gto
 62
1
 40
0.000000
 41
0.000000
 66
  1
  0
VERTEX
  8
gto
 10
54.479549
 20
47.144014
  0
VERTEX
  8
gto
 10
54.455669
 20
47.139444
  0
VERTEX
  8
gto
 10
54.436369
 20
47.126234
  0
VERTEX
  8
gto
 10
54.302769
 20
46.996694
  0
VERTEX
  8
gto
 10
54.296669
 20
46.987044
  0
VERTEX
  8
gto
 10
54.292609
 20
46.974854
  0
VERTEX
  8
gto
 10
54.291589
 20
46.486153
  0
VERTEX
  8
gto
 10
54.413509
 20
46.486153
  0
VERTEX
  8
gto
 10
54.413509
 20
46.933194
  0
VERTEX
  8
gto
 10
54.504949
 20
47.022094
  0
VERTEX
  8
gto
 10
55.195830
 20
47.022094
  0
VERTEX
  8
gto
 10
55.282191
 20
46.933194
  0
VERTEX
  8
gto
 10
55.282191
 20
46.483613
  0
VERTEX
  8
gto
 10
55.200910
 20
46.404873
  0
VERTEX
  8
gto
 10
54.502409
 20
46.404873
  0
VERTEX
  8
gto
 10
54.413509
 20
46.486153
  0
VERTEX
  8
gto
 10
54.291589
 20
46.486153
  0
VERTEX
  8
gto
 10
54.292609
 20
46.445003
  0
VERTEX
  8
gto
 10
54.302769
 20
46.423163
  0
VERTEX
  8
gto
 10
54.436369
 20
46.298193
  0
VERTEX
  8
gto
 10
54.456689
 20
46.282953
  0
VERTEX
  8
gto
 10
54.466849
 20
46.278893
  0
VERTEX
  8
gto
 10
55.226310
 20
46.277873
  0
VERTEX
  8
gto
 10
55.251711
 20
46.281933
  0
VERTEX
  8
gto
 10
55.262381
 20
46.287523
  0
VERTEX
  8
gto
 10
55.388871
 20
46.415033
  0
VERTEX
  8
gto
 10
55.400051
 20
46.434333
  0
VERTEX
  8
gto
 10
55.404111
 20
46.458213
  0
VERTEX
  8
gto
 10
55.404111
 20
46.958594
  0
VERTEX
  8
gto
 10
55.399541
 20
46.981964
  0
VERTEX
  8
gto
 10
55.386331
 20
47.001774
  0
VERTEX
  8
gto
 10
55.255771
 20
47.133854
  0
VERTEX
  8
gto
 10
55.245610
 20
47.139444
  0
VERTEX
  8
gto
 10
55.221230
 20
47.144014
  0
SEQEND
  8
gto
  0
POLYLINE
  8
gto
 62
1
 40
0.000000
 41
0.000000
 66
  1
  0
VERTEX
  8
gto
 10
54.291589
 20
45.807972
  0
VERTEX
  8
gto
 10
54.291589
 20
45.437131
  0
VERTEX
  8
gto
 10
54.413509
 20
45.437131
  0
VERTEX
  8
gto
 10
54.413509
 20
45.561591
  0
VERTEX
  8
gto
 10
55.284731
 20
45.561591
  0
VERTEX
  8
gto
 10
55.284731
 20
45.437131
  0
VERTEX
  8
gto
 10
55.409191
 20
45.437131
  0
VERTEX
  8
gto
 10
55.409191
 20
45.807972
  0
VERTEX
  8
gto
 10
55.284731
 20
45.807972
  0
VERTEX
  8
gto
 10
55.284731
 20
45.683511
  0
VERTEX
  8
gto
 10
54.413509
 20
45.683511
  0
VERTEX
  8
gto
 10
54.413509
 20
45.807972
  0
SEQEND
  8
gto
  0
POLYLINE
  8
gto
 62
1
 40
0.000000
 41
0.000000
 66
  1
  0
VERTEX
  8
gto
 10
57.553975
 20
49.336039
  0
VERTEX
  8
gto
 10
57.530605
 20
49.331469
  0
VERTEX
  8
gto
 10
57.510795
 20
49.318259
  0
VERTEX
  8
gto
 10
57.264415
 20
49.076958
  0
VERTEX
  8
gto
 10
57.251205
 20
49.055618
  0
VERTEX
  8
gto
 10
57.246634
 20
49.033778
  0
VERTEX
  8
gto
 10
57.246634
 20
48.802638
  0
VERTEX
  8
gto
 10
57.368555
 20
48.802638
  0
VERTEX
  8
gto
 10
57.368555
 20
49.005838
  0
VERTEX
  8
gto
 10
57.579375
 20
49.214118
  0
VERTEX
  8
gto
 10
57.683515
 20
49.214118
  0
VERTEX
  8
gto
 10
57.901956
 20
48.998218
  0
VERTEX
  8
gto
 10
57.901956
 20
48.795018
  0
VERTEX
  8
gto
 10
57.688595
 20
48.584197
  0
VERTEX
  8
gto
 10
57.589535
 20
48.584197
  0
VERTEX
  8
gto
 10
57.368555
 20
48.802638
  0
VERTEX
  8
gto
 10
57.246634
 20
48.802638
  0
VERTEX
  8
gto
 10
57.248154
 20
48.767078
  0
VERTEX
  8
gto
 10
57.251205
 20
48.755898
  0
VERTEX
  8
gto
 10
57.264415
 20
48.736597
  0
VERTEX
  8
gto
 10
57.416815
 20
48.584197
  0
VERTEX
  8
gto
 10
57.091694
 20
48.584197
  0
VERTEX
  8
gto
 10
56.837694
 20
48.835658
  0
VERTEX
  8
gto
 10
56.753874
 20
48.751838
  0
VERTEX
  8
gto
 10
57.032764
 20
48.471927
  0
VERTEX
  8
gto
 10
57.042924
 20
48.466337
  0
VERTEX
  8
gto
 10
57.066294
 20
48.462277
  0
VERTEX
  8
gto
 10
57.713995
 20
48.462277
  0
VERTEX
  8
gto
 10
57.754636
 20
48.480057
  0
VERTEX
  8
gto
 10
58.014216
 20
48.738117
  0
VERTEX
  8
gto
 10
58.019806
 20
48.748277
  0
VERTEX
  8
gto
 10
58.023876
 20
48.772158
  0
VERTEX
  8
gto
 10
58.022856
 20
49.034798
  0
VERTEX
  8
gto
 10
58.014216
 20
49.056128
  0
VERTEX
  8
gto
 10
58.006096
 20
49.066798
  0
VERTEX
  8
gto
 10
57.752096
 20
49.318259
  0
VERTEX
  8
gto
 10
57.731265
 20
49.331469
  0
VERTEX
  8
gto
 10
57.708915
 20
49.336039
  0
SEQEND
  8
gto
  0
POLYLINE
  8
gto
 62
1
 40
0.000000
 41
0.000000
 66
  1
  0
VERTEX
  8
gto
 10
56.751334
 20
48.223516
  0
VERTEX
  8
gto
 10
56.751334
 20
47.372615
  0
VERTEX
  8
gto
 10
57.244094
 20
47.372615
  0
VERTEX
  8
gto
 10
57.244094
 20
47.895856
  0
VERTEX
  8
gto
 10
57.452375
 20
48.101596
  0
VERTEX
  8
gto
 10
57.658115
 20
48.101596
  0
VERTEX
  8
gto
 10
57.868936
 20
47.893316
  0
VERTEX
  8
gto
 10
57.868936
 20
47.380235
  0
VERTEX
  8
gto
 10
57.990856
 20
47.380235
  0
VERTEX
  8
gto
 10
57.989836
 20
47.931416
  0
VERTEX
  8
gto
 10
57.986786
 20
47.942596
  0
VERTEX
  8
gto
 10
57.981196
 20
47.951736
  0
VERTEX
  8
gto
 10
57.726695
 20
48.205736
  0
VERTEX
  8
gto
 10
57.707385
 20
48.218946
  0
VERTEX
  8
gto
 10
57.683515
 20
48.223516
  0
VERTEX
  8
gto
 10
57.426975
 20
48.223516
  0
VERTEX
  8
gto
 10
57.403095
 20
48.218946
  0
VERTEX
  8
gto
 10
57.393955
 20
48.213356
  0
VERTEX
  8
gto
 10
57.133854
 20
47.952246
  0
VERTEX
  8
gto
 10
57.127254
 20
47.942086
  0
VERTEX
  8
gto
 10
57.122174
 20
47.918716
  0
VERTEX
  8
gto
 10
57.122174
 20
47.494535
  0
VERTEX
  8
gto
 10
56.873254
 20
47.494535
  0
VERTEX
  8
gto
 10
56.873254
 20
48.223516
  0
SEQEND
  8
gto
  0
POLYLINE
  8
gto
 62
1
 40
0.000000
 41
0.000000
 66
  1
  0
VERTEX
  8
gto
 10
57.066294
 20
47.144014
  0
VERTEX
  8
gto
 10
57.042924
 20
47.139444
  0
VERTEX
  8
gto
 10
57.023114
 20
47.126234
  0
VERTEX
  8
gto
 10
56.890014
 20
46.996694
  0
VERTEX
  8
gto
 10
56.883414
 20
46.987044
  0
VERTEX
  8
gto
 10
56.878334
 20
46.961134
  0
VERTEX
  8
gto
 10
56.878334
 20
46.486153
  0
VERTEX
  8
gto
 10
57.000254
 20
46.486153
  0
VERTEX
  8
gto
 10
57.000254
 20
46.933194
  0
VERTEX
  8
gto
 10
57.091694
 20
47.022094
  0
VERTEX
  8
gto
 10
57.782576
 20
47.022094
  0
VERTEX
  8
gto
 10
57.868936
 20
46.933194
  0
VERTEX
  8
gto
 10
57.868936
 20
46.483613
  0
VERTEX
  8
gto
 10
57.787656
 20
46.404873
  0
VERTEX
  8
gto
 10
57.089154
 20
46.404873
  0
VERTEX
  8
gto
 10
57.000254
 20
46.486153
  0
VERTEX
  8
gto
 10
56.878334
 20
46.486153
  0
VERTEX
  8
gto
 10
56.879854
 20
46.445003
  0
VERTEX
  8
gto
 10
56.883414
 20
46.433323
  0
VERTEX
  8
gto
 10
56.890014
 20
46.423163
  0
VERTEX
  8
gto
 10
57.023114
 20
46.298193
  0
VERTEX
  8
gto
 10
57.043434
 20
46.282953
  0
VERTEX
  8
gto
 10
57.053594
 20
46.278893
  0
VERTEX
  8
gto
 10
57.813056
 20
46.277873
  0
VERTEX
  8
gto
 10
57.838456
 20
46.281933
  0
VERTEX
  8
gto
 10
57.849626
 20
46.287523
  0
VERTEX
  8
gto
 10
57.975616
 20
46.415033
  0
VERTEX
  8
gto
 10
57.982726
 20
46.424173
  0
VERTEX
  8
gto
 10
57.990346
 20
46.445513
  0
VERTEX
  8
gto
 10
57.990856
 20
46.958594
  0
VERTEX
  8
gto
 10
57.986786
 20
46.981964
  0
VERTEX
  8
gto
 10
57.973076
 20
47.001774
  0
VERTEX
  8
gto
 10
57.843026
 20
47.133854
  0
VERTEX
  8
gto
 10
57.832866
 20
47.139444
  0
VERTEX
  8
gto
 10
57.807976
 20
47.144014
  0
SEQEND
  8
gto
  0
POLYLINE
  8
gto
 62
1
 40
0.000000
 41
0.000000
 66
  1
  0
VERTEX
  8
gto
 10
56.878334
 20
45.807972
  0
VERTEX
  8
gto
 10
56.878334
 20
45.437131
  0
VERTEX
  8
gto
 10
57.000254
 20
45.437131
  0
VERTEX
  8
gto
 10
57.000254
 20
45.561591
  0
VERTEX
  8
gto
 10
57.871476
 20
45.561591
  0
VERTEX
  8
gto
 10
57.871476
 20
45.437131
  0
VERTEX
  8
gto
 10
57.995936
 20
45.437131
  0
VERTEX
  8
gto
 10
57.995936
 20
45.807972
  0
VERTEX
  8
gto
 10
57.871476
 20
45.807972
  0
VERTEX
  8
gto
 10
57.871476
 20
45.683511
  0
VERTEX
  8
gto
 10
57.000254
 20
45.683511
  0
VERTEX
  8
gto
 10
57.000254
 20
45.807972
  0
SEQEND
  8
gto
  0
POLYLINE
  8
gto
 62
1
 40
0.000000
 41
0.000000
 66
  1
  0
VERTEX
  8
gto
 10
59.338579
 20
49.313179
  0
VERTEX
  8
gto
 10
59.338579
 20
48.462277
  0
VERTEX
  8
gto
 10
59.831340
 20
48.462277
  0
VERTEX
  8
gto
 10
59.831340
 20
48.985518
  0
VERTEX
  8
gto
 10
60.039620
 20
49.191258
  0
VERTEX
  8
gto
 10
60.245360
 20
49.191258
  0
VERTEX
  8
gto
 10
60.456181
 20
48.982978
  0
VERTEX
  8
gto
 10
60.456181
 20
48.467357
  0
VERTEX
  8
gto
 10
60.578101
 20
48.467357
  0
VERTEX
  8
gto
 10
60.577081
 20
49.019558
  0
VERTEX
  8
gto
 10
60.568451
 20
49.041398
  0
VERTEX
  8
gto
 10
60.313941
 20
49.295399
  0
VERTEX
  8
gto
 10
60.294131
 20
49.308609
  0
VERTEX
  8
gto
 10
60.270761
 20
49.313179
  0
VERTEX
  8
gto
 10
60.014220
 20
49.313179
  0
VERTEX
  8
gto
 10
59.990340
 20
49.308609
  0
VERTEX
  8
gto
 10
59.981200
 20
49.303019
  0
VERTEX
  8
gto
 10
59.721099
 20
49.041908
  0
VERTEX
  8
gto
 10
59.714499
 20
49.031748
  0
VERTEX
  8
gto
 10
59.709419
 20
49.008378
  0
VERTEX
  8
gto
 10
59.709419
 20
48.584197
  0
VERTEX
  8
gto
 10
59.460499
 20
48.584197
  0
VERTEX
  8
gto
 10
59.460499
 20
49.313179
  0
SEQEND
  8
gto
  0
POLYLINE
  8
gto
 62
1
 40
0.000000
 41
0.000000
 66
  1
  0
VERTEX
  8
gto
 10
59.338579
 20
48.223516
  0
VERTEX
  8
gto
 10
59.338579
 20
47.372615
  0
VERTEX
  8
gto
 10
59.831340
 20
47.372615
  0
VERTEX
  8
gto
 10
59.831340
 20
47.895856
  0
VERTEX
  8
gto
 10
60.039620
 20
48.101596
  0
VERTEX
  8
gto
 10
60.245360
 20
48.101596
  0
VERTEX
  8
gto
 10
60.456181
 20
47.893316
  0
VERTEX
  8
gto
 10
60.456181
 20
47.380235
  0
VERTEX
  8
gto
 10
60.578101
 20
47.380235
  0
VERTEX
  8
gto
 10
60.577081
 20
47.931416
  0
VERTEX
  8
gto
 10
60.568451
 20
47.951736
  0
VERTEX
  8
gto
 10
60.313941
 20
48.205736
  0
VERTEX
  8
gto
 10
60.294131
 20
48.218946
  0
VERTEX
  8
gto
 10
60.270761
 20
48.223516
  0
VERTEX
  8
gto
 10
60.014220
 20
48.223516
  0
VERTEX
  8
gto
 10
59.990340
 20
48.218946
  0
VERTEX
  8
gto
 10
59.981200
 20
48.213356
  0
VERTEX
  8
gto
 10
59.721099
 20
47.952246
  0
VERTEX
  8
gto
 10
59.714499
 20
47.942086
  0
VERTEX
  8
gto
 10
59.709419
 20
47.918716
  0
VERTEX
  8
gto
 10
59.709419
 20
47.494535
  0
VERTEX
  8
gto
 10
59.460499
 20
47.494535
  0
VERTEX
  8
gto
 10
59.460499
 20
48.223516
  0
SEQEND
  8
gto
  0
POLYLINE
  8
gto
 62
1
 40
0.000000
 41
0.000000
 66
  1
  0
VERTEX
  8
gto
 10
59.653539
 20
47.144014
  0
VERTEX
  8
gto
 10
59.630169
 20
47.139444
  0
VERTEX
  8
gto
 10
59.610359
 20
47.126234
  0
VERTEX
  8
gto
 10
59.477259
 20
46.996694
  0
VERTEX
  8
gto
 10
59.470659
 20
46.987044
  0
VERTEX
  8
gto
 10
59.465579
 20
46.961134
  0
VERTEX
  8
gto
 10
59.465579
 20
46.486153
  0
VERTEX
  8
gto
 10
59.587499
 20
46.486153
  0
VERTEX
  8
gto
 10
59.587499
 20
46.933194
  0
VERTEX
  8
gto
 10
59.678939
 20
47.022094
  0
VERTEX
  8
gto
 10
60.369821
 20
47.022094
  0
VERTEX
  8
gto
 10
60.456181
 20
46.933194
  0
VERTEX
  8
gto
 10
60.456181
 20
46.483613
  0
VERTEX
  8
gto
 10
60.374901
 20
46.404873
  0
VERTEX
  8
gto
 10
59.676399
 20
46.404873
  0
VERTEX
  8
gto
 10
59.587499
 20
46.486153
  0
VERTEX
  8
gto
 10
59.465579
 20
46.486153
  0
VERTEX
  8
gto
 10
59.467099
 20
46.445003
  0
VERTEX
  8
gto
 10
59.470659
 20
46.433323
  0
VERTEX
  8
gto
 10
59.477259
 20
46.423163
  0
VERTEX
  8
gto
 10
59.610359
 20
46.298193
  0
VERTEX
  8
gto
 10
59.630679
 20
46.282953
  0
VERTEX
  8
gto
 10
59.640839
 20
46.278893
  0
VERTEX
  8
gto
 10
60.400301
 20
46.277873
  0
VERTEX
  8
gto
 10
60.425701
 20
46.281933
  0
VERTEX
  8
gto
 10
60.436371
 20
46.287523
  0
VERTEX
  8
gto
 10
60.562861
 20
46.415033
  0
VERTEX
  8
gto
 10
60.574541
 20
46.434333
  0
VERTEX
  8
gto
 10
60.578101
 20
46.458213
  0
VERTEX
  8
gto
 10
60.577081
 20
46.970784
  0
VERTEX
  8
gto
 10
60.568451
 20
46.992124
  0
VERTEX
  8
gto
 10
60.430271
 20
47.133854
  0
VERTEX
  8
gto
 10
60.420111
 20
47.139444
  0
VERTEX
  8
gto
 10
60.395221
 20
47.144014
  0
SEQEND
  8
gto
  0
POLYLINE
  8
gto
 62
1
 40
0.000000
 41
0.000000
 66
  1
  0
VERTEX
  8
gto
 10
59.465579
 20
45.807972
  0
VERTEX
  8
gto
 10
59.465579
 20
45.437131
  0
VERTEX
  8
gto
 10
59.587499
 20
45.437131
  0
VERTEX
  8
gto
 10
59.587499
 20
45.561591
  0
VERTEX
  8
gto
 10
60.458721
 20
45.561591
  0
VERTEX
  8
gto
 10
60.458721
 20
45.437131
  0
VERTEX
  8
gto
 10
60.583181
 20
45.437131
  0
VERTEX
  8
gto
 10
60.583181
 20
45.807972
  0
VERTEX
  8
gto
 10
60.458721
 20
45.807972
  0
VERTEX
  8
gto
 10
60.458721
 20
45.683511
  0
VERTEX
  8
gto
 10
59.587499
 20
45.683511
  0
VERTEX
  8
gto
 10
59.587499
 20
45.807972
  0
SEQEND
  8
gto
  0
POLYLINE
  8
gto
 62
1
 40
0.000000
 41
0.000000
 66
  1
  0
VERTEX
  8
gto
 10
62.672585
 20
49.310639
  0
VERTEX
  8
gto
 10
62.672585
 20
49.198878
  0
VERTEX
  8
gto
 10
61.986784
 20
49.198878
  0
VERTEX
  8
gto
 10
61.963424
 20
49.193798
  0
VERTEX
  8
gto
 10
61.943604
 20
49.178558
  0
VERTEX
  8
gto
 10
61.930404
 20
49.159258
  0
VERTEX
  8
gto
 10
61.925824
 20
49.137918
  0
VERTEX
  8
gto
 10
61.925824
 20
49.076958
  0
VERTEX
  8
gto
 10
62.672585
 20
49.076958
  0
VERTEX
  8
gto
 10
62.672585
 20
48.584197
  0
VERTEX
  8
gto
 10
62.507485
 20
48.584197
  0
VERTEX
  8
gto
 10
62.047744
 20
49.036318
  0
VERTEX
  8
gto
 10
62.047744
 20
49.076958
  0
VERTEX
  8
gto
 10
61.925824
 20
49.076958
  0
VERTEX
  8
gto
 10
61.926844
 20
48.997708
  0
VERTEX
  8
gto
 10
61.935984
 20
48.975868
  0
VERTEX
  8
gto
 10
62.438905
 20
48.480057
  0
VERTEX
  8
gto
 10
62.459735
 20
48.466337
  0
VERTEX
  8
gto
 10
62.482085
 20
48.462277
  0
VERTEX
  8
gto
 10
62.745745
 20
48.463297
  0
VERTEX
  8
gto
 10
62.756916
 20
48.466337
  0
VERTEX
  8
gto
 10
62.767586
 20
48.471927
  0
VERTEX
  8
gto
 10
62.784346
 20
48.489197
  0
VERTEX
  8
gto
 10
62.793496
 20
48.510537
  0
VERTEX
  8
gto
 10
62.794506
 20
49.076958
  0
VERTEX
  8
gto
 10
63.211066
 20
49.076958
  0
VERTEX
  8
gto
 10
63.211066
 20
49.198878
  0
VERTEX
  8
gto
 10
62.794506
 20
49.198878
  0
VERTEX
  8
gto
 10
62.794506
 20
49.310639
  0
SEQEND
  8
gto
  0
POLYLINE
  8
gto
 62
1
 40
0.000000
 41
0.000000
 66
  1
  0
VERTEX
  8
gto
 10
61.925824
 20
48.223516
  0
VERTEX
  8
gto
 10
61.925824
 20
47.372615
  0
VERTEX
  8
gto
 10
62.418585
 20
47.372615
  0
VERTEX
  8
gto
 10
62.418585
 20
47.895856
  0
VERTEX
  8
gto
 10
62.626865
 20
48.101596
  0
VERTEX
  8
gto
 10
62.832606
 20
48.101596
  0
VERTEX
  8
gto
 10
63.043426
 20
47.893316
  0
VERTEX
  8
gto
 10
63.043426
 20
47.380235
  0
VERTEX
  8
gto
 10
63.165346
 20
47.380235
  0
VERTEX
  8
gto
 10
63.164336
 20
47.931416
  0
VERTEX
  8
gto
 10
63.160776
 20
47.942596
  0
VERTEX
  8
gto
 10
63.155186
 20
47.951736
  0
VERTEX
  8
gto
 10
62.892046
 20
48.213356
  0
VERTEX
  8
gto
 10
62.881376
 20
48.218946
  0
VERTEX
  8
gto
 10
62.858006
 20
48.223516
  0
VERTEX
  8
gto
 10
62.601465
 20
48.223516
  0
VERTEX
  8
gto
 10
62.577595
 20
48.218946
  0
VERTEX
  8
gto
 10
62.567945
 20
48.213356
  0
VERTEX
  8
gto
 10
62.316985
 20
47.961896
  0
VERTEX
  8
gto
 10
62.301745
 20
47.942086
  0
VERTEX
  8
gto
 10
62.296665
 20
47.918716
  0
VERTEX
  8
gto
 10
62.296665
 20
47.494535
  0
VERTEX
  8
gto
 10
62.047744
 20
47.494535
  0
VERTEX
  8
gto
 10
62.047744
 20
48.223516
  0
SEQEND
  8
gto
  0
POLYLINE
  8
gto
 62
1
 40
0.000000
 41
0.000000
 66
  1
  0
VERTEX
  8
gto
 10
62.240784
 20
47.144014
  0
VERTEX
  8
gto
 10
62.217424
 20
47.139444
  0
VERTEX
  8
gto
 10
62.197604
 20
47.126234
  0
VERTEX
  8
gto
 10
62.064514
 20
46.996694
  0
VERTEX
  8
gto
 10
62.057904
 20
46.987044
  0
VERTEX
  8
gto
 10
62.052824
 20
46.961134
  0
VERTEX
  8
gto
 10
62.052824
 20
46.486153
  0
VERTEX
  8
gto
 10
62.174744
 20
46.486153
  0
VERTEX
  8
gto
 10
62.174744
 20
46.933194
  0
VERTEX
  8
gto
 10
62.266185
 20
47.022094
  0
VERTEX
  8
gto
 10
62.957066
 20
47.022094
  0
VERTEX
  8
gto
 10
63.043426
 20
46.933194
  0
VERTEX
  8
gto
 10
63.043426
 20
46.483613
  0
VERTEX
  8
gto
 10
62.962146
 20
46.404873
  0
VERTEX
  8
gto
 10
62.263645
 20
46.404873
  0
VERTEX
  8
gto
 10
62.174744
 20
46.486153
  0
VERTEX
  8
gto
 10
62.052824
 20
46.486153
  0
VERTEX
  8
gto
 10
62.054354
 20
46.445003
  0
VERTEX
  8
gto
 10
62.057904
 20
46.433323
  0
VERTEX
  8
gto
 10
62.064514
 20
46.423163
  0
VERTEX
  8
gto
 10
62.197604
 20
46.298193
  0
VERTEX
  8
gto
 10
62.217924
 20
46.282953
  0
VERTEX
  8
gto
 10
62.228084
 20
46.278893
  0
VERTEX
  8
gto
 10
62.987546
 20
46.277873
  0
VERTEX
  8
gto
 10
63.012946
 20
46.281933
  0
VERTEX
  8
gto
 10
63.023616
 20
46.287523
  0
VERTEX
  8
gto
 10
63.150106
 20
46.415033
  0
VERTEX
  8
gto
 10
63.161286
 20
46.434333
  0
VERTEX
  8
gto
 10
63.165346
 20
46.458213
  0
VERTEX
  8
gto
 10
63.164336
 20
46.970784
  0
VERTEX
  8
gto
 10
63.155186
 20
46.992124
  0
VERTEX
  8
gto
 10
63.025646
 20
47.126234
  0
VERTEX
  8
gto
 10
63.007366
 20
47.139444
  0
VERTEX
  8
gto
 10
62.982466
 20
47.144014
  0
SEQEND
  8
gto
  0
POLYLINE
  8
gto
 62
1
 40
0.000000
 41
0.000000
 66
  1
  0
VERTEX
  8
gto
 10
62.052824
 20
45.807972
  0
VERTEX
  8
gto
 10
62.052824
 20
45.437131
  0
VERTEX
  8
gto
 10
62.174744
 20
45.437131
  0
VERTEX
  8
gto
 10
62.174744
 20
45.561591
  0
VERTEX
  8
gto
 10
63.045966
 20
45.561591
  0
VERTEX
  8
gto
 10
63.045966
 20
45.437131
  0
VERTEX
  8
gto
 10
63.170426
 20
45.437131
  0
VERTEX
  8
gto
 10
63.170426
 20
45.807972
  0
VERTEX
  8
gto
 10
63.045966
 20
45.807972
  0
VERTEX
  8
gto
 10
63.045966
 20
45.683511
  0
VERTEX
  8
gto
 10
62.174744
 20
45.683511
  0
VERTEX
  8
gto
 10
62.174744
 20
45.807972
  0
SEQEND
  8
gto
  0
POLYLINE
  8
gto
 62
1
 40
0.000000
 41
0.000000
 66
  1
  0
VERTEX
  8
gto
 10
67.132834
 20
49.186178
  0
VERTEX
  8
gto
 10
67.132834
 20
48.462277
  0
VERTEX
  8
gto
 10
67.254755
 20
48.462277
  0
VERTEX
  8
gto
 10
67.254755
 20
49.064258
  0
VERTEX
  8
gto
 10
67.297935
 20
49.064258
  0
VERTEX
  8
gto
 10
67.645915
 20
48.713737
  0
VERTEX
  8
gto
 10
67.666745
 20
48.700017
  0
VERTEX
  8
gto
 10
67.689095
 20
48.695957
  0
VERTEX
  8
gto
 10
67.712465
 20
48.700017
  0
VERTEX
  8
gto
 10
67.723135
 20
48.705607
  0
VERTEX
  8
gto
 10
67.739895
 20
48.722877
  0
VERTEX
  8
gto
 10
67.749045
 20
48.744217
  0
VERTEX
  8
gto
 10
67.750056
 20
48.850898
  0
VERTEX
  8
gto
 10
67.963416
 20
49.061718
  0
VERTEX
  8
gto
 10
68.049776
 20
49.061718
  0
VERTEX
  8
gto
 10
68.250437
 20
48.861058
  0
VERTEX
  8
gto
 10
68.250437
 20
48.535937
  0
VERTEX
  8
gto
 10
68.133596
 20
48.421637
  0
VERTEX
  8
gto
 10
68.219956
 20
48.335277
  0
VERTEX
  8
gto
 10
68.362197
 20
48.479037
  0
VERTEX
  8
gto
 10
68.371347
 20
48.500377
  0
VERTEX
  8
gto
 10
68.371347
 20
48.897638
  0
VERTEX
  8
gto
 10
68.362197
 20
48.918968
  0
VERTEX
  8
gto
 10
68.354577
 20
48.929638
  0
VERTEX
  8
gto
 10
68.106676
 20
49.173478
  0
VERTEX
  8
gto
 10
68.096006
 20
49.179068
  0
VERTEX
  8
gto
 10
68.072636
 20
49.183638
  0
VERTEX
  8
gto
 10
67.938016
 20
49.183638
  0
VERTEX
  8
gto
 10
67.914656
 20
49.179068
  0
VERTEX
  8
gto
 10
67.894836
 20
49.165858
  0
VERTEX
  8
gto
 10
67.641345
 20
48.914398
  0
VERTEX
  8
gto
 10
67.636265
 20
48.904238
  0
VERTEX
  8
gto
 10
67.635755
 20
48.899158
  0
VERTEX
  8
gto
 10
67.354835
 20
49.176018
  0
VERTEX
  8
gto
 10
67.344165
 20
49.181608
  0
VERTEX
  8
gto
 10
67.320795
 20
49.186178
  0
SEQEND
  8
gto
  0
POLYLINE
  8
gto
 62
1
 40
0.000000
 41
0.000000
 66
  1
  0
VERTEX
  8
gto
 10
67.132834
 20
48.096516
  0
VERTEX
  8
gto
 10
67.132834
 20
47.245614
  0
VERTEX
  8
gto
 10
67.625595
 20
47.245614
  0
VERTEX
  8
gto
 10
67.625595
 20
47.768856
  0
VERTEX
  8
gto
 10
67.833876
 20
47.974596
  0
VERTEX
  8
gto
 10
68.039616
 20
47.974596
  0
VERTEX
  8
gto
 10
68.250437
 20
47.766316
  0
VERTEX
  8
gto
 10
68.250437
 20
47.253235
  0
VERTEX
  8
gto
 10
68.372357
 20
47.253235
  0
VERTEX
  8
gto
 10
68.371347
 20
47.804416
  0
VERTEX
  8
gto
 10
68.367787
 20
47.815596
  0
VERTEX
  8
gto
 10
68.362197
 20
47.824736
  0
VERTEX
  8
gto
 10
68.099056
 20
48.086356
  0
VERTEX
  8
gto
 10
68.088386
 20
48.091946
  0
VERTEX
  8
gto
 10
68.065016
 20
48.096516
  0
VERTEX
  8
gto
 10
67.808476
 20
48.096516
  0
VERTEX
  8
gto
 10
67.784606
 20
48.091946
  0
VERTEX
  8
gto
 10
67.774946
 20
48.086356
  0
VERTEX
  8
gto
 10
67.523995
 20
47.834896
  0
VERTEX
  8
gto
 10
67.508755
 20
47.815086
  0
VERTEX
  8
gto
 10
67.503675
 20
47.791716
  0
VERTEX
  8
gto
 10
67.503675
 20
47.367535
  0
VERTEX
  8
gto
 10
67.254755
 20
47.367535
  0
VERTEX
  8
gto
 10
67.254755
 20
48.096516
  0
SEQEND
  8
gto
  0
POLYLINE
  8
gto
 62
1
 40
0.000000
 41
0.000000
 66
  1
  0
VERTEX
  8
gto
 10
67.447795
 20
47.017014
  0
VERTEX
  8
gto
 10
67.424435
 20
47.012444
  0
VERTEX
  8
gto
 10
67.404615
 20
46.999234
  0
VERTEX
  8
gto
 10
67.271525
 20
46.869694
  0
VERTEX
  8
gto
 10
67.264915
 20
46.860044
  0
VERTEX
  8
gto
 10
67.259835
 20
46.834134
  0
VERTEX
  8
gto
 10
67.259835
 20
46.359153
  0
VERTEX
  8
gto
 10
67.381755
 20
46.359153
  0
VERTEX
  8
gto
 10
67.381755
 20
46.806194
  0
VERTEX
  8
gto
 10
67.473195
 20
46.895094
  0
VERTEX
  8
gto
 10
68.164076
 20
46.895094
  0
VERTEX
  8
gto
 10
68.250437
 20
46.806194
  0
VERTEX
  8
gto
 10
68.250437
 20
46.356613
  0
VERTEX
  8
gto
 10
68.169156
 20
46.277873
  0
VERTEX
  8
gto
 10
67.470655
 20
46.277873
  0
VERTEX
  8
gto
 10
67.381755
 20
46.359153
  0
VERTEX
  8
gto
 10
67.259835
 20
46.359153
  0
VERTEX
  8
gto
 10
67.261365
 20
46.318003
  0
VERTEX
  8
gto
 10
67.264915
 20
46.306323
  0
VERTEX
  8
gto
 10
67.271525
 20
46.296163
  0
VERTEX
  8
gto
 10
67.404615
 20
46.171192
  0
VERTEX
  8
gto
 10
67.424935
 20
46.155952
  0
VERTEX
  8
gto
 10
67.435095
 20
46.151892
  0
VERTEX
  8
gto
 10
68.194556
 20
46.150872
  0
VERTEX
  8
gto
 10
68.219956
 20
46.154932
  0
VERTEX
  8
gto
 10
68.230626
 20
46.160522
  0
VERTEX
  8
gto
 10
68.357117
 20
46.288033
  0
VERTEX
  8
gto
 10
68.368297
 20
46.307333
  0
VERTEX
  8
gto
 10
68.372357
 20
46.331213
  0
VERTEX
  8
gto
 10
68.371347
 20
46.843784
  0
VERTEX
  8
gto
 10
68.362197
 20
46.865124
  0
VERTEX
  8
gto
 10
68.232656
 20
46.999234
  0
VERTEX
  8
gto
 10
68.214376
 20
47.012444
  0
VERTEX
  8
gto
 10
68.189476
 20
47.017014
  0
SEQEND
  8
gto
  0
POLYLINE
  8
gto
 62
1
 40
0.000000
 41
0.000000
 66
  1
  0
VERTEX
  8
gto
 10
67.259835
 20
45.680971
  0
VERTEX
  8
gto
 10
67.259835
 20
45.310131
  0
VERTEX
  8
gto
 10
67.381755
 20
45.310131
  0
VERTEX
  8
gto
 10
67.381755
 20
45.434591
  0
VERTEX
  8
gto
 10
68.252977
 20
45.434591
  0
VERTEX
  8
gto
 10
68.252977
 20
45.310131
  0
VERTEX
  8
gto
 10
68.377437
 20
45.310131
  0
VERTEX
  8
gto
 10
68.377437
 20
45.680971
  0
VERTEX
  8
gto
 10
68.252977
 20
45.680971
  0
VERTEX
  8
gto
 10
68.252977
 20
45.556511
  0
VERTEX
  8
gto
 10
67.381755
 20
45.556511
  0
VERTEX
  8
gto
 10
67.381755
 20
45.680971
  0
SEQEND
  8
gto
  0
POLYLINE
  8
gto
 62
1
 40
0.000000
 41
0.000000
 66
  1
  0
VERTEX
  8
gto
 10
69.771900
 20
49.186178
  0
VERTEX
  8
gto
 10
69.748539
 20
49.181608
  0
VERTEX
  8
gto
 10
69.728719
 20
49.168398
  0
VERTEX
  8
gto
 10
69.604259
 20
49.043938
  0
VERTEX
  8
gto
 10
69.591059
 20
49.024128
  0
VERTEX
  8
gto
 10
69.587499
 20
49.012948
  0
VERTEX
  8
gto
 10
69.587499
 20
48.629917
  0
VERTEX
  8
gto
 10
69.596639
 20
48.608577
  0
VERTEX
  8
gto
 10
69.862330
 20
48.344927
  0
VERTEX
  8
gto
 10
69.873000
 20
48.339337
  0
VERTEX
  8
gto
 10
69.896360
 20
48.335277
  0
VERTEX
  8
gto
 10
69.959860
 20
48.335277
  0
VERTEX
  8
gto
 10
69.959860
 20
48.457197
  0
VERTEX
  8
gto
 10
69.919220
 20
48.457197
  0
VERTEX
  8
gto
 10
69.708399
 20
48.668017
  0
VERTEX
  8
gto
 10
69.708399
 20
48.977898
  0
VERTEX
  8
gto
 10
69.794760
 20
49.064258
  0
VERTEX
  8
gto
 10
70.000500
 20
49.064258
  0
VERTEX
  8
gto
 10
70.733551
 20
48.344927
  0
VERTEX
  8
gto
 10
70.744221
 20
48.339337
  0
VERTEX
  8
gto
 10
70.767582
 20
48.335277
  0
VERTEX
  8
gto
 10
70.789942
 20
48.339337
  0
VERTEX
  8
gto
 10
70.810762
 20
48.353057
  0
VERTEX
  8
gto
 10
70.823972
 20
48.372357
  0
VERTEX
  8
gto
 10
70.827532
 20
48.383537
  0
VERTEX
  8
gto
 10
70.828542
 20
49.186178
  0
VERTEX
  8
gto
 10
70.706621
 20
49.186178
  0
VERTEX
  8
gto
 10
70.706621
 20
48.543557
  0
VERTEX
  8
gto
 10
70.069080
 20
49.168398
  0
VERTEX
  8
gto
 10
70.048260
 20
49.181608
  0
VERTEX
  8
gto
 10
70.025900
 20
49.186178
  0
SEQEND
  8
gto
  0
POLYLINE
  8
gto
 62
1
 40
0.000000
 41
0.000000
 66
  1
  0
VERTEX
  8
gto
 10
69.586479
 20
48.096516
  0
VERTEX
  8
gto
 10
69.586479
 20
47.245614
  0
VERTEX
  8
gto
 10
70.079240
 20
47.245614
  0
VERTEX
  8
gto
 10
70.079240
 20
47.768856
  0
VERTEX
  8
gto
 10
70.287521
 20
47.974596
  0
VERTEX
  8
gto
 10
70.493261
 20
47.974596
  0
VERTEX
  8
gto
 10
70.704081
 20
47.766316
  0
VERTEX
  8
gto
 10
70.704081
 20
47.253235
  0
VERTEX
  8
gto
 10
70.826002
 20
47.253235
  0
VERTEX
  8
gto
 10
70.824992
 20
47.804416
  0
VERTEX
  8
gto
 10
70.821432
 20
47.815596
  0
VERTEX
  8
gto
 10
70.815842
 20
47.824736
  0
VERTEX
  8
gto
 10
70.552701
 20
48.086356
  0
VERTEX
  8
gto
 10
70.542031
 20
48.091946
  0
VERTEX
  8
gto
 10
70.518661
 20
48.096516
  0
VERTEX
  8
gto
 10
70.262121
 20
48.096516
  0
VERTEX
  8
gto
 10
70.237740
 20
48.091946
  0
VERTEX
  8
gto
 10
70.228600
 20
48.086356
  0
VERTEX
  8
gto
 10
69.968500
 20
47.825246
  0
VERTEX
  8
gto
 10
69.958340
 20
47.803906
  0
VERTEX
  8
gto
 10
69.957320
 20
47.367535
  0
VERTEX
  8
gto
 10
69.708399
 20
47.367535
  0
VERTEX
  8
gto
 10
69.708399
 20
48.096516
  0
SEQEND
  8
gto
  0
POLYLINE
  8
gto
 62
1
 40
0.000000
 41
0.000000
 66
  1
  0
VERTEX
  8
gto
 10
69.901440
 20
47.017014
  0
VERTEX
  8
gto
 10
69.878080
 20
47.012444
  0
VERTEX
  8
gto
 10
69.858260
 20
46.999234
  0
VERTEX
  8
gto
 10
69.724659
 20
46.869694
  0
VERTEX
  8
gto
 10
69.718559
 20
46.860044
  0
VERTEX
  8
gto
 10
69.714499
 20
46.847854
  0
VERTEX
  8
gto
 10
69.713479
 20
46.359153
  0
VERTEX
  8
gto
 10
69.835400
 20
46.359153
  0
VERTEX
  8
gto
 10
69.835400
 20
46.806194
  0
VERTEX
  8
gto
 10
69.926840
 20
46.895094
  0
VERTEX
  8
gto
 10
70.617721
 20
46.895094
  0
VERTEX
  8
gto
 10
70.704081
 20
46.806194
  0
VERTEX
  8
gto
 10
70.704081
 20
46.356613
  0
VERTEX
  8
gto
 10
70.622801
 20
46.277873
  0
VERTEX
  8
gto
 10
69.924300
 20
46.277873
  0
VERTEX
  8
gto
 10
69.835400
 20
46.359153
  0
VERTEX
  8
gto
 10
69.713479
 20
46.359153
  0
VERTEX
  8
gto
 10
69.714499
 20
46.318003
  0
VERTEX
  8
gto
 10
69.724659
 20
46.296163
  0
VERTEX
  8
gto
 10
69.858260
 20
46.171192
  0
VERTEX
  8
gto
 10
69.878580
 20
46.155952
  0
VERTEX
  8
gto
 10
69.888740
 20
46.151892
  0
VERTEX
  8
gto
 10
70.648201
 20
46.150872
  0
VERTEX
  8
gto
 10
70.673601
 20
46.154932
  0
VERTEX
  8
gto
 10
70.684271
 20
46.160522
  0
VERTEX
  8
gto
 10
70.810762
 20
46.288033
  0
VERTEX
  8
gto
 10
70.821942
 20
46.307333
  0
VERTEX
  8
gto
 10
70.826002
 20
46.331213
  0
VERTEX
  8
gto
 10
70.824992
 20
46.843784
  0
VERTEX
  8
gto
 10
70.815842
 20
46.865124
  0
VERTEX
  8
gto
 10
70.686301
 20
46.999234
  0
VERTEX
  8
gto
 10
70.668021
 20
47.012444
  0
VERTEX
  8
gto
 10
70.643121
 20
47.017014
  0
SEQEND
  8
gto
  0
POLYLINE
  8
gto
 62
1
 40
0.000000
 41
0.000000
 66
  1
  0
VERTEX
  8
gto
 10
69.713479
 20
45.680971
  0
VERTEX
  8
gto
 10
69.713479
 20
45.310131
  0
VERTEX
  8
gto
 10
69.835400
 20
45.310131
  0
VERTEX
  8
gto
 10
69.835400
 20
45.434591
  0
VERTEX
  8
gto
 10
70.706621
 20
45.434591
  0
VERTEX
  8
gto
 10
70.706621
 20
45.310131
  0
VERTEX
  8
gto
 10
70.831082
 20
45.310131
  0
VERTEX
  8
gto
 10
70.831082
 20
45.680971
  0
VERTEX
  8
gto
 10
70.706621
 20
45.680971
  0
VERTEX
  8
gto
 10
70.706621
 20
45.556511
  0
VERTEX
  8
gto
 10
69.835400
 20
45.556511
  0
VERTEX
  8
gto
 10
69.835400
 20
45.680971
  0
SEQEND
  8
gto
  0
POLYLINE
  8
gto
 62
1
 40
0.000000
 41
0.000000
 66
  1
  0
VERTEX
  8
gto
 10
72.106164
 20
48.825498
  0
VERTEX
  8
gto
 10
72.088384
 20
48.822958
  0
VERTEX
  8
gto
 10
72.073654
 20
48.815848
  0
VERTEX
  8
gto
 10
72.061974
 20
48.803658
  0
VERTEX
  8
gto
 10
72.045714
 20
48.770128
  0
VERTEX
  8
gto
 10
72.046224
 20
48.756918
  0
VERTEX
  8
gto
 10
72.056384
 20
48.736597
  0
VERTEX
  8
gto
 10
72.357625
 20
48.441957
  0
VERTEX
  8
gto
 10
72.436365
 20
48.528317
  0
VERTEX
  8
gto
 10
72.248404
 20
48.708657
  0
VERTEX
  8
gto
 10
73.282187
 20
48.708657
  0
VERTEX
  8
gto
 10
73.282187
 20
48.825498
  0
SEQEND
  8
gto
  0
POLYLINE
  8
gto
 62
1
 40
0.000000
 41
0.000000
 66
  1
  0
VERTEX
  8
gto
 10
72.040124
 20
48.096516
  0
VERTEX
  8
gto
 10
72.040124
 20
47.245614
  0
VERTEX
  8
gto
 10
72.532885
 20
47.245614
  0
VERTEX
  8
gto
 10
72.532885
 20
47.768856
  0
VERTEX
  8
gto
 10
72.741165
 20
47.974596
  0
VERTEX
  8
gto
 10
72.946906
 20
47.974596
  0
VERTEX
  8
gto
 10
73.157726
 20
47.766316
  0
VERTEX
  8
gto
 10
73.157726
 20
47.253235
  0
VERTEX
  8
gto
 10
73.279647
 20
47.253235
  0
VERTEX
  8
gto
 10
73.278637
 20
47.804416
  0
VERTEX
  8
gto
 10
73.275077
 20
47.815596
  0
VERTEX
  8
gto
 10
73.269487
 20
47.824736
  0
VERTEX
  8
gto
 10
73.006346
 20
48.086356
  0
VERTEX
  8
gto
 10
72.995676
 20
48.091946
  0
VERTEX
  8
gto
 10
72.972306
 20
48.096516
  0
VERTEX
  8
gto
 10
72.715765
 20
48.096516
  0
VERTEX
  8
gto
 10
72.691385
 20
48.091946
  0
VERTEX
  8
gto
 10
72.682235
 20
48.086356
  0
VERTEX
  8
gto
 10
72.422145
 20
47.825246
  0
VERTEX
  8
gto
 10
72.411985
 20
47.803906
  0
VERTEX
  8
gto
 10
72.410965
 20
47.367535
  0
VERTEX
  8
gto
 10
72.162044
 20
47.367535
  0
VERTEX
  8
gto
 10
72.162044
 20
48.096516
  0
SEQEND
  8
gto
  0
POLYLINE
  8
gto
 62
1
 40
0.000000
 41
0.000000
 66
  1
  0
VERTEX
  8
gto
 10
72.355085
 20
47.017014
  0
VERTEX
  8
gto
 10
72.331725
 20
47.012444
  0
VERTEX
  8
gto
 10
72.311905
 20
46.999234
  0
VERTEX
  8
gto
 10
72.178304
 20
46.869694
  0
VERTEX
  8
gto
 10
72.172204
 20
46.860044
  0
VERTEX
  8
gto
 10
72.168144
 20
46.847854
  0
VERTEX
  8
gto
 10
72.167124
 20
46.359153
  0
VERTEX
  8
gto
 10
72.289045
 20
46.359153
  0
VERTEX
  8
gto
 10
72.289045
 20
46.806194
  0
VERTEX
  8
gto
 10
72.380485
 20
46.895094
  0
VERTEX
  8
gto
 10
73.071366
 20
46.895094
  0
VERTEX
  8
gto
 10
73.157726
 20
46.806194
  0
VERTEX
  8
gto
 10
73.157726
 20
46.356613
  0
VERTEX
  8
gto
 10
73.076446
 20
46.277873
  0
VERTEX
  8
gto
 10
72.377945
 20
46.277873
  0
VERTEX
  8
gto
 10
72.289045
 20
46.359153
  0
VERTEX
  8
gto
 10
72.167124
 20
46.359153
  0
VERTEX
  8
gto
 10
72.168144
 20
46.318003
  0
VERTEX
  8
gto
 10
72.178304
 20
46.296163
  0
VERTEX
  8
gto
 10
72.311905
 20
46.171192
  0
VERTEX
  8
gto
 10
72.332225
 20
46.155952
  0
VERTEX
  8
gto
 10
72.342385
 20
46.151892
  0
VERTEX
  8
gto
 10
73.101846
 20
46.150872
  0
VERTEX
  8
gto
 10
73.127246
 20
46.154932
  0
VERTEX
  8
gto
 10
73.137916
 20
46.160522
  0
VERTEX
  8
gto
 10
73.264407
 20
46.288033
  0
VERTEX
  8
gto
 10
73.275587
 20
46.307333
  0
VERTEX
  8
gto
 10
73.279647
 20
46.331213
  0
VERTEX
  8
gto
 10
73.278637
 20
46.843784
  0
VERTEX
  8
gto
 10
73.269487
 20
46.865124
  0
VERTEX
  8
gto
 10
73.139946
 20
46.999234
  0
VERTEX
  8
gto
 10
73.121666
 20
47.012444
  0
VERTEX
  8
gto
 10
73.096766
 20
47.017014
  0
SEQEND
  8
gto
  0
POLYLINE
  8
gto
 62
1
 40
0.000000
 41
0.000000
 66
  1
  0
VERTEX
  8
gto
 10
72.167124
 20
45.680971
  0
VERTEX
  8
gto
 10
72.167124
 20
45.310131
  0
VERTEX
  8
gto
 10
72.289045
 20
45.310131
  0
VERTEX
  8
gto
 10
72.289045
 20
45.434591
  0
VERTEX
  8
gto
 10
73.160266
 20
45.434591
  0
VERTEX
  8
gto
 10
73.160266
 20
45.310131
  0
VERTEX
  8
gto
 10
73.284727
 20
45.310131
  0
VERTEX
  8
gto
 10
73.284727
 20
45.680971
  0
VERTEX
  8
gto
 10
73.160266
 20
45.680971
  0
VERTEX
  8
gto
 10
73.160266
 20
45.556511
  0
VERTEX
  8
gto
 10
72.289045
 20
45.556511
  0
VERTEX
  8
gto
 10
72.289045
 20
45.680971
  0
SEQEND
  8
gto
  0
POLYLINE
  8
gto
 62
1
 40
0.000000
 41
0.000000
 66
  1
  0
VERTEX
  8
gto
 10
74.803650
 20
49.186178
  0
VERTEX
  8
gto
 10
74.780790
 20
49.181608
  0
VERTEX
  8
gto
 10
74.763010
 20
49.168398
  0
VERTEX
  8
gto
 10
74.511549
 20
48.919478
  0
VERTEX
  8
gto
 10
74.498349
 20
48.898138
  0
VERTEX
  8
gto
 10
74.494789
 20
48.887478
  0
VERTEX
  8
gto
 10
74.493769
 20
48.673097
  0
VERTEX
  8
gto
 10
74.615689
 20
48.673097
  0
VERTEX
  8
gto
 10
74.615689
 20
48.848358
  0
VERTEX
  8
gto
 10
74.829050
 20
49.064258
  0
VERTEX
  8
gto
 10
75.405631
 20
49.064258
  0
VERTEX
  8
gto
 10
75.613911
 20
48.855978
  0
VERTEX
  8
gto
 10
75.613911
 20
48.668017
  0
VERTEX
  8
gto
 10
75.403091
 20
48.457197
  0
VERTEX
  8
gto
 10
74.829050
 20
48.457197
  0
VERTEX
  8
gto
 10
74.615689
 20
48.673097
  0
VERTEX
  8
gto
 10
74.493769
 20
48.673097
  0
VERTEX
  8
gto
 10
74.494789
 20
48.634997
  0
VERTEX
  8
gto
 10
74.503929
 20
48.613657
  0
VERTEX
  8
gto
 10
74.770130
 20
48.344927
  0
VERTEX
  8
gto
 10
74.779270
 20
48.339337
  0
VERTEX
  8
gto
 10
74.803650
 20
48.335277
  0
VERTEX
  8
gto
 10
75.438151
 20
48.336297
  0
VERTEX
  8
gto
 10
75.449321
 20
48.339337
  0
VERTEX
  8
gto
 10
75.469131
 20
48.353057
  0
VERTEX
  8
gto
 10
75.725671
 20
48.609087
  0
VERTEX
  8
gto
 10
75.731261
 20
48.618737
  0
VERTEX
  8
gto
 10
75.734821
 20
48.630937
  0
VERTEX
  8
gto
 10
75.734821
 20
48.893568
  0
VERTEX
  8
gto
 10
75.725671
 20
48.914908
  0
VERTEX
  8
gto
 10
75.718051
 20
48.924558
  0
VERTEX
  8
gto
 10
75.465581
 20
49.176018
  0
VERTEX
  8
gto
 10
75.455931
 20
49.181608
  0
VERTEX
  8
gto
 10
75.431031
 20
49.186178
  0
SEQEND
  8
gto
  0
POLYLINE
  8
gto
 62
1
 40
0.000000
 41
0.000000
 66
  1
  0
VERTEX
  8
gto
 10
74.994150
 20
48.817878
  0
VERTEX
  8
gto
 10
74.970790
 20
48.813308
  0
VERTEX
  8
gto
 10
74.950970
 20
48.800098
  0
VERTEX
  8
gto
 10
74.937770
 20
48.780288
  0
VERTEX
  8
gto
 10
74.934210
 20
48.769108
  0
VERTEX
  8
gto
 10
74.934210
 20
48.744217
  0
VERTEX
  8
gto
 10
74.943350
 20
48.722877
  0
VERTEX
  8
gto
 10
74.960120
 20
48.705607
  0
VERTEX
  8
gto
 10
74.970790
 20
48.700017
  0
VERTEX
  8
gto
 10
74.994150
 20
48.695957
  0
VERTEX
  8
gto
 10
75.255271
 20
48.696977
  0
VERTEX
  8
gto
 10
75.266441
 20
48.700017
  0
VERTEX
  8
gto
 10
75.286251
 20
48.713737
  0
VERTEX
  8
gto
 10
75.299461
 20
48.733037
  0
VERTEX
  8
gto
 10
75.303021
 20
48.744217
  0
VERTEX
  8
gto
 10
75.303021
 20
48.769108
  0
VERTEX
  8
gto
 10
75.293871
 20
48.790448
  0
VERTEX
  8
gto
 10
75.286251
 20
48.800098
  0
VERTEX
  8
gto
 10
75.266441
 20
48.813308
  0
VERTEX
  8
gto
 10
75.243070
 20
48.817878
  0
SEQEND
  8
gto
  0
POLYLINE
  8
gto
 62
1
 40
0.000000
 41
0.000000
 66
  1
  0
VERTEX
  8
gto
 10
74.493769
 20
48.096516
  0
VERTEX
  8
gto
 10
74.493769
 20
47.245614
  0
VERTEX
  8
gto
 10
74.986530
 20
47.245614
  0
VERTEX
  8
gto
 10
74.986530
 20
47.768856
  0
VERTEX
  8
gto
 10
75.194810
 20
47.974596
  0
VERTEX
  8
gto
 10
75.400551
 20
47.974596
  0
VERTEX
  8
gto
 10
75.611371
 20
47.766316
  0
VERTEX
  8
gto
 10
75.611371
 20
47.253235
  0
VERTEX
  8
gto
 10
75.733291
 20
47.253235
  0
VERTEX
  8
gto
 10
75.732281
 20
47.804416
  0
VERTEX
  8
gto
 10
75.728721
 20
47.815596
  0
VERTEX
  8
gto
 10
75.723131
 20
47.824736
  0
VERTEX
  8
gto
 10
75.469131
 20
48.078736
  0
VERTEX
  8
gto
 10
75.449321
 20
48.091946
  0
VERTEX
  8
gto
 10
75.425951
 20
48.096516
  0
VERTEX
  8
gto
 10
75.169410
 20
48.096516
  0
VERTEX
  8
gto
 10
75.145030
 20
48.091946
  0
VERTEX
  8
gto
 10
75.135890
 20
48.086356
  0
VERTEX
  8
gto
 10
74.875790
 20
47.825246
  0
VERTEX
  8
gto
 10
74.865630
 20
47.803906
  0
VERTEX
  8
gto
 10
74.864610
 20
47.367535
  0
VERTEX
  8
gto
 10
74.615689
 20
47.367535
  0
VERTEX
  8
gto
 10
74.615689
 20
48.096516
  0
SEQEND
  8
gto
  0
POLYLINE
  8
gto
 62
1
 40
0.000000
 41
0.000000
 66
  1
  0
VERTEX
  8
gto
 10
74.808730
 20
47.017014
  0
VERTEX
  8
gto
 10
74.785370
 20
47.012444
  0
VERTEX
  8
gto
 10
74.765550
 20
46.999234
  0
VERTEX
  8
gto
 10
74.631949
 20
46.869694
  0
VERTEX
  8
gto
 10
74.625849
 20
46.860044
  0
VERTEX
  8
gto
 10
74.621789
 20
46.847854
  0
VERTEX
  8
gto
 10
74.620769
 20
46.359153
  0
VERTEX
  8
gto
 10
74.742689
 20
46.359153
  0
VERTEX
  8
gto
 10
74.742689
 20
46.806194
  0
VERTEX
  8
gto
 10
74.834130
 20
46.895094
  0
VERTEX
  8
gto
 10
75.525011
 20
46.895094
  0
VERTEX
  8
gto
 10
75.611371
 20
46.806194
  0
VERTEX
  8
gto
 10
75.611371
 20
46.356613
  0
VERTEX
  8
gto
 10
75.530091
 20
46.277873
  0
VERTEX
  8
gto
 10
74.831590
 20
46.277873
  0
VERTEX
  8
gto
 10
74.742689
 20
46.359153
  0
VERTEX
  8
gto
 10
74.620769
 20
46.359153
  0
VERTEX
  8
gto
 10
74.621789
 20
46.318003
  0
VERTEX
  8
gto
 10
74.631949
 20
46.296163
  0
VERTEX
  8
gto
 10
74.765550
 20
46.171192
  0
VERTEX
  8
gto
 10
74.785870
 20
46.155952
  0
VERTEX
  8
gto
 10
74.796030
 20
46.151892
  0
VERTEX
  8
gto
 10
75.555491
 20
46.150872
  0
VERTEX
  8
gto
 10
75.580891
 20
46.154932
  0
VERTEX
  8
gto
 10
75.591561
 20
46.160522
  0
VERTEX
  8
gto
 10
75.718051
 20
46.288033
  0
VERTEX
  8
gto
 10
75.729231
 20
46.307333
  0
VERTEX
  8
gto
 10
75.733291
 20
46.331213
  0
VERTEX
  8
gto
 10
75.732281
 20
46.843784
  0
VERTEX
  8
gto
 10
75.723131
 20
46.865124
  0
VERTEX
  8
gto
 10
75.593591
 20
46.999234
  0
VERTEX
  8
gto
 10
75.575311
 20
47.012444
  0
VERTEX
  8
gto
 10
75.550411
 20
47.017014
  0
SEQEND
  8
gto
  0
POLYLINE
  8
gto
 62
1
 40
0.000000
 41
0.000000
 66
  1
  0
VERTEX
  8
gto
 10
74.620769
 20
45.680971
  0
VERTEX
  8
gto
 10
74.620769
 20
45.310131
  0
VERTEX
  8
gto
 10
74.742689
 20
45.310131
  0
VERTEX
  8
gto
 10
74.742689
 20
45.434591
  0
VERTEX
  8
gto
 10
75.613911
 20
45.434591
  0
VERTEX
  8
gto
 10
75.613911
 20
45.310131
  0
VERTEX
  8
gto
 10
75.738371
 20
45.310131
  0
VERTEX
  8
gto
 10
75.738371
 20
45.680971
  0
VERTEX
  8
gto
 10
75.613911
 20
45.680971
  0
VERTEX
  8
gto
 10
75.613911
 20
45.556511
  0
VERTEX
  8
gto
 10
74.742689
 20
45.556511
  0
VERTEX
  8
gto
 10
74.742689
 20
45.680971
  0
SEQEND
  8
gto
  0
POLYLINE
  8
gto
 62
1
 40
0.000000
 41
0.000000
 66
  1
  0
VERTEX
  8
gto
 10
77.135374
 20
49.186178
  0
VERTEX
  8
gto
 10
77.112014
 20
49.181608
  0
VERTEX
  8
gto
 10
77.092194
 20
49.168398
  0
VERTEX
  8
gto
 10
76.957574
 20
49.035298
  0
VERTEX
  8
gto
 10
76.948434
 20
49.013458
  0
VERTEX
  8
gto
 10
76.947414
 20
48.668017
  0
VERTEX
  8
gto
 10
77.069334
 20
48.668017
  0
VERTEX
  8
gto
 10
77.069334
 20
48.975358
  0
VERTEX
  8
gto
 10
77.158234
 20
49.064258
  0
VERTEX
  8
gto
 10
77.236974
 20
49.064258
  0
VERTEX
  8
gto
 10
77.569715
 20
48.734057
  0
VERTEX
  8
gto
 10
77.569715
 20
48.535937
  0
VERTEX
  8
gto
 10
77.490975
 20
48.457197
  0
VERTEX
  8
gto
 10
77.280155
 20
48.457197
  0
VERTEX
  8
gto
 10
77.069334
 20
48.668017
  0
VERTEX
  8
gto
 10
76.947414
 20
48.668017
  0
VERTEX
  8
gto
 10
76.948434
 20
48.630937
  0
VERTEX
  8
gto
 10
76.951994
 20
48.618737
  0
VERTEX
  8
gto
 10
76.957574
 20
48.609087
  0
VERTEX
  8
gto
 10
77.221734
 20
48.344927
  0
VERTEX
  8
gto
 10
77.231394
 20
48.339337
  0
VERTEX
  8
gto
 10
77.257295
 20
48.335277
  0
VERTEX
  8
gto
 10
77.527045
 20
48.336297
  0
VERTEX
  8
gto
 10
77.538735
 20
48.339337
  0
VERTEX
  8
gto
 10
77.548385
 20
48.344927
  0
VERTEX
  8
gto
 10
77.673855
 20
48.469897
  0
VERTEX
  8
gto
 10
77.687065
 20
48.489197
  0
VERTEX
  8
gto
 10
77.690625
 20
48.500377
  0
VERTEX
  8
gto
 10
77.690625
 20
48.770638
  0
VERTEX
  8
gto
 10
77.687065
 20
48.782828
  0
VERTEX
  8
gto
 10
77.681475
 20
48.792478
  0
VERTEX
  8
gto
 10
77.409695
 20
49.064258
  0
VERTEX
  8
gto
 10
77.978656
 20
49.064258
  0
VERTEX
  8
gto
 10
78.103116
 20
48.939798
  0
VERTEX
  8
gto
 10
78.189476
 20
49.026158
  0
VERTEX
  8
gto
 10
78.047236
 20
49.168398
  0
VERTEX
  8
gto
 10
78.027426
 20
49.181608
  0
VERTEX
  8
gto
 10
78.004056
 20
49.186178
  0
SEQEND
  8
gto
  0
POLYLINE
  8
gto
 62
1
 40
0.000000
 41
0.000000
 66
  1
  0
VERTEX
  8
gto
 10
77.694175
 20
48.096516
  0
VERTEX
  8
gto
 10
77.694175
 20
47.982216
  0
VERTEX
  8
gto
 10
77.008374
 20
47.982216
  0
VERTEX
  8
gto
 10
76.985014
 20
47.977646
  0
VERTEX
  8
gto
 10
76.965194
 20
47.964436
  0
VERTEX
  8
gto
 10
76.951994
 20
47.943096
  0
VERTEX
  8
gto
 10
76.948434
 20
47.932436
  0
VERTEX
  8
gto
 10
76.947414
 20
47.860296
  0
VERTEX
  8
gto
 10
77.694175
 20
47.860296
  0
VERTEX
  8
gto
 10
77.694175
 20
47.367535
  0
VERTEX
  8
gto
 10
77.529075
 20
47.367535
  0
VERTEX
  8
gto
 10
77.069334
 20
47.822196
  0
VERTEX
  8
gto
 10
77.069334
 20
47.860296
  0
VERTEX
  8
gto
 10
76.947414
 20
47.860296
  0
VERTEX
  8
gto
 10
76.948434
 20
47.781046
  0
VERTEX
  8
gto
 10
76.957574
 20
47.759206
  0
VERTEX
  8
gto
 10
77.460495
 20
47.263395
  0
VERTEX
  8
gto
 10
77.481325
 20
47.249674
  0
VERTEX
  8
gto
 10
77.503675
 20
47.245614
  0
VERTEX
  8
gto
 10
77.767336
 20
47.246634
  0
VERTEX
  8
gto
 10
77.778506
 20
47.249674
  0
VERTEX
  8
gto
 10
77.798316
 20
47.263395
  0
VERTEX
  8
gto
 10
77.811526
 20
47.284225
  0
VERTEX
  8
gto
 10
77.815086
 20
47.294895
  0
VERTEX
  8
gto
 10
77.816096
 20
47.860296
  0
VERTEX
  8
gto
 10
78.232656
 20
47.860296
  0
VERTEX
  8
gto
 10
78.232656
 20
47.982216
  0
VERTEX
  8
gto
 10
77.816096
 20
47.982216
  0
VERTEX
  8
gto
 10
77.816096
 20
48.096516
  0
SEQEND
  8
gto
  0
POLYLINE
  8
gto
 62
1
 40
0.000000
 41
0.000000
 66
  1
  0
VERTEX
  8
gto
 10
77.262375
 20
47.017014
  0
VERTEX
  8
gto
 10
77.239014
 20
47.012444
  0
VERTEX
  8
gto
 10
77.219194
 20
46.999234
  0
VERTEX
  8
gto
 10
77.085594
 20
46.869694
  0
VERTEX
  8
gto
 10
77.079494
 20
46.860044
  0
VERTEX
  8
gto
 10
77.075434
 20
46.847854
  0
VERTEX
  8
gto
 10
77.074414
 20
46.359153
  0
VERTEX
  8
gto
 10
77.196334
 20
46.359153
  0
VERTEX
  8
gto
 10
77.196334
 20
46.806194
  0
VERTEX
  8
gto
 10
77.287775
 20
46.895094
  0
VERTEX
  8
gto
 10
77.978656
 20
46.895094
  0
VERTEX
  8
gto
 10
78.065016
 20
46.806194
  0
VERTEX
  8
gto
 10
78.065016
 20
46.356613
  0
VERTEX
  8
gto
 10
77.983736
 20
46.277873
  0
VERTEX
  8
gto
 10
77.285235
 20
46.277873
  0
VERTEX
  8
gto
 10
77.196334
 20
46.359153
  0
VERTEX
  8
gto
 10
77.074414
 20
46.359153
  0
VERTEX
  8
gto
 10
77.075434
 20
46.318003
  0
VERTEX
  8
gto
 10
77.085594
 20
46.296163
  0
VERTEX
  8
gto
 10
77.219194
 20
46.171192
  0
VERTEX
  8
gto
 10
77.239514
 20
46.155952
  0
VERTEX
  8
gto
 10
77.249674
 20
46.151892
  0
VERTEX
  8
gto
 10
78.009136
 20
46.150872
  0
VERTEX
  8
gto
 10
78.034536
 20
46.154932
  0
VERTEX
  8
gto
 10
78.045206
 20
46.160522
  0
VERTEX
  8
gto
 10
78.171696
 20
46.288033
  0
VERTEX
  8
gto
 10
78.182876
 20
46.307333
  0
VERTEX
  8
gto
 10
78.186936
 20
46.331213
  0
VERTEX
  8
gto
 10
78.185926
 20
46.843784
  0
VERTEX
  8
gto
 10
78.176776
 20
46.865124
  0
VERTEX
  8
gto
 10
78.047236
 20
46.999234
  0
VERTEX
  8
gto
 10
78.028956
 20
47.012444
  0
VERTEX
  8
gto
 10
78.004056
 20
47.017014
  0
SEQEND
  8
gto
  0
POLYLINE
  8
gto
 62
1
 40
0.000000
 41
0.000000
 66
  1
  0
VERTEX
  8
gto
 10
77.074414
 20
45.680971
  0
VERTEX
  8
gto
 10
77.074414
 20
45.310131
  0
VERTEX
  8
gto
 10
77.196334
 20
45.310131
  0
VERTEX
  8
gto
 10
77.196334
 20
45.434591
  0
VERTEX
  8
gto
 10
78.067556
 20
45.434591
  0
VERTEX
  8
gto
 10
78.067556
 20
45.310131
  0
VERTEX
  8
gto
 10
78.192016
 20
45.310131
  0
VERTEX
  8
gto
 10
78.192016
 20
45.680971
  0
VERTEX
  8
gto
 10
78.067556
 20
45.680971
  0
VERTEX
  8
gto
 10
78.067556
 20
45.556511
  0
VERTEX
  8
gto
 10
77.196334
 20
45.556511
  0
VERTEX
  8
gto
 10
77.196334
 20
45.680971
  0
SEQEND
  8
gto
  0
POLYLINE
  8
gto
 62
1
 40
0.000000
 41
0.000000
 66
  1
  0
VERTEX
  8
gto
 10
80.203700
 20
49.186178
  0
VERTEX
  8
gto
 10
80.180840
 20
49.182618
  0
VERTEX
  8
gto
 10
80.163060
 20
49.173478
  0
VERTEX
  8
gto
 10
79.944620
 20
48.970278
  0
VERTEX
  8
gto
 10
79.865880
 20
49.050038
  0
VERTEX
  8
gto
 10
79.855720
 20
49.056638
  0
VERTEX
  8
gto
 10
79.835400
 20
49.061718
  0
VERTEX
  8
gto
 10
79.581399
 20
49.061718
  0
VERTEX
  8
gto
 10
79.559559
 20
49.057148
  0
VERTEX
  8
gto
 10
79.540759
 20
49.043938
  0
VERTEX
  8
gto
 10
79.418839
 20
48.927098
  0
VERTEX
  8
gto
 10
79.407159
 20
48.907288
  0
VERTEX
  8
gto
 10
79.403599
 20
48.883918
  0
VERTEX
  8
gto
 10
79.403599
 20
48.662937
  0
VERTEX
  8
gto
 10
79.517899
 20
48.662937
  0
VERTEX
  8
gto
 10
79.517899
 20
48.858518
  0
VERTEX
  8
gto
 10
79.604259
 20
48.942338
  0
VERTEX
  8
gto
 10
79.812540
 20
48.942338
  0
VERTEX
  8
gto
 10
79.891280
 20
48.861058
  0
VERTEX
  8
gto
 10
79.891280
 20
48.665477
  0
VERTEX
  8
gto
 10
80.005580
 20
48.665477
  0
VERTEX
  8
gto
 10
80.005580
 20
48.858518
  0
VERTEX
  8
gto
 10
80.226560
 20
49.069338
  0
VERTEX
  8
gto
 10
80.320541
 20
49.069338
  0
VERTEX
  8
gto
 10
80.531361
 20
48.858518
  0
VERTEX
  8
gto
 10
80.531361
 20
48.657857
  0
VERTEX
  8
gto
 10
80.320541
 20
48.457197
  0
VERTEX
  8
gto
 10
80.226560
 20
48.457197
  0
VERTEX
  8
gto
 10
80.005580
 20
48.665477
  0
VERTEX
  8
gto
 10
79.891280
 20
48.665477
  0
VERTEX
  8
gto
 10
79.812540
 20
48.576577
  0
VERTEX
  8
gto
 10
79.616959
 20
48.576577
  0
VERTEX
  8
gto
 10
79.517899
 20
48.662937
  0
VERTEX
  8
gto
 10
79.403599
 20
48.662937
  0
VERTEX
  8
gto
 10
79.403599
 20
48.617217
  0
VERTEX
  8
gto
 10
79.409699
 20
48.605537
  0
VERTEX
  8
gto
 10
79.562099
 20
48.471417
  0
VERTEX
  8
gto
 10
79.591059
 20
48.458217
  0
VERTEX
  8
gto
 10
79.847600
 20
48.458217
  0
VERTEX
  8
gto
 10
79.870460
 20
48.468377
  0
VERTEX
  8
gto
 10
79.881120
 20
48.477517
  0
VERTEX
  8
gto
 10
79.949700
 20
48.553717
  0
VERTEX
  8
gto
 10
80.173220
 20
48.346457
  0
VERTEX
  8
gto
 10
80.192020
 20
48.336297
  0
VERTEX
  8
gto
 10
80.345941
 20
48.335277
  0
VERTEX
  8
gto
 10
80.367281
 20
48.339337
  0
VERTEX
  8
gto
 10
80.377441
 20
48.344927
  0
VERTEX
  8
gto
 10
80.627881
 20
48.591817
  0
VERTEX
  8
gto
 10
80.635501
 20
48.604517
  0
VERTEX
  8
gto
 10
80.641091
 20
48.619757
  0
VERTEX
  8
gto
 10
80.643121
 20
48.634997
  0
VERTEX
  8
gto
 10
80.643121
 20
48.911858
  0
VERTEX
  8
gto
 10
80.627881
 20
48.922018
  0
VERTEX
  8
gto
 10
80.386581
 20
49.168398
  0
VERTEX
  8
gto
 10
80.348481
 20
49.186178
  0
SEQEND
  8
gto
  0
POLYLINE
  8
gto
 62
1
 40
0.000000
 41
0.000000
 66
  1
  0
VERTEX
  8
gto
 10
80.147820
 20
48.096516
  0
VERTEX
  8
gto
 10
80.147820
 20
47.982216
  0
VERTEX
  8
gto
 10
79.462019
 20
47.982216
  0
VERTEX
  8
gto
 10
79.438659
 20
47.977646
  0
VERTEX
  8
gto
 10
79.418839
 20
47.964436
  0
VERTEX
  8
gto
 10
79.405639
 20
47.943096
  0
VERTEX
  8
gto
 10
79.402079
 20
47.932436
  0
VERTEX
  8
gto
 10
79.401059
 20
47.860296
  0
VERTEX
  8
gto
 10
80.147820
 20
47.860296
  0
VERTEX
  8
gto
 10
80.147820
 20
47.367535
  0
VERTEX
  8
gto
 10
79.982720
 20
47.367535
  0
VERTEX
  8
gto
 10
79.522979
 20
47.822196
  0
VERTEX
  8
gto
 10
79.522979
 20
47.860296
  0
VERTEX
  8
gto
 10
79.401059
 20
47.860296
  0
VERTEX
  8
gto
 10
79.402079
 20
47.781046
  0
VERTEX
  8
gto
 10
79.411219
 20
47.759206
  0
VERTEX
  8
gto
 10
79.914140
 20
47.263395
  0
VERTEX
  8
gto
 10
79.934970
 20
47.249674
  0
VERTEX
  8
gto
 10
79.957320
 20
47.245614
  0
VERTEX
  8
gto
 10
80.220970
 20
47.246634
  0
VERTEX
  8
gto
 10
80.232150
 20
47.249674
  0
VERTEX
  8
gto
 10
80.251961
 20
47.263395
  0
VERTEX
  8
gto
 10
80.265171
 20
47.284225
  0
VERTEX
  8
gto
 10
80.268731
 20
47.294895
  0
VERTEX
  8
gto
 10
80.269741
 20
47.860296
  0
VERTEX
  8
gto
 10
80.686301
 20
47.860296
  0
VERTEX
  8
gto
 10
80.686301
 20
47.982216
  0
VERTEX
  8
gto
 10
80.269741
 20
47.982216
  0
VERTEX
  8
gto
 10
80.269741
 20
48.096516
  0
SEQEND
  8
gto
  0
POLYLINE
  8
gto
 62
1
 40
0.000000
 41
0.000000
 66
  1
  0
VERTEX
  8
gto
 10
79.716019
 20
47.017014
  0
VERTEX
  8
gto
 10
79.692659
 20
47.012444
  0
VERTEX
  8
gto
 10
79.672839
 20
46.999234
  0
VERTEX
  8
gto
 10
79.539239
 20
46.869694
  0
VERTEX
  8
gto
 10
79.533139
 20
46.860044
  0
VERTEX
  8
gto
 10
79.529079
 20
46.847854
  0
VERTEX
  8
gto
 10
79.528059
 20
46.359153
  0
VERTEX
  8
gto
 10
79.649979
 20
46.359153
  0
VERTEX
  8
gto
 10
79.649979
 20
46.806194
  0
VERTEX
  8
gto
 10
79.741419
 20
46.895094
  0
VERTEX
  8
gto
 10
80.432301
 20
46.895094
  0
VERTEX
  8
gto
 10
80.518661
 20
46.806194
  0
VERTEX
  8
gto
 10
80.518661
 20
46.356613
  0
VERTEX
  8
gto
 10
80.437381
 20
46.277873
  0
VERTEX
  8
gto
 10
79.738879
 20
46.277873
  0
VERTEX
  8
gto
 10
79.649979
 20
46.359153
  0
VERTEX
  8
gto
 10
79.528059
 20
46.359153
  0
VERTEX
  8
gto
 10
79.529079
 20
46.318003
  0
VERTEX
  8
gto
 10
79.539239
 20
46.296163
  0
VERTEX
  8
gto
 10
79.672839
 20
46.171192
  0
VERTEX
  8
gto
 10
79.693159
 20
46.155952
  0
VERTEX
  8
gto
 10
79.703319
 20
46.151892
  0
VERTEX
  8
gto
 10
80.462781
 20
46.150872
  0
VERTEX
  8
gto
 10
80.488181
 20
46.154932
  0
VERTEX
  8
gto
 10
80.498851
 20
46.160522
  0
VERTEX
  8
gto
 10
80.625341
 20
46.288033
  0
VERTEX
  8
gto
 10
80.636521
 20
46.307333
  0
VERTEX
  8
gto
 10
80.640581
 20
46.331213
  0
VERTEX
  8
gto
 10
80.639571
 20
46.843784
  0
VERTEX
  8
gto
 10
80.630421
 20
46.865124
  0
VERTEX
  8
gto
 10
80.500881
 20
46.999234
  0
VERTEX
  8
gto
 10
80.482601
 20
47.012444
  0
VERTEX
  8
gto
 10
80.457701
 20
47.017014
  0
SEQEND
  8
gto
  0
POLYLINE
  8
gto
 62
1
 40
0.000000
 41
0.000000
 66
  1
  0
VERTEX
  8
gto
 10
79.528059
 20
45.680971
  0
VERTEX
  8
gto
 10
79.528059
 20
45.310131
  0
VERTEX
  8
gto
 10
79.649979
 20
45.310131
  0
VERTEX
  8
gto
 10
79.649979
 20
45.434591
  0
VERTEX
  8
gto
 10
80.521201
 20
45.434591
  0
VERTEX
  8
gto
 10
80.521201
 20
45.310131
  0
VERTEX
  8
gto
 10
80.645661
 20
45.310131
  0
VERTEX
  8
gto
 10
80.645661
 20
45.680971
  0
VERTEX
  8
gto
 10
80.521201
 20
45.680971
  0
VERTEX
  8
gto
 10
80.521201
 20
45.556511
  0
VERTEX
  8
gto
 10
79.649979
 20
45.556511
  0
VERTEX
  8
gto
 10
79.649979
 20
45.680971
  0
SEQEND
  8
gto
  0
POLYLINE
  8
gto
 62
1
 40
0.000000
 41
0.000000
 66
  1
  0
VERTEX
  8
gto
 10
82.078224
 20
49.186178
  0
VERTEX
  8
gto
 10
82.078224
 20
48.335277
  0
VERTEX
  8
gto
 10
82.200144
 20
48.335277
  0
VERTEX
  8
gto
 10
82.200144
 20
49.064258
  0
VERTEX
  8
gto
 10
82.235704
 20
49.064258
  0
VERTEX
  8
gto
 10
82.726945
 20
48.575057
  0
VERTEX
  8
gto
 10
82.736595
 20
48.568957
  0
VERTEX
  8
gto
 10
82.748285
 20
48.564897
  0
VERTEX
  8
gto
 10
83.320287
 20
48.563877
  0
VERTEX
  8
gto
 10
83.320287
 20
48.685797
  0
VERTEX
  8
gto
 10
82.784346
 20
48.685797
  0
VERTEX
  8
gto
 10
82.295655
 20
49.176018
  0
VERTEX
  8
gto
 10
82.286005
 20
49.181608
  0
VERTEX
  8
gto
 10
82.261105
 20
49.186178
  0
SEQEND
  8
gto
  0
POLYLINE
  8
gto
 62
1
 40
0.000000
 41
0.000000
 66
  1
  0
VERTEX
  8
gto
 10
82.824986
 20
48.096516
  0
VERTEX
  8
gto
 10
82.824986
 20
47.982216
  0
VERTEX
  8
gto
 10
82.139184
 20
47.982216
  0
VERTEX
  8
gto
 10
82.115824
 20
47.977646
  0
VERTEX
  8
gto
 10
82.096004
 20
47.964436
  0
VERTEX
  8
gto
 10
82.082804
 20
47.943096
  0
VERTEX
  8
gto
 10
82.079244
 20
47.932436
  0
VERTEX
  8
gto
 10
82.078224
 20
47.860296
  0
VERTEX
  8
gto
 10
82.824986
 20
47.860296
  0
VERTEX
  8
gto
 10
82.824986
 20
47.367535
  0
VERTEX
  8
gto
 10
82.659885
 20
47.367535
  0
VERTEX
  8
gto
 10
82.200144
 20
47.822196
  0
VERTEX
  8
gto
 10
82.200144
 20
47.860296
  0
VERTEX
  8
gto
 10
82.078224
 20
47.860296
  0
VERTEX
  8
gto
 10
82.079244
 20
47.781046
  0
VERTEX
  8
gto
 10
82.088384
 20
47.759206
  0
VERTEX
  8
gto
 10
82.591305
 20
47.263395
  0
VERTEX
  8
gto
 10
82.612135
 20
47.249674
  0
VERTEX
  8
gto
 10
82.634485
 20
47.245614
  0
VERTEX
  8
gto
 10
82.898146
 20
47.246634
  0
VERTEX
  8
gto
 10
82.909316
 20
47.249674
  0
VERTEX
  8
gto
 10
82.919986
 20
47.255265
  0
VERTEX
  8
gto
 10
82.936746
 20
47.273555
  0
VERTEX
  8
gto
 10
82.945896
 20
47.294895
  0
VERTEX
  8
gto
 10
82.946906
 20
47.860296
  0
VERTEX
  8
gto
 10
83.363467
 20
47.860296
  0
VERTEX
  8
gto
 10
83.363467
 20
47.982216
  0
VERTEX
  8
gto
 10
82.946906
 20
47.982216
  0
VERTEX
  8
gto
 10
82.946906
 20
48.096516
  0
SEQEND
  8
gto
  0
POLYLINE
  8
gto
 62
1
 40
0.000000
 41
0.000000
 66
  1
  0
VERTEX
  8
gto
 10
82.393185
 20
47.017014
  0
VERTEX
  8
gto
 10
82.369825
 20
47.012444
  0
VERTEX
  8
gto
 10
82.350005
 20
46.999234
  0
VERTEX
  8
gto
 10
82.216914
 20
46.869694
  0
VERTEX
  8
gto
 10
82.210304
 20
46.860044
  0
VERTEX
  8
gto
 10
82.205224
 20
46.834134
  0
VERTEX
  8
gto
 10
82.205224
 20
46.359153
  0
VERTEX
  8
gto
 10
82.327145
 20
46.359153
  0
VERTEX
  8
gto
 10
82.327145
 20
46.806194
  0
VERTEX
  8
gto
 10
82.418585
 20
46.895094
  0
VERTEX
  8
gto
 10
83.109466
 20
46.895094
  0
VERTEX
  8
gto
 10
83.195826
 20
46.806194
  0
VERTEX
  8
gto
 10
83.195826
 20
46.356613
  0
VERTEX
  8
gto
 10
83.114546
 20
46.277873
  0
VERTEX
  8
gto
 10
82.416045
 20
46.277873
  0
VERTEX
  8
gto
 10
82.327145
 20
46.359153
  0
VERTEX
  8
gto
 10
82.205224
 20
46.359153
  0
VERTEX
  8
gto
 10
82.206754
 20
46.318003
  0
VERTEX
  8
gto
 10
82.210304
 20
46.306323
  0
VERTEX
  8
gto
 10
82.216914
 20
46.296163
  0
VERTEX
  8
gto
 10
82.350005
 20
46.171192
  0
VERTEX
  8
gto
 10
82.370325
 20
46.155952
  0
VERTEX
  8
gto
 10
82.380485
 20
46.151892
  0
VERTEX
  8
gto
 10
83.139946
 20
46.150872
  0
VERTEX
  8
gto
 10
83.165346
 20
46.154932
  0
VERTEX
  8
gto
 10
83.176016
 20
46.160522
  0
VERTEX
  8
gto
 10
83.302507
 20
46.288033
  0
VERTEX
  8
gto
 10
83.314197
 20
46.307333
  0
VERTEX
  8
gto
 10
83.317747
 20
46.331213
  0
VERTEX
  8
gto
 10
83.316737
 20
46.843784
  0
VERTEX
  8
gto
 10
83.307587
 20
46.865124
  0
VERTEX
  8
gto
 10
83.178046
 20
46.999234
  0
VERTEX
  8
gto
 10
83.159756
 20
47.012444
  0
VERTEX
  8
gto
 10
83.134866
 20
47.017014
  0
SEQEND
  8
gto
  0
POLYLINE
  8
gto
 62
1
 40
0.000000
 41
0.000000
 66
  1
  0
VERTEX
  8
gto
 10
82.205224
 20
45.680971
  0
VERTEX
  8
gto
 10
82.205224
 20
45.310131
  0
VERTEX
  8
gto
 10
82.327145
 20
45.310131
  0
VERTEX
  8
gto
 10
82.327145
 20
45.434591
  0
VERTEX
  8
gto
 10
83.198366
 20
45.434591
  0
VERTEX
  8
gto
 10
83.198366
 20
45.310131
  0
VERTEX
  8
gto
 10
83.322827
 20
45.310131
  0
VERTEX
  8
gto
 10
83.322827
 20
45.680971
  0
VERTEX
  8
gto
 10
83.198366
 20
45.680971
  0
VERTEX
  8
gto
 10
83.198366
 20
45.556511
  0
VERTEX
  8
gto
 10
82.327145
 20
45.556511
  0
VERTEX
  8
gto
 10
82.327145
 20
45.680971
  0
SEQEND
  8
gto
  0
POLYLINE
  8
gto
 62
1
 40
0.000000
 41
0.000000
 66
  1
  0
VERTEX
  8
gto
 10
85.334511
 20
49.209038
  0
VERTEX
  8
gto
 10
85.311151
 20
49.204468
  0
VERTEX
  8
gto
 10
85.291331
 20
49.191258
  0
VERTEX
  8
gto
 10
85.044950
 20
48.949958
  0
VERTEX
  8
gto
 10
85.031750
 20
48.928618
  0
VERTEX
  8
gto
 10
85.028190
 20
48.917958
  0
VERTEX
  8
gto
 10
85.027170
 20
48.675637
  0
VERTEX
  8
gto
 10
85.149090
 20
48.675637
  0
VERTEX
  8
gto
 10
85.149090
 20
48.878838
  0
VERTEX
  8
gto
 10
85.359911
 20
49.087118
  0
VERTEX
  8
gto
 10
85.464051
 20
49.087118
  0
VERTEX
  8
gto
 10
85.682491
 20
48.871218
  0
VERTEX
  8
gto
 10
85.682491
 20
48.668017
  0
VERTEX
  8
gto
 10
85.469131
 20
48.457197
  0
VERTEX
  8
gto
 10
85.370071
 20
48.457197
  0
VERTEX
  8
gto
 10
85.149090
 20
48.675637
  0
VERTEX
  8
gto
 10
85.027170
 20
48.675637
  0
VERTEX
  8
gto
 10
85.028190
 20
48.640077
  0
VERTEX
  8
gto
 10
85.037330
 20
48.618737
  0
VERTEX
  8
gto
 10
85.197350
 20
48.457197
  0
VERTEX
  8
gto
 10
84.872230
 20
48.457197
  0
VERTEX
  8
gto
 10
84.618229
 20
48.708657
  0
VERTEX
  8
gto
 10
84.534409
 20
48.624837
  0
VERTEX
  8
gto
 10
84.812800
 20
48.344927
  0
VERTEX
  8
gto
 10
84.823470
 20
48.339337
  0
VERTEX
  8
gto
 10
84.846830
 20
48.335277
  0
VERTEX
  8
gto
 10
85.494531
 20
48.335277
  0
VERTEX
  8
gto
 10
85.535171
 20
48.353057
  0
VERTEX
  8
gto
 10
85.794252
 20
48.611117
  0
VERTEX
  8
gto
 10
85.803402
 20
48.632457
  0
VERTEX
  8
gto
 10
85.803402
 20
48.907798
  0
VERTEX
  8
gto
 10
85.794252
 20
48.929128
  0
VERTEX
  8
gto
 10
85.786632
 20
48.939798
  0
VERTEX
  8
gto
 10
85.532631
 20
49.191258
  0
VERTEX
  8
gto
 10
85.511811
 20
49.204468
  0
VERTEX
  8
gto
 10
85.489451
 20
49.209038
  0
SEQEND
  8
gto
  0
POLYLINE
  8
gto
 62
1
 40
0.000000
 41
0.000000
 66
  1
  0
VERTEX
  8
gto
 10
85.278631
 20
48.096516
  0
VERTEX
  8
gto
 10
85.278631
 20
47.982216
  0
VERTEX
  8
gto
 10
84.592829
 20
47.982216
  0
VERTEX
  8
gto
 10
84.569469
 20
47.977646
  0
VERTEX
  8
gto
 10
84.549649
 20
47.964436
  0
VERTEX
  8
gto
 10
84.536449
 20
47.943096
  0
VERTEX
  8
gto
 10
84.532889
 20
47.932436
  0
VERTEX
  8
gto
 10
84.531869
 20
47.860296
  0
VERTEX
  8
gto
 10
85.278631
 20
47.860296
  0
VERTEX
  8
gto
 10
85.278631
 20
47.367535
  0
VERTEX
  8
gto
 10
85.113530
 20
47.367535
  0
VERTEX
  8
gto
 10
84.653789
 20
47.822196
  0
VERTEX
  8
gto
 10
84.653789
 20
47.860296
  0
VERTEX
  8
gto
 10
84.531869
 20
47.860296
  0
VERTEX
  8
gto
 10
84.532889
 20
47.781046
  0
VERTEX
  8
gto
 10
84.542029
 20
47.759206
  0
VERTEX
  8
gto
 10
85.044950
 20
47.263395
  0
VERTEX
  8
gto
 10
85.065780
 20
47.249674
  0
VERTEX
  8
gto
 10
85.088130
 20
47.245614
  0
VERTEX
  8
gto
 10
85.351791
 20
47.246634
  0
VERTEX
  8
gto
 10
85.362961
 20
47.249674
  0
VERTEX
  8
gto
 10
85.373631
 20
47.255265
  0
VERTEX
  8
gto
 10
85.390391
 20
47.273555
  0
VERTEX
  8
gto
 10
85.399541
 20
47.294895
  0
VERTEX
  8
gto
 10
85.400551
 20
47.860296
  0
VERTEX
  8
gto
 10
85.817112
 20
47.860296
  0
VERTEX
  8
gto
 10
85.817112
 20
47.982216
  0
VERTEX
  8
gto
 10
85.400551
 20
47.982216
  0
VERTEX
  8
gto
 10
85.400551
 20
48.096516
  0
SEQEND
  8
gto
  0
POLYLINE
  8
gto
 62
1
 40
0.000000
 41
0.000000
 66
  1
  0
VERTEX
  8
gto
 10
84.846830
 20
47.017014
  0
VERTEX
  8
gto
 10
84.823470
 20
47.012444
  0
VERTEX
  8
gto
 10
84.803650
 20
46.999234
  0
VERTEX
  8
gto
 10
84.670559
 20
46.869694
  0
VERTEX
  8
gto
 10
84.663949
 20
46.860044
  0
VERTEX
  8
gto
 10
84.658869
 20
46.834134
  0
VERTEX
  8
gto
 10
84.658869
 20
46.359153
  0
VERTEX
  8
gto
 10
84.780790
 20
46.359153
  0
VERTEX
  8
gto
 10
84.780790
 20
46.806194
  0
VERTEX
  8
gto
 10
84.872230
 20
46.895094
  0
VERTEX
  8
gto
 10
85.563111
 20
46.895094
  0
VERTEX
  8
gto
 10
85.649471
 20
46.806194
  0
VERTEX
  8
gto
 10
85.649471
 20
46.356613
  0
VERTEX
  8
gto
 10
85.568191
 20
46.277873
  0
VERTEX
  8
gto
 10
84.869690
 20
46.277873
  0
VERTEX
  8
gto
 10
84.780790
 20
46.359153
  0
VERTEX
  8
gto
 10
84.658869
 20
46.359153
  0
VERTEX
  8
gto
 10
84.660399
 20
46.318003
  0
VERTEX
  8
gto
 10
84.663949
 20
46.306323
  0
VERTEX
  8
gto
 10
84.670559
 20
46.296163
  0
VERTEX
  8
gto
 10
84.803650
 20
46.171192
  0
VERTEX
  8
gto
 10
84.823970
 20
46.155952
  0
VERTEX
  8
gto
 10
84.834130
 20
46.151892
  0
VERTEX
  8
gto
 10
85.593591
 20
46.150872
  0
VERTEX
  8
gto
 10
85.618991
 20
46.154932
  0
VERTEX
  8
gto
 10
85.629661
 20
46.160522
  0
VERTEX
  8
gto
 10
85.756152
 20
46.288033
  0
VERTEX
  8
gto
 10
85.767332
 20
46.307333
  0
VERTEX
  8
gto
 10
85.771392
 20
46.331213
  0
VERTEX
  8
gto
 10
85.770382
 20
46.843784
  0
VERTEX
  8
gto
 10
85.761232
 20
46.865124
  0
VERTEX
  8
gto
 10
85.631691
 20
46.999234
  0
VERTEX
  8
gto
 10
85.613411
 20
47.012444
  0
VERTEX
  8
gto
 10
85.588511
 20
47.017014
  0
SEQEND
  8
gto
  0
POLYLINE
  8
gto
 62
1
 40
0.000000
 41
0.000000
 66
  1
  0
VERTEX
  8
gto
 10
84.658869
 20
45.680971
  0
VERTEX
  8
gto
 10
84.658869
 20
45.310131
  0
VERTEX
  8
gto
 10
84.780790
 20
45.310131
  0
VERTEX
  8
gto
 10
84.780790
 20
45.434591
  0
VERTEX
  8
gto
 10
85.652011
 20
45.434591
  0
VERTEX
  8
gto
 10
85.652011
 20
45.310131
  0
VERTEX
  8
gto
 10
85.776472
 20
45.310131
  0
VERTEX
  8
gto
 10
85.776472
 20
45.680971
  0
VERTEX
  8
gto
 10
85.652011
 20
45.680971
  0
VERTEX
  8
gto
 10
85.652011
 20
45.556511
  0
VERTEX
  8
gto
 10
84.780790
 20
45.556511
  0
VERTEX
  8
gto
 10
84.780790
 20
45.680971
  0
SEQEND
  8
gto
  0
POLYLINE
  8
gto
 62
1
 40
0.000000
 41
0.000000
 66
  1
  0
VERTEX
  8
gto
 10
91.287783
 20
53.035306
  0
VERTEX
  8
gto
 10
91.287783
 20
52.661925
  0
VERTEX
  8
gto
 10
90.914402
 20
52.661925
  0
VERTEX
  8
gto
 10
90.914402
 20
52.537465
  0
VERTEX
  8
gto
 10
91.287783
 20
52.537465
  0
VERTEX
  8
gto
 10
91.287783
 20
52.164084
  0
VERTEX
  8
gto
 10
91.409703
 20
52.164084
  0
VERTEX
  8
gto
 10
91.409703
 20
52.537465
  0
VERTEX
  8
gto
 10
91.783084
 20
52.537465
  0
VERTEX
  8
gto
 10
91.783084
 20
52.661925
  0
VERTEX
  8
gto
 10
91.409703
 20
52.661925
  0
VERTEX
  8
gto
 10
91.409703
 20
53.035306
  0
SEQEND
  8
gto
  0
POLYLINE
  8
gto
 62
1
 40
0.000000
 41
0.000000
 66
  1
  0
VERTEX
  8
gto
 10
86.848354
 20
48.833118
  0
VERTEX
  8
gto
 10
86.822454
 20
48.828548
  0
VERTEX
  8
gto
 10
86.812794
 20
48.822958
  0
VERTEX
  8
gto
 10
86.317493
 20
48.320037
  0
VERTEX
  8
gto
 10
86.304293
 20
48.298697
  0
VERTEX
  8
gto
 10
86.300733
 20
48.288037
  0
VERTEX
  8
gto
 10
86.299713
 20
48.086356
  0
VERTEX
  8
gto
 10
86.421633
 20
48.086356
  0
VERTEX
  8
gto
 10
86.421633
 20
48.251457
  0
VERTEX
  8
gto
 10
86.873754
 20
48.711197
  0
VERTEX
  8
gto
 10
86.911854
 20
48.711197
  0
VERTEX
  8
gto
 10
86.911854
 20
48.086356
  0
VERTEX
  8
gto
 10
86.299713
 20
48.086356
  0
VERTEX
  8
gto
 10
86.300733
 20
48.012696
  0
VERTEX
  8
gto
 10
86.309873
 20
47.991356
  0
VERTEX
  8
gto
 10
86.327153
 20
47.974086
  0
VERTEX
  8
gto
 10
86.337313
 20
47.968496
  0
VERTEX
  8
gto
 10
86.360673
 20
47.964436
  0
VERTEX
  8
gto
 10
86.911854
 20
47.964436
  0
VERTEX
  8
gto
 10
86.911854
 20
47.547875
  0
VERTEX
  8
gto
 10
87.033774
 20
47.547875
  0
VERTEX
  8
gto
 10
87.033774
 20
47.964436
  0
VERTEX
  8
gto
 10
87.148074
 20
47.964436
  0
VERTEX
  8
gto
 10
87.148074
 20
48.086356
  0
VERTEX
  8
gto
 10
87.033774
 20
48.086356
  0
VERTEX
  8
gto
 10
87.032764
 20
48.784348
  0
VERTEX
  8
gto
 10
87.023614
 20
48.805688
  0
VERTEX
  8
gto
 10
87.006854
 20
48.822958
  0
VERTEX
  8
gto
 10
86.996184
 20
48.828548
  0
VERTEX
  8
gto
 10
86.972814
 20
48.833118
  0
SEQEND
  8
gto
  0
POLYLINE
  8
gto
 62
1
 40
0.000000
 41
0.000000
 66
  1
  0
VERTEX
  8
gto
 10
87.935476
 20
48.833118
  0
VERTEX
  8
gto
 10
87.911606
 20
48.828548
  0
VERTEX
  8
gto
 10
87.901956
 20
48.822958
  0
VERTEX
  8
gto
 10
87.407155
 20
48.320037
  0
VERTEX
  8
gto
 10
87.391915
 20
48.298697
  0
VERTEX
  8
gto
 10
87.386835
 20
48.276857
  0
VERTEX
  8
gto
 10
87.386835
 20
48.086356
  0
VERTEX
  8
gto
 10
87.508755
 20
48.086356
  0
VERTEX
  8
gto
 10
87.508755
 20
48.251457
  0
VERTEX
  8
gto
 10
87.963416
 20
48.711197
  0
VERTEX
  8
gto
 10
88.001516
 20
48.711197
  0
VERTEX
  8
gto
 10
88.001516
 20
48.086356
  0
VERTEX
  8
gto
 10
87.386835
 20
48.086356
  0
VERTEX
  8
gto
 10
87.388365
 20
48.012696
  0
VERTEX
  8
gto
 10
87.391915
 20
48.001516
  0
VERTEX
  8
gto
 10
87.407155
 20
47.982216
  0
VERTEX
  8
gto
 10
87.416305
 20
47.974086
  0
VERTEX
  8
gto
 10
87.436625
 20
47.965456
  0
VERTEX
  8
gto
 10
88.001516
 20
47.964436
  0
VERTEX
  8
gto
 10
88.001516
 20
47.547875
  0
VERTEX
  8
gto
 10
88.123436
 20
47.547875
  0
VERTEX
  8
gto
 10
88.123436
 20
47.964436
  0
VERTEX
  8
gto
 10
88.237736
 20
47.964436
  0
VERTEX
  8
gto
 10
88.237736
 20
48.086356
  0
VERTEX
  8
gto
 10
88.123436
 20
48.086356
  0
VERTEX
  8
gto
 10
88.122426
 20
48.784348
  0
VERTEX
  8
gto
 10
88.113276
 20
48.805688
  0
VERTEX
  8
gto
 10
88.096516
 20
48.822958
  0
VERTEX
  8
gto
 10
88.085846
 20
48.828548
  0
VERTEX
  8
gto
 10
88.062476
 20
48.833118
  0
SEQEND
  8
gto
  0
POLYLINE
  8
gto
 62
1
 40
0.000000
 41
0.000000
 66
  1
  0
VERTEX
  8
gto
 10
90.114800
 20
48.833118
  0
VERTEX
  8
gto
 10
90.089910
 20
48.828548
  0
VERTEX
  8
gto
 10
90.071620
 20
48.815338
  0
VERTEX
  8
gto
 10
89.583939
 20
48.320037
  0
VERTEX
  8
gto
 10
89.570739
 20
48.298697
  0
VERTEX
  8
gto
 10
89.567179
 20
48.288037
  0
VERTEX
  8
gto
 10
89.566159
 20
48.086356
  0
VERTEX
  8
gto
 10
89.688079
 20
48.086356
  0
VERTEX
  8
gto
 10
89.688079
 20
48.251457
  0
VERTEX
  8
gto
 10
90.140200
 20
48.711197
  0
VERTEX
  8
gto
 10
90.180840
 20
48.711197
  0
VERTEX
  8
gto
 10
90.180840
 20
48.086356
  0
VERTEX
  8
gto
 10
89.566159
 20
48.086356
  0
VERTEX
  8
gto
 10
89.567179
 20
48.012696
  0
VERTEX
  8
gto
 10
89.576319
 20
47.991356
  0
VERTEX
  8
gto
 10
89.593599
 20
47.974086
  0
VERTEX
  8
gto
 10
89.603759
 20
47.968496
  0
VERTEX
  8
gto
 10
89.627119
 20
47.964436
  0
VERTEX
  8
gto
 10
90.180840
 20
47.964436
  0
VERTEX
  8
gto
 10
90.180840
 20
47.547875
  0
VERTEX
  8
gto
 10
90.302761
 20
47.547875
  0
VERTEX
  8
gto
 10
90.302761
 20
47.964436
  0
VERTEX
  8
gto
 10
90.414521
 20
47.964436
  0
VERTEX
  8
gto
 10
90.414521
 20
48.086356
  0
VERTEX
  8
gto
 10
90.302761
 20
48.086356
  0
VERTEX
  8
gto
 10
90.301751
 20
48.784348
  0
VERTEX
  8
gto
 10
90.291591
 20
48.805688
  0
VERTEX
  8
gto
 10
90.273301
 20
48.822958
  0
VERTEX
  8
gto
 10
90.263651
 20
48.828548
  0
VERTEX
  8
gto
 10
90.241800
 20
48.833118
  0
SEQEND
  8
gto
  0
POLYLINE
  8
gto
 62
1
 40
0.000000
 41
0.000000
 66
  1
  0
VERTEX
  8
gto
 10
90.655821
 20
48.833118
  0
VERTEX
  8
gto
 10
90.655821
 20
48.340357
  0
VERTEX
  8
gto
 10
91.176522
 20
48.340357
  0
VERTEX
  8
gto
 10
91.384803
 20
48.132076
  0
VERTEX
  8
gto
 10
91.384803
 20
47.926336
  0
VERTEX
  8
gto
 10
91.176522
 20
47.715515
  0
VERTEX
  8
gto
 10
90.660901
 20
47.715515
  0
VERTEX
  8
gto
 10
90.660901
 20
47.593595
  0
VERTEX
  8
gto
 10
91.212592
 20
47.594615
  0
VERTEX
  8
gto
 10
91.224282
 20
47.597655
  0
VERTEX
  8
gto
 10
91.234442
 20
47.603245
  0
VERTEX
  8
gto
 10
91.496563
 20
47.866896
  0
VERTEX
  8
gto
 10
91.505713
 20
47.888236
  0
VERTEX
  8
gto
 10
91.505713
 20
48.170176
  0
VERTEX
  8
gto
 10
91.502153
 20
48.181356
  0
VERTEX
  8
gto
 10
91.496563
 20
48.190496
  0
VERTEX
  8
gto
 10
91.235962
 20
48.450597
  0
VERTEX
  8
gto
 10
91.225292
 20
48.457197
  0
VERTEX
  8
gto
 10
91.201922
 20
48.462277
  0
VERTEX
  8
gto
 10
90.777742
 20
48.462277
  0
VERTEX
  8
gto
 10
90.777742
 20
48.711197
  0
VERTEX
  8
gto
 10
91.506723
 20
48.711197
  0
VERTEX
  8
gto
 10
91.506723
 20
48.833118
  0
SEQEND
  8
gto
  0
POLYLINE
  8
gto
 62
1
 40
0.000000
 41
0.000000
 66
  1
  0
VERTEX
  8
gto
 10
89.286759
 20
48.576577
  0
VERTEX
  8
gto
 10
89.262889
 20
48.572007
  0
VERTEX
  8
gto
 10
89.253239
 20
48.566417
  0
VERTEX
  8
gto
 10
88.504437
 20
47.817116
  0
VERTEX
  8
gto
 10
88.489197
 20
47.797306
  0
VERTEX
  8
gto
 10
88.484117
 20
47.773936
  0
VERTEX
  8
gto
 10
88.489197
 20
47.751586
  0
VERTEX
  8
gto
 10
88.504437
 20
47.730755
  0
VERTEX
  8
gto
 10
88.513587
 20
47.722625
  0
VERTEX
  8
gto
 10
88.533907
 20
47.713995
  0
VERTEX
  8
gto
 10
88.557277
 20
47.713995
  0
VERTEX
  8
gto
 10
88.568447
 20
47.717035
  0
VERTEX
  8
gto
 10
88.579117
 20
47.722625
  0
VERTEX
  8
gto
 10
89.329939
 20
48.472437
  0
VERTEX
  8
gto
 10
89.343149
 20
48.491737
  0
VERTEX
  8
gto
 10
89.346709
 20
48.502917
  0
VERTEX
  8
gto
 10
89.346709
 20
48.528317
  0
VERTEX
  8
gto
 10
89.337559
 20
48.550157
  0
VERTEX
  8
gto
 10
89.320799
 20
48.566417
  0
VERTEX
  8
gto
 10
89.310129
 20
48.572007
  0
SEQEND
  8
gto
  0
POLYLINE
  8
gto
 62
1
 40
0.000000
 41
0.000000
 66
  1
  0
VERTEX
  8
gto
 10
86.848354
 20
46.306323
  0
VERTEX
  8
gto
 10
86.834134
 20
46.305303
  0
VERTEX
  8
gto
 10
86.812794
 20
46.296673
  0
VERTEX
  8
gto
 10
86.317493
 20
45.793242
  0
VERTEX
  8
gto
 10
86.304293
 20
45.772412
  0
VERTEX
  8
gto
 10
86.299713
 20
45.750062
  0
VERTEX
  8
gto
 10
86.299713
 20
45.559561
  0
VERTEX
  8
gto
 10
86.421633
 20
45.559561
  0
VERTEX
  8
gto
 10
86.421633
 20
45.724661
  0
VERTEX
  8
gto
 10
86.873754
 20
46.184402
  0
VERTEX
  8
gto
 10
86.911854
 20
46.184402
  0
VERTEX
  8
gto
 10
86.911854
 20
45.559561
  0
VERTEX
  8
gto
 10
86.299713
 20
45.559561
  0
VERTEX
  8
gto
 10
86.300733
 20
45.486411
  0
VERTEX
  8
gto
 10
86.309873
 20
45.465071
  0
VERTEX
  8
gto
 10
86.317493
 20
45.455421
  0
VERTEX
  8
gto
 10
86.337313
 20
45.442211
  0
VERTEX
  8
gto
 10
86.348483
 20
45.438651
  0
VERTEX
  8
gto
 10
86.911854
 20
45.437641
  0
VERTEX
  8
gto
 10
86.911854
 20
45.021080
  0
VERTEX
  8
gto
 10
87.033774
 20
45.021080
  0
VERTEX
  8
gto
 10
87.033774
 20
45.437641
  0
VERTEX
  8
gto
 10
87.148074
 20
45.437641
  0
VERTEX
  8
gto
 10
87.148074
 20
45.559561
  0
VERTEX
  8
gto
 10
87.033774
 20
45.559561
  0
VERTEX
  8
gto
 10
87.032764
 20
46.257553
  0
VERTEX
  8
gto
 10
87.023614
 20
46.279393
  0
VERTEX
  8
gto
 10
87.006854
 20
46.296673
  0
VERTEX
  8
gto
 10
86.985014
 20
46.305303
  0
SEQEND
  8
gto
  0
POLYLINE
  8
gto
 62
1
 40
0.000000
 41
0.000000
 66
  1
  0
VERTEX
  8
gto
 10
87.694175
 20
46.306323
  0
VERTEX
  8
gto
 10
87.671825
 20
46.301753
  0
VERTEX
  8
gto
 10
87.661155
 20
46.296673
  0
VERTEX
  8
gto
 10
87.650995
 20
46.288543
  0
VERTEX
  8
gto
 10
87.398525
 20
46.030472
  0
VERTEX
  8
gto
 10
87.391915
 20
46.019812
  0
VERTEX
  8
gto
 10
87.386835
 20
45.996442
  0
VERTEX
  8
gto
 10
87.386835
 20
45.932942
  0
VERTEX
  8
gto
 10
87.508755
 20
45.932942
  0
VERTEX
  8
gto
 10
87.508755
 20
45.973582
  0
VERTEX
  8
gto
 10
87.722115
 20
46.184402
  0
VERTEX
  8
gto
 10
88.029456
 20
46.184402
  0
VERTEX
  8
gto
 10
88.118356
 20
46.098042
  0
VERTEX
  8
gto
 10
88.118356
 20
45.892302
  0
VERTEX
  8
gto
 10
87.398525
 20
45.159250
  0
VERTEX
  8
gto
 10
87.391915
 20
45.148590
  0
VERTEX
  8
gto
 10
87.386835
 20
45.125220
  0
VERTEX
  8
gto
 10
87.391915
 20
45.102870
  0
VERTEX
  8
gto
 10
87.407155
 20
45.082040
  0
VERTEX
  8
gto
 10
87.426465
 20
45.068830
  0
VERTEX
  8
gto
 10
87.436625
 20
45.065270
  0
VERTEX
  8
gto
 10
88.240276
 20
45.064260
  0
VERTEX
  8
gto
 10
88.240276
 20
45.186180
  0
VERTEX
  8
gto
 10
87.597655
 20
45.186180
  0
VERTEX
  8
gto
 10
88.229106
 20
45.834392
  0
VERTEX
  8
gto
 10
88.239266
 20
45.855722
  0
VERTEX
  8
gto
 10
88.239266
 20
46.133092
  0
VERTEX
  8
gto
 10
88.229106
 20
46.154932
  0
VERTEX
  8
gto
 10
88.098036
 20
46.288543
  0
VERTEX
  8
gto
 10
88.087876
 20
46.296673
  0
VERTEX
  8
gto
 10
88.066036
 20
46.305303
  0
SEQEND
  8
gto
  0
POLYLINE
  8
gto
 62
1
 40
0.000000
 41
0.000000
 66
  1
  0
VERTEX
  8
gto
 10
90.114800
 20
46.306323
  0
VERTEX
  8
gto
 10
90.101600
 20
46.305303
  0
VERTEX
  8
gto
 10
90.080260
 20
46.296673
  0
VERTEX
  8
gto
 10
89.583939
 20
45.793242
  0
VERTEX
  8
gto
 10
89.570739
 20
45.772412
  0
VERTEX
  8
gto
 10
89.566159
 20
45.750062
  0
VERTEX
  8
gto
 10
89.566159
 20
45.559561
  0
VERTEX
  8
gto
 10
89.688079
 20
45.559561
  0
VERTEX
  8
gto
 10
89.688079
 20
45.724661
  0
VERTEX
  8
gto
 10
90.140200
 20
46.184402
  0
VERTEX
  8
gto
 10
90.180840
 20
46.184402
  0
VERTEX
  8
gto
 10
90.180840
 20
45.559561
  0
VERTEX
  8
gto
 10
89.566159
 20
45.559561
  0
VERTEX
  8
gto
 10
89.567179
 20
45.486411
  0
VERTEX
  8
gto
 10
89.576319
 20
45.465071
  0
VERTEX
  8
gto
 10
89.583939
 20
45.455421
  0
VERTEX
  8
gto
 10
89.603759
 20
45.442211
  0
VERTEX
  8
gto
 10
89.614929
 20
45.438651
  0
VERTEX
  8
gto
 10
90.180840
 20
45.437641
  0
VERTEX
  8
gto
 10
90.180840
 20
45.021080
  0
VERTEX
  8
gto
 10
90.302761
 20
45.021080
  0
VERTEX
  8
gto
 10
90.302761
 20
45.437641
  0
VERTEX
  8
gto
 10
90.414521
 20
45.437641
  0
VERTEX
  8
gto
 10
90.414521
 20
45.559561
  0
VERTEX
  8
gto
 10
90.302761
 20
45.559561
  0
VERTEX
  8
gto
 10
90.301751
 20
46.257553
  0
VERTEX
  8
gto
 10
90.291591
 20
46.279393
  0
VERTEX
  8
gto
 10
90.273301
 20
46.296673
  0
VERTEX
  8
gto
 10
90.252981
 20
46.305303
  0
SEQEND
  8
gto
  0
POLYLINE
  8
gto
 62
1
 40
0.000000
 41
0.000000
 66
  1
  0
VERTEX
  8
gto
 10
90.780282
 20
46.306323
  0
VERTEX
  8
gto
 10
90.780282
 20
46.184402
  0
VERTEX
  8
gto
 10
91.384803
 20
46.184402
  0
VERTEX
  8
gto
 10
91.384803
 20
46.141222
  0
VERTEX
  8
gto
 10
91.025652
 20
45.783082
  0
VERTEX
  8
gto
 10
91.019042
 20
45.772412
  0
VERTEX
  8
gto
 10
91.013962
 20
45.750062
  0
VERTEX
  8
gto
 10
91.019042
 20
45.726691
  0
VERTEX
  8
gto
 10
91.034282
 20
45.706881
  0
VERTEX
  8
gto
 10
91.053592
 20
45.693671
  0
VERTEX
  8
gto
 10
91.063752
 20
45.690111
  0
VERTEX
  8
gto
 10
91.171442
 20
45.689101
  0
VERTEX
  8
gto
 10
91.382263
 20
45.475741
  0
VERTEX
  8
gto
 10
91.382263
 20
45.389381
  0
VERTEX
  8
gto
 10
91.181602
 20
45.188720
  0
VERTEX
  8
gto
 10
90.856482
 20
45.188720
  0
VERTEX
  8
gto
 10
90.739641
 20
45.305561
  0
VERTEX
  8
gto
 10
90.655821
 20
45.219200
  0
VERTEX
  8
gto
 10
90.799592
 20
45.076960
  0
VERTEX
  8
gto
 10
90.819912
 20
45.067810
  0
VERTEX
  8
gto
 10
91.218182
 20
45.067810
  0
VERTEX
  8
gto
 10
91.238502
 20
45.076960
  0
VERTEX
  8
gto
 10
91.486403
 20
45.323341
  0
VERTEX
  8
gto
 10
91.499613
 20
45.343151
  0
VERTEX
  8
gto
 10
91.503173
 20
45.354331
  0
VERTEX
  8
gto
 10
91.503173
 20
45.513331
  0
VERTEX
  8
gto
 10
91.494023
 20
45.535171
  0
VERTEX
  8
gto
 10
91.237482
 20
45.793242
  0
VERTEX
  8
gto
 10
91.227322
 20
45.800862
  0
VERTEX
  8
gto
 10
91.217162
 20
45.803402
  0
VERTEX
  8
gto
 10
91.488943
 20
46.075182
  0
VERTEX
  8
gto
 10
91.502153
 20
46.094992
  0
VERTEX
  8
gto
 10
91.505713
 20
46.106172
  0
VERTEX
  8
gto
 10
91.506723
 20
46.306323
  0
SEQEND
  8
gto
  0
POLYLINE
  8
gto
 62
1
 40
0.000000
 41
0.000000
 66
  1
  0
VERTEX
  8
gto
 10
89.286759
 20
46.049782
  0
VERTEX
  8
gto
 10
89.273559
 20
46.048762
  0
VERTEX
  8
gto
 10
89.253239
 20
46.040132
  0
VERTEX
  8
gto
 10
88.504437
 20
45.290321
  0
VERTEX
  8
gto
 10
88.489197
 20
45.270511
  0
VERTEX
  8
gto
 10
88.484117
 20
45.247140
  0
VERTEX
  8
gto
 10
88.489197
 20
45.224790
  0
VERTEX
  8
gto
 10
88.504437
 20
45.203960
  0
VERTEX
  8
gto
 10
88.523747
 20
45.190750
  0
VERTEX
  8
gto
 10
88.533907
 20
45.187190
  0
VERTEX
  8
gto
 10
88.557277
 20
45.187190
  0
VERTEX
  8
gto
 10
88.579117
 20
45.196340
  0
VERTEX
  8
gto
 10
89.329939
 20
45.945642
  0
VERTEX
  8
gto
 10
89.343149
 20
45.965452
  0
VERTEX
  8
gto
 10
89.346709
 20
45.976632
  0
VERTEX
  8
gto
 10
89.346709
 20
46.002032
  0
VERTEX
  8
gto
 10
89.337559
 20
46.023872
  0
VERTEX
  8
gto
 10
89.320799
 20
46.040132
  0
VERTEX
  8
gto
 10
89.298959
 20
46.048762
  0
SEQEND
  8
gto
  0
POLYLINE
  8
gto
 62
1
 40
0.000000
 41
0.000000
 66
  1
  0
VERTEX
  8
gto
 10
87.209034
 20
43.780028
  0
VERTEX
  8
gto
 10
87.194814
 20
43.779018
  0
VERTEX
  8
gto
 10
87.183134
 20
43.775458
  0
VERTEX
  8
gto
 10
87.173474
 20
43.769868
  0
VERTEX
  8
gto
 10
86.678173
 20
43.266947
  0
VERTEX
  8
gto
 10
86.664973
 20
43.246126
  0
VERTEX
  8
gto
 10
86.660393
 20
43.223766
  0
VERTEX
  8
gto
 10
86.660393
 20
43.033266
  0
VERTEX
  8
gto
 10
86.782314
 20
43.033266
  0
VERTEX
  8
gto
 10
86.782314
 20
43.198366
  0
VERTEX
  8
gto
 10
87.234434
 20
43.658107
  0
VERTEX
  8
gto
 10
87.272535
 20
43.658107
  0
VERTEX
  8
gto
 10
87.272535
 20
43.033266
  0
VERTEX
  8
gto
 10
86.660393
 20
43.033266
  0
VERTEX
  8
gto
 10
86.661413
 20
42.960116
  0
VERTEX
  8
gto
 10
86.670553
 20
42.938276
  0
VERTEX
  8
gto
 10
86.687323
 20
42.921506
  0
VERTEX
  8
gto
 10
86.709163
 20
42.912366
  0
VERTEX
  8
gto
 10
87.272535
 20
42.911346
  0
VERTEX
  8
gto
 10
87.272535
 20
42.494785
  0
VERTEX
  8
gto
 10
87.394455
 20
42.494785
  0
VERTEX
  8
gto
 10
87.394455
 20
42.911346
  0
VERTEX
  8
gto
 10
87.508755
 20
42.911346
  0
VERTEX
  8
gto
 10
87.508755
 20
43.033266
  0
VERTEX
  8
gto
 10
87.394455
 20
43.033266
  0
VERTEX
  8
gto
 10
87.393445
 20
43.731267
  0
VERTEX
  8
gto
 10
87.384295
 20
43.752598
  0
VERTEX
  8
gto
 10
87.367535
 20
43.769868
  0
VERTEX
  8
gto
 10
87.345695
 20
43.779018
  0
SEQEND
  8
gto
  0
POLYLINE
  8
gto
 62
1
 40
0.000000
 41
0.000000
 66
  1
  0
VERTEX
  8
gto
 10
88.062476
 20
43.780028
  0
VERTEX
  8
gto
 10
88.049276
 20
43.779018
  0
VERTEX
  8
gto
 10
88.037586
 20
43.775458
  0
VERTEX
  8
gto
 10
88.019296
 20
43.762248
  0
VERTEX
  8
gto
 10
87.759206
 20
43.503677
  0
VERTEX
  8
gto
 10
87.752596
 20
43.494027
  0
VERTEX
  8
gto
 10
87.747515
 20
43.470147
  0
VERTEX
  8
gto
 10
87.747515
 20
42.870706
  0
VERTEX
  8
gto
 10
87.869436
 20
42.870706
  0
VERTEX
  8
gto
 10
87.869436
 20
43.444747
  0
VERTEX
  8
gto
 10
88.085336
 20
43.658107
  0
VERTEX
  8
gto
 10
88.263137
 20
43.658107
  0
VERTEX
  8
gto
 10
88.479037
 20
43.444747
  0
VERTEX
  8
gto
 10
88.479037
 20
42.868166
  0
VERTEX
  8
gto
 10
88.268217
 20
42.659885
  0
VERTEX
  8
gto
 10
88.082796
 20
42.659885
  0
VERTEX
  8
gto
 10
87.869436
 20
42.870706
  0
VERTEX
  8
gto
 10
87.747515
 20
42.870706
  0
VERTEX
  8
gto
 10
87.749045
 20
42.835656
  0
VERTEX
  8
gto
 10
87.752596
 20
42.824486
  0
VERTEX
  8
gto
 10
87.767836
 20
42.804666
  0
VERTEX
  8
gto
 10
88.022856
 20
42.548125
  0
VERTEX
  8
gto
 10
88.032506
 20
42.542545
  0
VERTEX
  8
gto
 10
88.044196
 20
42.538985
  0
VERTEX
  8
gto
 10
88.307337
 20
42.538985
  0
VERTEX
  8
gto
 10
88.327657
 20
42.548125
  0
VERTEX
  8
gto
 10
88.589787
 20
42.807716
  0
VERTEX
  8
gto
 10
88.599947
 20
42.829566
  0
VERTEX
  8
gto
 10
88.599947
 20
43.482347
  0
VERTEX
  8
gto
 10
88.589787
 20
43.502667
  0
VERTEX
  8
gto
 10
88.331717
 20
43.762248
  0
VERTEX
  8
gto
 10
88.311907
 20
43.775458
  0
VERTEX
  8
gto
 10
88.300737
 20
43.779018
  0
SEQEND
  8
gto
  0
POLYLINE
  8
gto
 62
1
 40
0.000000
 41
0.000000
 66
  1
  0
VERTEX
  8
gto
 10
90.475481
 20
43.780028
  0
VERTEX
  8
gto
 10
90.462281
 20
43.779018
  0
VERTEX
  8
gto
 10
90.450591
 20
43.775458
  0
VERTEX
  8
gto
 10
90.432301
 20
43.762248
  0
VERTEX
  8
gto
 10
89.944620
 20
43.266947
  0
VERTEX
  8
gto
 10
89.931420
 20
43.246126
  0
VERTEX
  8
gto
 10
89.926840
 20
43.223766
  0
VERTEX
  8
gto
 10
89.926840
 20
43.033266
  0
VERTEX
  8
gto
 10
90.048760
 20
43.033266
  0
VERTEX
  8
gto
 10
90.048760
 20
43.198366
  0
VERTEX
  8
gto
 10
90.500881
 20
43.658107
  0
VERTEX
  8
gto
 10
90.541521
 20
43.658107
  0
VERTEX
  8
gto
 10
90.541521
 20
43.033266
  0
VERTEX
  8
gto
 10
89.926840
 20
43.033266
  0
VERTEX
  8
gto
 10
89.927860
 20
42.960116
  0
VERTEX
  8
gto
 10
89.937000
 20
42.938276
  0
VERTEX
  8
gto
 10
89.953770
 20
42.921506
  0
VERTEX
  8
gto
 10
89.975610
 20
42.912366
  0
VERTEX
  8
gto
 10
90.541521
 20
42.911346
  0
VERTEX
  8
gto
 10
90.541521
 20
42.494785
  0
VERTEX
  8
gto
 10
90.663441
 20
42.494785
  0
VERTEX
  8
gto
 10
90.663441
 20
42.911346
  0
VERTEX
  8
gto
 10
90.775202
 20
42.911346
  0
VERTEX
  8
gto
 10
90.775202
 20
43.033266
  0
VERTEX
  8
gto
 10
90.663441
 20
43.033266
  0
VERTEX
  8
gto
 10
90.662431
 20
43.731267
  0
VERTEX
  8
gto
 10
90.652271
 20
43.752598
  0
VERTEX
  8
gto
 10
90.633981
 20
43.769868
  0
VERTEX
  8
gto
 10
90.613661
 20
43.779018
  0
SEQEND
  8
gto
  0
POLYLINE
  8
gto
 62
1
 40
0.000000
 41
0.000000
 66
  1
  0
VERTEX
  8
gto
 10
91.445763
 20
43.774948
  0
VERTEX
  8
gto
 10
91.425443
 20
43.769868
  0
VERTEX
  8
gto
 10
91.405123
 20
43.754628
  0
VERTEX
  8
gto
 10
91.123182
 20
43.462527
  0
VERTEX
  8
gto
 10
91.209542
 20
43.383787
  0
VERTEX
  8
gto
 10
91.389883
 20
43.571747
  0
VERTEX
  8
gto
 10
91.389883
 20
42.537965
  0
VERTEX
  8
gto
 10
91.506723
 20
42.537965
  0
VERTEX
  8
gto
 10
91.506723
 20
43.713987
  0
VERTEX
  8
gto
 10
91.504183
 20
43.731767
  0
VERTEX
  8
gto
 10
91.497073
 20
43.746507
  0
VERTEX
  8
gto
 10
91.485393
 20
43.758188
  0
SEQEND
  8
gto
  0
POLYLINE
  8
gto
 62
1
 40
0.000000
 41
0.000000
 66
  1
  0
VERTEX
  8
gto
 10
89.647439
 20
43.523487
  0
VERTEX
  8
gto
 10
89.634239
 20
43.522477
  0
VERTEX
  8
gto
 10
89.613919
 20
43.513327
  0
VERTEX
  8
gto
 10
88.865118
 20
42.764026
  0
VERTEX
  8
gto
 10
88.849878
 20
42.744215
  0
VERTEX
  8
gto
 10
88.844798
 20
42.720845
  0
VERTEX
  8
gto
 10
88.849878
 20
42.698495
  0
VERTEX
  8
gto
 10
88.865118
 20
42.677665
  0
VERTEX
  8
gto
 10
88.884428
 20
42.664465
  0
VERTEX
  8
gto
 10
88.894588
 20
42.660905
  0
VERTEX
  8
gto
 10
88.917958
 20
42.660905
  0
VERTEX
  8
gto
 10
88.939798
 20
42.670045
  0
VERTEX
  8
gto
 10
89.690619
 20
43.419347
  0
VERTEX
  8
gto
 10
89.703829
 20
43.439167
  0
VERTEX
  8
gto
 10
89.707389
 20
43.450337
  0
VERTEX
  8
gto
 10
89.707389
 20
43.475737
  0
VERTEX
  8
gto
 10
89.703829
 20
43.487427
  0
VERTEX
  8
gto
 10
89.690619
 20
43.505707
  0
VERTEX
  8
gto
 10
89.670809
 20
43.518917
  0
VERTEX
  8
gto
 10
89.659639
 20
43.522477
  0
SEQEND
  8
gto
  0
POLYLINE
  8
gto
 62
1
 40
0.000000
 41
0.000000
 66
  1
  0
VERTEX
  8
gto
 10
88.171696
 20
43.340607
  0
VERTEX
  8
gto
 10
88.158496
 20
43.339597
  0
VERTEX
  8
gto
 10
88.146806
 20
43.336037
  0
VERTEX
  8
gto
 10
88.128516
 20
43.322827
  0
VERTEX
  8
gto
 10
88.115316
 20
43.303017
  0
VERTEX
  8
gto
 10
88.111756
 20
43.291847
  0
VERTEX
  8
gto
 10
88.111756
 20
43.018536
  0
VERTEX
  8
gto
 10
88.120896
 20
42.996696
  0
VERTEX
  8
gto
 10
88.137156
 20
42.979926
  0
VERTEX
  8
gto
 10
88.146806
 20
42.974346
  0
VERTEX
  8
gto
 10
88.158496
 20
42.970786
  0
VERTEX
  8
gto
 10
88.182876
 20
42.970786
  0
VERTEX
  8
gto
 10
88.204716
 20
42.979926
  0
VERTEX
  8
gto
 10
88.214876
 20
42.987546
  0
VERTEX
  8
gto
 10
88.228086
 20
43.007366
  0
VERTEX
  8
gto
 10
88.231646
 20
43.018536
  0
VERTEX
  8
gto
 10
88.231646
 20
43.291847
  0
VERTEX
  8
gto
 10
88.222496
 20
43.313177
  0
VERTEX
  8
gto
 10
88.214876
 20
43.322827
  0
VERTEX
  8
gto
 10
88.194056
 20
43.336037
  0
SEQEND
  8
gto
  0
POLYLINE
  8
gto
 62
1
 40
0.000000
 41
0.000000
 66
  1
  0
VERTEX
  8
gto
 10
86.424173
 20
41.253743
  0
VERTEX
  8
gto
 10
86.424173
 20
41.131822
  0
VERTEX
  8
gto
 10
87.028694
 20
41.131822
  0
VERTEX
  8
gto
 10
87.028694
 20
41.088642
  0
VERTEX
  8
gto
 10
86.675633
 20
40.740661
  0
VERTEX
  8
gto
 10
86.662433
 20
40.719321
  0
VERTEX
  8
gto
 10
86.658873
 20
40.708661
  0
VERTEX
  8
gto
 10
86.658873
 20
40.684781
  0
VERTEX
  8
gto
 10
86.668013
 20
40.663441
  0
VERTEX
  8
gto
 10
86.685793
 20
40.646171
  0
VERTEX
  8
gto
 10
86.696463
 20
40.640581
  0
VERTEX
  8
gto
 10
86.718813
 20
40.636521
  0
VERTEX
  8
gto
 10
86.815334
 20
40.636521
  0
VERTEX
  8
gto
 10
87.026154
 20
40.423161
  0
VERTEX
  8
gto
 10
87.026154
 20
40.336801
  0
VERTEX
  8
gto
 10
86.825494
 20
40.136140
  0
VERTEX
  8
gto
 10
86.500373
 20
40.136140
  0
VERTEX
  8
gto
 10
86.383533
 20
40.252981
  0
VERTEX
  8
gto
 10
86.299713
 20
40.166620
  0
VERTEX
  8
gto
 10
86.431793
 20
40.032000
  0
VERTEX
  8
gto
 10
86.452623
 20
40.018280
  0
VERTEX
  8
gto
 10
86.474973
 20
40.014220
  0
VERTEX
  8
gto
 10
86.860554
 20
40.015230
  0
VERTEX
  8
gto
 10
86.871724
 20
40.018280
  0
VERTEX
  8
gto
 10
86.882394
 20
40.023870
  0
VERTEX
  8
gto
 10
87.130294
 20
40.270761
  0
VERTEX
  8
gto
 10
87.143504
 20
40.290061
  0
VERTEX
  8
gto
 10
87.147064
 20
40.301241
  0
VERTEX
  8
gto
 10
87.147064
 20
40.460751
  0
VERTEX
  8
gto
 10
87.137914
 20
40.482091
  0
VERTEX
  8
gto
 10
87.130294
 20
40.491741
  0
VERTEX
  8
gto
 10
86.876294
 20
40.744721
  0
VERTEX
  8
gto
 10
86.861054
 20
40.750822
  0
VERTEX
  8
gto
 10
87.140454
 20
41.031742
  0
VERTEX
  8
gto
 10
87.149604
 20
41.053082
  0
VERTEX
  8
gto
 10
87.150614
 20
41.253743
  0
SEQEND
  8
gto
  0
POLYLINE
  8
gto
 62
1
 40
0.000000
 41
0.000000
 66
  1
  0
VERTEX
  8
gto
 10
89.693159
 20
41.253743
  0
VERTEX
  8
gto
 10
89.693159
 20
41.131822
  0
VERTEX
  8
gto
 10
90.295141
 20
41.131822
  0
VERTEX
  8
gto
 10
90.295141
 20
41.088642
  0
VERTEX
  8
gto
 10
89.944620
 20
40.740661
  0
VERTEX
  8
gto
 10
89.931420
 20
40.719321
  0
VERTEX
  8
gto
 10
89.927860
 20
40.708661
  0
VERTEX
  8
gto
 10
89.927860
 20
40.684781
  0
VERTEX
  8
gto
 10
89.937000
 20
40.663441
  0
VERTEX
  8
gto
 10
89.954280
 20
40.646171
  0
VERTEX
  8
gto
 10
89.964440
 20
40.640581
  0
VERTEX
  8
gto
 10
89.987800
 20
40.636521
  0
VERTEX
  8
gto
 10
90.081780
 20
40.636521
  0
VERTEX
  8
gto
 10
90.292601
 20
40.423161
  0
VERTEX
  8
gto
 10
90.292601
 20
40.336801
  0
VERTEX
  8
gto
 10
90.091940
 20
40.136140
  0
VERTEX
  8
gto
 10
89.766820
 20
40.136140
  0
VERTEX
  8
gto
 10
89.652519
 20
40.252981
  0
VERTEX
  8
gto
 10
89.566159
 20
40.166620
  0
VERTEX
  8
gto
 10
89.710439
 20
40.023870
  0
VERTEX
  8
gto
 10
89.720599
 20
40.018280
  0
VERTEX
  8
gto
 10
89.743959
 20
40.014220
  0
VERTEX
  8
gto
 10
90.128520
 20
40.015230
  0
VERTEX
  8
gto
 10
90.139700
 20
40.018280
  0
VERTEX
  8
gto
 10
90.160520
 20
40.032000
  0
VERTEX
  8
gto
 10
90.404361
 20
40.279901
  0
VERTEX
  8
gto
 10
90.413511
 20
40.301241
  0
VERTEX
  8
gto
 10
90.413511
 20
40.460751
  0
VERTEX
  8
gto
 10
90.404361
 20
40.482091
  0
VERTEX
  8
gto
 10
90.396741
 20
40.491741
  0
VERTEX
  8
gto
 10
90.145280
 20
40.744721
  0
VERTEX
  8
gto
 10
90.130040
 20
40.750822
  0
VERTEX
  8
gto
 10
90.406901
 20
41.031742
  0
VERTEX
  8
gto
 10
90.416051
 20
41.053082
  0
VERTEX
  8
gto
 10
90.417061
 20
41.253743
  0
SEQEND
  8
gto
  0
POLYLINE
  8
gto
 62
1
 40
0.000000
 41
0.000000
 66
  1
  0
VERTEX
  8
gto
 10
90.963162
 20
41.253743
  0
VERTEX
  8
gto
 10
90.939292
 20
41.249172
  0
VERTEX
  8
gto
 10
90.929642
 20
41.243582
  0
VERTEX
  8
gto
 10
90.665981
 20
40.979422
  0
VERTEX
  8
gto
 10
90.660401
 20
40.969772
  0
VERTEX
  8
gto
 10
90.656841
 20
40.957582
  0
VERTEX
  8
gto
 10
90.655821
 20
40.710181
  0
VERTEX
  8
gto
 10
90.777742
 20
40.710181
  0
VERTEX
  8
gto
 10
90.777742
 20
40.921002
  0
VERTEX
  8
gto
 10
90.988562
 20
41.131822
  0
VERTEX
  8
gto
 10
91.295903
 20
41.131822
  0
VERTEX
  8
gto
 10
91.384803
 20
41.042922
  0
VERTEX
  8
gto
 10
91.384803
 20
40.964182
  0
VERTEX
  8
gto
 10
91.054602
 20
40.631441
  0
VERTEX
  8
gto
 10
90.856482
 20
40.631441
  0
VERTEX
  8
gto
 10
90.777742
 20
40.710181
  0
VERTEX
  8
gto
 10
90.655821
 20
40.710181
  0
VERTEX
  8
gto
 10
90.656841
 20
40.674111
  0
VERTEX
  8
gto
 10
90.665981
 20
40.652271
  0
VERTEX
  8
gto
 10
90.799592
 20
40.519171
  0
VERTEX
  8
gto
 10
90.819912
 20
40.510541
  0
VERTEX
  8
gto
 10
91.077462
 20
40.509521
  0
VERTEX
  8
gto
 10
91.102362
 20
40.513581
  0
VERTEX
  8
gto
 10
91.112522
 20
40.519171
  0
VERTEX
  8
gto
 10
91.384803
 20
40.791462
  0
VERTEX
  8
gto
 10
91.384803
 20
40.222500
  0
VERTEX
  8
gto
 10
91.260343
 20
40.098040
  0
VERTEX
  8
gto
 10
91.346703
 20
40.011680
  0
VERTEX
  8
gto
 10
91.496563
 20
40.163060
  0
VERTEX
  8
gto
 10
91.505713
 20
40.184400
  0
VERTEX
  8
gto
 10
91.505713
 20
41.077972
  0
VERTEX
  8
gto
 10
91.496563
 20
41.099312
  0
VERTEX
  8
gto
 10
91.356363
 20
41.243582
  0
VERTEX
  8
gto
 10
91.346203
 20
41.249172
  0
VERTEX
  8
gto
 10
91.321303
 20
41.253743
  0
SEQEND
  8
gto
  0
POLYLINE
  8
gto
 62
1
 40
0.000000
 41
0.000000
 66
  1
  0
VERTEX
  8
gto
 10
87.671315
 20
41.251203
  0
VERTEX
  8
gto
 10
87.659125
 20
41.244592
  0
VERTEX
  8
gto
 10
87.643375
 20
41.230882
  0
VERTEX
  8
gto
 10
87.526535
 20
41.094232
  0
VERTEX
  8
gto
 10
87.508755
 20
41.060702
  0
VERTEX
  8
gto
 10
87.508755
 20
40.842262
  0
VERTEX
  8
gto
 10
87.630675
 20
40.842262
  0
VERTEX
  8
gto
 10
87.630675
 20
41.037842
  0
VERTEX
  8
gto
 10
87.714495
 20
41.136902
  0
VERTEX
  8
gto
 10
87.912616
 20
41.136902
  0
VERTEX
  8
gto
 10
87.996436
 20
41.050542
  0
VERTEX
  8
gto
 10
87.996436
 20
40.842262
  0
VERTEX
  8
gto
 10
87.915156
 20
40.763522
  0
VERTEX
  8
gto
 10
87.717035
 20
40.763522
  0
VERTEX
  8
gto
 10
87.630675
 20
40.842262
  0
VERTEX
  8
gto
 10
87.508755
 20
40.842262
  0
VERTEX
  8
gto
 10
87.510285
 20
40.806702
  0
VERTEX
  8
gto
 10
87.513835
 20
40.795022
  0
VERTEX
  8
gto
 10
87.529075
 20
40.773682
  0
VERTEX
  8
gto
 10
87.607815
 20
40.705101
  0
VERTEX
  8
gto
 10
87.398525
 20
40.481581
  0
VERTEX
  8
gto
 10
87.391915
 20
40.471931
  0
VERTEX
  8
gto
 10
87.386835
 20
40.453641
  0
VERTEX
  8
gto
 10
87.386835
 20
40.334261
  0
VERTEX
  8
gto
 10
87.508755
 20
40.334261
  0
VERTEX
  8
gto
 10
87.508755
 20
40.428241
  0
VERTEX
  8
gto
 10
87.719575
 20
40.649221
  0
VERTEX
  8
gto
 10
87.912616
 20
40.649221
  0
VERTEX
  8
gto
 10
88.120896
 20
40.428241
  0
VERTEX
  8
gto
 10
88.120896
 20
40.334261
  0
VERTEX
  8
gto
 10
87.912616
 20
40.123440
  0
VERTEX
  8
gto
 10
87.711955
 20
40.123440
  0
VERTEX
  8
gto
 10
87.508755
 20
40.334261
  0
VERTEX
  8
gto
 10
87.386835
 20
40.334261
  0
VERTEX
  8
gto
 10
87.388365
 20
40.297681
  0
VERTEX
  8
gto
 10
87.391915
 20
40.287021
  0
VERTEX
  8
gto
 10
87.407155
 20
40.268221
  0
VERTEX
  8
gto
 10
87.643375
 20
40.026920
  0
VERTEX
  8
gto
 10
87.656075
 20
40.019300
  0
VERTEX
  8
gto
 10
87.678935
 20
40.011680
  0
VERTEX
  8
gto
 10
87.965956
 20
40.011680
  0
VERTEX
  8
gto
 10
87.972566
 20
40.021330
  0
VERTEX
  8
gto
 10
88.219956
 20
40.268221
  0
VERTEX
  8
gto
 10
88.237236
 20
40.296161
  0
VERTEX
  8
gto
 10
88.240276
 20
40.306321
  0
VERTEX
  8
gto
 10
88.239266
 20
40.462781
  0
VERTEX
  8
gto
 10
88.236726
 20
40.473961
  0
VERTEX
  8
gto
 10
88.225036
 20
40.491741
  0
VERTEX
  8
gto
 10
88.021836
 20
40.710181
  0
VERTEX
  8
gto
 10
88.104646
 20
40.788922
  0
VERTEX
  8
gto
 10
88.114806
 20
40.809242
  0
VERTEX
  8
gto
 10
88.115816
 20
41.073402
  0
VERTEX
  8
gto
 10
88.111246
 20
41.094732
  0
VERTEX
  8
gto
 10
88.098036
 20
41.114042
  0
VERTEX
  8
gto
 10
87.970536
 20
41.242562
  0
VERTEX
  8
gto
 10
87.948686
 20
41.250183
  0
SEQEND
  8
gto
  0
POLYLINE
  8
gto
 62
1
 40
0.000000
 41
0.000000
 66
  1
  0
VERTEX
  8
gto
 10
89.286759
 20
40.997202
  0
VERTEX
  8
gto
 10
89.262889
 20
40.992632
  0
VERTEX
  8
gto
 10
89.253239
 20
40.987042
  0
VERTEX
  8
gto
 10
88.504437
 20
40.237740
  0
VERTEX
  8
gto
 10
88.489197
 20
40.217930
  0
VERTEX
  8
gto
 10
88.484117
 20
40.194560
  0
VERTEX
  8
gto
 10
88.489197
 20
40.172210
  0
VERTEX
  8
gto
 10
88.504437
 20
40.151380
  0
VERTEX
  8
gto
 10
88.513587
 20
40.143250
  0
VERTEX
  8
gto
 10
88.533907
 20
40.134620
  0
VERTEX
  8
gto
 10
88.557277
 20
40.134620
  0
VERTEX
  8
gto
 10
88.568447
 20
40.137660
  0
VERTEX
  8
gto
 10
88.579117
 20
40.143250
  0
VERTEX
  8
gto
 10
89.329939
 20
40.893062
  0
VERTEX
  8
gto
 10
89.343149
 20
40.912362
  0
VERTEX
  8
gto
 10
89.346709
 20
40.923542
  0
VERTEX
  8
gto
 10
89.346709
 20
40.948942
  0
VERTEX
  8
gto
 10
89.337559
 20
40.970782
  0
VERTEX
  8
gto
 10
89.320799
 20
40.987042
  0
VERTEX
  8
gto
 10
89.310129
 20
40.992632
  0
SEQEND
  8
gto
  0
POLYLINE
  8
gto
 62
1
 40
0.000000
 41
0.000000
 66
  1
  0
VERTEX
  8
gto
 10
86.368293
 20
38.546607
  0
VERTEX
  8
gto
 10
86.368293
 20
38.424687
  0
VERTEX
  8
gto
 10
86.972814
 20
38.424687
  0
VERTEX
  8
gto
 10
86.972814
 20
38.381507
  0
VERTEX
  8
gto
 10
86.619753
 20
38.033526
  0
VERTEX
  8
gto
 10
86.606553
 20
38.012696
  0
VERTEX
  8
gto
 10
86.601973
 20
37.990346
  0
VERTEX
  8
gto
 10
86.602993
 20
37.978156
  0
VERTEX
  8
gto
 10
86.612133
 20
37.956816
  0
VERTEX
  8
gto
 10
86.619753
 20
37.947166
  0
VERTEX
  8
gto
 10
86.640583
 20
37.933956
  0
VERTEX
  8
gto
 10
86.662933
 20
37.929386
  0
VERTEX
  8
gto
 10
86.759454
 20
37.929386
  0
VERTEX
  8
gto
 10
86.970274
 20
37.716025
  0
VERTEX
  8
gto
 10
86.970274
 20
37.629665
  0
VERTEX
  8
gto
 10
86.769614
 20
37.429005
  0
VERTEX
  8
gto
 10
86.444493
 20
37.429005
  0
VERTEX
  8
gto
 10
86.327653
 20
37.545845
  0
VERTEX
  8
gto
 10
86.243832
 20
37.459485
  0
VERTEX
  8
gto
 10
86.375913
 20
37.324865
  0
VERTEX
  8
gto
 10
86.396743
 20
37.311655
  0
VERTEX
  8
gto
 10
86.419093
 20
37.307085
  0
VERTEX
  8
gto
 10
86.804674
 20
37.308095
  0
VERTEX
  8
gto
 10
86.826514
 20
37.317245
  0
VERTEX
  8
gto
 10
87.074414
 20
37.563625
  0
VERTEX
  8
gto
 10
87.087624
 20
37.583435
  0
VERTEX
  8
gto
 10
87.091184
 20
37.594615
  0
VERTEX
  8
gto
 10
87.091184
 20
37.753616
  0
VERTEX
  8
gto
 10
87.082034
 20
37.775456
  0
VERTEX
  8
gto
 10
86.825494
 20
38.033526
  0
VERTEX
  8
gto
 10
86.815334
 20
38.041146
  0
VERTEX
  8
gto
 10
86.805174
 20
38.043686
  0
VERTEX
  8
gto
 10
87.076954
 20
38.315467
  0
VERTEX
  8
gto
 10
87.090164
 20
38.335277
  0
VERTEX
  8
gto
 10
87.093724
 20
38.346447
  0
VERTEX
  8
gto
 10
87.094734
 20
38.546607
  0
SEQEND
  8
gto
  0
POLYLINE
  8
gto
 62
1
 40
0.000000
 41
0.000000
 66
  1
  0
VERTEX
  8
gto
 10
89.637279
 20
38.546607
  0
VERTEX
  8
gto
 10
89.637279
 20
38.424687
  0
VERTEX
  8
gto
 10
90.239260
 20
38.424687
  0
VERTEX
  8
gto
 10
90.239260
 20
38.381507
  0
VERTEX
  8
gto
 10
89.888740
 20
38.033526
  0
VERTEX
  8
gto
 10
89.875540
 20
38.012696
  0
VERTEX
  8
gto
 10
89.870960
 20
37.990346
  0
VERTEX
  8
gto
 10
89.871980
 20
37.978156
  0
VERTEX
  8
gto
 10
89.881120
 20
37.956816
  0
VERTEX
  8
gto
 10
89.897890
 20
37.939546
  0
VERTEX
  8
gto
 10
89.919730
 20
37.930396
  0
VERTEX
  8
gto
 10
90.025900
 20
37.929386
  0
VERTEX
  8
gto
 10
90.236720
 20
37.716025
  0
VERTEX
  8
gto
 10
90.236720
 20
37.629665
  0
VERTEX
  8
gto
 10
90.036060
 20
37.429005
  0
VERTEX
  8
gto
 10
89.710939
 20
37.429005
  0
VERTEX
  8
gto
 10
89.596639
 20
37.545845
  0
VERTEX
  8
gto
 10
89.510279
 20
37.459485
  0
VERTEX
  8
gto
 10
89.654049
 20
37.317245
  0
VERTEX
  8
gto
 10
89.675889
 20
37.308095
  0
VERTEX
  8
gto
 10
90.061460
 20
37.307085
  0
VERTEX
  8
gto
 10
90.083820
 20
37.311655
  0
VERTEX
  8
gto
 10
90.104640
 20
37.324865
  0
VERTEX
  8
gto
 10
90.340861
 20
37.563625
  0
VERTEX
  8
gto
 10
90.354071
 20
37.583435
  0
VERTEX
  8
gto
 10
90.357631
 20
37.594615
  0
VERTEX
  8
gto
 10
90.357631
 20
37.753616
  0
VERTEX
  8
gto
 10
90.348481
 20
37.775456
  0
VERTEX
  8
gto
 10
90.094480
 20
38.033526
  0
VERTEX
  8
gto
 10
90.084320
 20
38.041146
  0
VERTEX
  8
gto
 10
90.074160
 20
38.043686
  0
VERTEX
  8
gto
 10
90.343401
 20
38.315467
  0
VERTEX
  8
gto
 10
90.356611
 20
38.335277
  0
VERTEX
  8
gto
 10
90.360171
 20
38.346447
  0
VERTEX
  8
gto
 10
90.361181
 20
38.546607
  0
SEQEND
  8
gto
  0
POLYLINE
  8
gto
 62
1
 40
0.000000
 41
0.000000
 66
  1
  0
VERTEX
  8
gto
 10
90.599941
 20
38.546607
  0
VERTEX
  8
gto
 10
90.599941
 20
38.424687
  0
VERTEX
  8
gto
 10
91.328923
 20
38.424687
  0
VERTEX
  8
gto
 10
91.328923
 20
38.389127
  0
VERTEX
  8
gto
 10
90.838702
 20
37.898396
  0
VERTEX
  8
gto
 10
90.829562
 20
37.876556
  0
VERTEX
  8
gto
 10
90.828542
 20
37.304545
  0
VERTEX
  8
gto
 10
90.950462
 20
37.304545
  0
VERTEX
  8
gto
 10
90.950462
 20
37.840486
  0
VERTEX
  8
gto
 10
91.440683
 20
38.329177
  0
VERTEX
  8
gto
 10
91.449833
 20
38.350517
  0
VERTEX
  8
gto
 10
91.450843
 20
38.546607
  0
SEQEND
  8
gto
  0
POLYLINE
  8
gto
 62
1
 40
0.000000
 41
0.000000
 66
  1
  0
VERTEX
  8
gto
 10
87.620515
 20
38.544067
  0
VERTEX
  8
gto
 10
87.342135
 20
38.265677
  0
VERTEX
  8
gto
 10
87.331975
 20
38.243836
  0
VERTEX
  8
gto
 10
87.330955
 20
37.609345
  0
VERTEX
  8
gto
 10
87.452875
 20
37.609345
  0
VERTEX
  8
gto
 10
87.452875
 20
37.708405
  0
VERTEX
  8
gto
 10
87.673855
 20
37.929386
  0
VERTEX
  8
gto
 10
87.877056
 20
37.929386
  0
VERTEX
  8
gto
 10
88.082796
 20
37.718565
  0
VERTEX
  8
gto
 10
88.082796
 20
37.614425
  0
VERTEX
  8
gto
 10
87.869436
 20
37.395985
  0
VERTEX
  8
gto
 10
87.666235
 20
37.395985
  0
VERTEX
  8
gto
 10
87.452875
 20
37.609345
  0
VERTEX
  8
gto
 10
87.330955
 20
37.609345
  0
VERTEX
  8
gto
 10
87.330955
 20
37.583945
  0
VERTEX
  8
gto
 10
87.351275
 20
37.543305
  0
VERTEX
  8
gto
 10
87.606805
 20
37.284225
  0
VERTEX
  8
gto
 10
87.628645
 20
37.275075
  0
VERTEX
  8
gto
 10
87.904496
 20
37.275075
  0
VERTEX
  8
gto
 10
87.926336
 20
37.284225
  0
VERTEX
  8
gto
 10
88.186936
 20
37.545845
  0
VERTEX
  8
gto
 10
88.200146
 20
37.566675
  0
VERTEX
  8
gto
 10
88.204716
 20
37.589025
  0
VERTEX
  8
gto
 10
88.203706
 20
37.756156
  0
VERTEX
  8
gto
 10
88.194556
 20
37.777996
  0
VERTEX
  8
gto
 10
87.936496
 20
38.041656
  0
VERTEX
  8
gto
 10
87.925826
 20
38.047236
  0
VERTEX
  8
gto
 10
87.902456
 20
38.051306
  0
VERTEX
  8
gto
 10
87.637285
 20
38.050286
  0
VERTEX
  8
gto
 10
87.615435
 20
38.041656
  0
VERTEX
  8
gto
 10
87.605275
 20
38.033526
  0
VERTEX
  8
gto
 10
87.452875
 20
37.881126
  0
VERTEX
  8
gto
 10
87.452875
 20
38.206246
  0
VERTEX
  8
gto
 10
87.706875
 20
38.460247
  0
SEQEND
  8
gto
  0
POLYLINE
  8
gto
 62
1
 40
0.000000
 41
0.000000
 66
  1
  0
VERTEX
  8
gto
 10
89.230878
 20
38.290067
  0
VERTEX
  8
gto
 10
89.206498
 20
38.285997
  0
VERTEX
  8
gto
 10
89.197358
 20
38.280417
  0
VERTEX
  8
gto
 10
88.448557
 20
37.530605
  0
VERTEX
  8
gto
 10
88.433317
 20
37.511295
  0
VERTEX
  8
gto
 10
88.429257
 20
37.499615
  0
VERTEX
  8
gto
 10
88.428237
 20
37.487425
  0
VERTEX
  8
gto
 10
88.433317
 20
37.465575
  0
VERTEX
  8
gto
 10
88.448557
 20
37.444245
  0
VERTEX
  8
gto
 10
88.467867
 20
37.431035
  0
VERTEX
  8
gto
 10
88.478027
 20
37.427475
  0
VERTEX
  8
gto
 10
88.501397
 20
37.427475
  0
VERTEX
  8
gto
 10
88.523237
 20
37.436625
  0
VERTEX
  8
gto
 10
89.274059
 20
38.185926
  0
VERTEX
  8
gto
 10
89.287269
 20
38.205736
  0
VERTEX
  8
gto
 10
89.290829
 20
38.216916
  0
VERTEX
  8
gto
 10
89.290829
 20
38.242316
  0
VERTEX
  8
gto
 10
89.281679
 20
38.264157
  0
VERTEX
  8
gto
 10
89.264919
 20
38.280417
  0
VERTEX
  8
gto
 10
89.254249
 20
38.285997
  0
SEQEND
  8
gto
  0
POLYLINE
  8
gto
 62
1
 40
0.000000
 41
0.000000
 66
  1
  0
VERTEX
  8
gto
 10
86.424173
 20
36.033012
  0
VERTEX
  8
gto
 10
86.424173
 20
35.911092
  0
VERTEX
  8
gto
 10
87.028694
 20
35.911092
  0
VERTEX
  8
gto
 10
87.028694
 20
35.867912
  0
VERTEX
  8
gto
 10
86.675633
 20
35.519931
  0
VERTEX
  8
gto
 10
86.662433
 20
35.499111
  0
VERTEX
  8
gto
 10
86.657853
 20
35.476751
  0
VERTEX
  8
gto
 10
86.658873
 20
35.464561
  0
VERTEX
  8
gto
 10
86.668013
 20
35.442721
  0
VERTEX
  8
gto
 10
86.675633
 20
35.433571
  0
VERTEX
  8
gto
 10
86.696463
 20
35.420361
  0
VERTEX
  8
gto
 10
86.718813
 20
35.415791
  0
VERTEX
  8
gto
 10
86.815334
 20
35.415791
  0
VERTEX
  8
gto
 10
87.026154
 20
35.202430
  0
VERTEX
  8
gto
 10
87.026154
 20
35.116070
  0
VERTEX
  8
gto
 10
86.825494
 20
34.915410
  0
VERTEX
  8
gto
 10
86.500373
 20
34.915410
  0
VERTEX
  8
gto
 10
86.383533
 20
35.032250
  0
VERTEX
  8
gto
 10
86.299713
 20
34.945890
  0
VERTEX
  8
gto
 10
86.431793
 20
34.811270
  0
VERTEX
  8
gto
 10
86.452623
 20
34.798070
  0
VERTEX
  8
gto
 10
86.474973
 20
34.793490
  0
VERTEX
  8
gto
 10
86.860554
 20
34.794510
  0
VERTEX
  8
gto
 10
86.882394
 20
34.803650
  0
VERTEX
  8
gto
 10
87.130294
 20
35.050030
  0
VERTEX
  8
gto
 10
87.143504
 20
35.069850
  0
VERTEX
  8
gto
 10
87.147064
 20
35.081020
  0
VERTEX
  8
gto
 10
87.147064
 20
35.240030
  0
VERTEX
  8
gto
 10
87.137914
 20
35.261871
  0
VERTEX
  8
gto
 10
86.881374
 20
35.519931
  0
VERTEX
  8
gto
 10
86.871214
 20
35.527551
  0
VERTEX
  8
gto
 10
86.861054
 20
35.530091
  0
VERTEX
  8
gto
 10
87.140454
 20
35.811022
  0
VERTEX
  8
gto
 10
87.149604
 20
35.832862
  0
VERTEX
  8
gto
 10
87.150614
 20
36.033012
  0
SEQEND
  8
gto
  0
POLYLINE
  8
gto
 62
1
 40
0.000000
 41
0.000000
 66
  1
  0
VERTEX
  8
gto
 10
87.935476
 20
36.033012
  0
VERTEX
  8
gto
 10
87.922276
 20
36.032002
  0
VERTEX
  8
gto
 10
87.901956
 20
36.022852
  0
VERTEX
  8
gto
 10
87.407155
 20
35.519931
  0
VERTEX
  8
gto
 10
87.391915
 20
35.499111
  0
VERTEX
  8
gto
 10
87.386835
 20
35.476751
  0
VERTEX
  8
gto
 10
87.386835
 20
35.286251
  0
VERTEX
  8
gto
 10
87.508755
 20
35.286251
  0
VERTEX
  8
gto
 10
87.508755
 20
35.451351
  0
VERTEX
  8
gto
 10
87.963416
 20
35.911092
  0
VERTEX
  8
gto
 10
88.001516
 20
35.911092
  0
VERTEX
  8
gto
 10
88.001516
 20
35.286251
  0
VERTEX
  8
gto
 10
87.386835
 20
35.286251
  0
VERTEX
  8
gto
 10
87.388365
 20
35.213100
  0
VERTEX
  8
gto
 10
87.391915
 20
35.201930
  0
VERTEX
  8
gto
 10
87.407155
 20
35.182110
  0
VERTEX
  8
gto
 10
87.426465
 20
35.168910
  0
VERTEX
  8
gto
 10
87.436625
 20
35.165350
  0
VERTEX
  8
gto
 10
88.001516
 20
35.164330
  0
VERTEX
  8
gto
 10
88.001516
 20
34.747769
  0
VERTEX
  8
gto
 10
88.123436
 20
34.747769
  0
VERTEX
  8
gto
 10
88.123436
 20
35.164330
  0
VERTEX
  8
gto
 10
88.237736
 20
35.164330
  0
VERTEX
  8
gto
 10
88.237736
 20
35.286251
  0
VERTEX
  8
gto
 10
88.123436
 20
35.286251
  0
VERTEX
  8
gto
 10
88.122426
 20
35.984252
  0
VERTEX
  8
gto
 10
88.113276
 20
36.006092
  0
VERTEX
  8
gto
 10
88.096516
 20
36.022852
  0
VERTEX
  8
gto
 10
88.074676
 20
36.032002
  0
SEQEND
  8
gto
  0
POLYLINE
  8
gto
 62
1
 40
0.000000
 41
0.000000
 66
  1
  0
VERTEX
  8
gto
 10
89.693159
 20
36.033012
  0
VERTEX
  8
gto
 10
89.693159
 20
35.911092
  0
VERTEX
  8
gto
 10
90.295141
 20
35.911092
  0
VERTEX
  8
gto
 10
90.295141
 20
35.867912
  0
VERTEX
  8
gto
 10
89.944620
 20
35.519931
  0
VERTEX
  8
gto
 10
89.931420
 20
35.499111
  0
VERTEX
  8
gto
 10
89.926840
 20
35.476751
  0
VERTEX
  8
gto
 10
89.927860
 20
35.464561
  0
VERTEX
  8
gto
 10
89.937000
 20
35.442721
  0
VERTEX
  8
gto
 10
89.954280
 20
35.425951
  0
VERTEX
  8
gto
 10
89.975610
 20
35.416811
  0
VERTEX
  8
gto
 10
90.081780
 20
35.415791
  0
VERTEX
  8
gto
 10
90.292601
 20
35.202430
  0
VERTEX
  8
gto
 10
90.292601
 20
35.116070
  0
VERTEX
  8
gto
 10
90.091940
 20
34.915410
  0
VERTEX
  8
gto
 10
89.766820
 20
34.915410
  0
VERTEX
  8
gto
 10
89.652519
 20
35.032250
  0
VERTEX
  8
gto
 10
89.566159
 20
34.945890
  0
VERTEX
  8
gto
 10
89.700779
 20
34.811270
  0
VERTEX
  8
gto
 10
89.720599
 20
34.798070
  0
VERTEX
  8
gto
 10
89.731769
 20
34.794510
  0
VERTEX
  8
gto
 10
90.117340
 20
34.793490
  0
VERTEX
  8
gto
 10
90.139700
 20
34.798070
  0
VERTEX
  8
gto
 10
90.160520
 20
34.811270
  0
VERTEX
  8
gto
 10
90.404361
 20
35.059180
  0
VERTEX
  8
gto
 10
90.413511
 20
35.081020
  0
VERTEX
  8
gto
 10
90.413511
 20
35.240030
  0
VERTEX
  8
gto
 10
90.404361
 20
35.261871
  0
VERTEX
  8
gto
 10
90.150360
 20
35.519931
  0
VERTEX
  8
gto
 10
90.140200
 20
35.527551
  0
VERTEX
  8
gto
 10
90.130040
 20
35.530091
  0
VERTEX
  8
gto
 10
90.406901
 20
35.811022
  0
VERTEX
  8
gto
 10
90.416051
 20
35.832862
  0
VERTEX
  8
gto
 10
90.417061
 20
36.033012
  0
SEQEND
  8
gto
  0
POLYLINE
  8
gto
 62
1
 40
0.000000
 41
0.000000
 66
  1
  0
VERTEX
  8
gto
 10
90.655821
 20
36.033012
  0
VERTEX
  8
gto
 10
90.655821
 20
35.540251
  0
VERTEX
  8
gto
 10
91.176522
 20
35.540251
  0
VERTEX
  8
gto
 10
91.384803
 20
35.331971
  0
VERTEX
  8
gto
 10
91.384803
 20
35.126230
  0
VERTEX
  8
gto
 10
91.176522
 20
34.915410
  0
VERTEX
  8
gto
 10
90.660901
 20
34.915410
  0
VERTEX
  8
gto
 10
90.660901
 20
34.793490
  0
VERTEX
  8
gto
 10
91.212592
 20
34.794510
  0
VERTEX
  8
gto
 10
91.234442
 20
34.803650
  0
VERTEX
  8
gto
 10
91.488943
 20
35.057650
  0
VERTEX
  8
gto
 10
91.502153
 20
35.077470
  0
VERTEX
  8
gto
 10
91.505713
 20
35.088640
  0
VERTEX
  8
gto
 10
91.505713
 20
35.370581
  0
VERTEX
  8
gto
 10
91.496563
 20
35.390901
  0
VERTEX
  8
gto
 10
91.245102
 20
35.641851
  0
VERTEX
  8
gto
 10
91.225292
 20
35.657091
  0
VERTEX
  8
gto
 10
91.201922
 20
35.662171
  0
VERTEX
  8
gto
 10
90.777742
 20
35.662171
  0
VERTEX
  8
gto
 10
90.777742
 20
35.911092
  0
VERTEX
  8
gto
 10
91.506723
 20
35.911092
  0
VERTEX
  8
gto
 10
91.506723
 20
36.033012
  0
SEQEND
  8
gto
  0
POLYLINE
  8
gto
 62
1
 40
0.000000
 41
0.000000
 66
  1
  0
VERTEX
  8
gto
 10
89.286759
 20
35.776472
  0
VERTEX
  8
gto
 10
89.273559
 20
35.775462
  0
VERTEX
  8
gto
 10
89.253239
 20
35.766312
  0
VERTEX
  8
gto
 10
88.504437
 20
35.017010
  0
VERTEX
  8
gto
 10
88.489197
 20
34.997200
  0
VERTEX
  8
gto
 10
88.484117
 20
34.973830
  0
VERTEX
  8
gto
 10
88.489197
 20
34.951480
  0
VERTEX
  8
gto
 10
88.504437
 20
34.930650
  0
VERTEX
  8
gto
 10
88.523747
 20
34.917440
  0
VERTEX
  8
gto
 10
88.533907
 20
34.913890
  0
VERTEX
  8
gto
 10
88.557277
 20
34.913890
  0
VERTEX
  8
gto
 10
88.579117
 20
34.923030
  0
VERTEX
  8
gto
 10
89.329939
 20
35.672331
  0
VERTEX
  8
gto
 10
89.343149
 20
35.692151
  0
VERTEX
  8
gto
 10
89.346709
 20
35.703321
  0
VERTEX
  8
gto
 10
89.346709
 20
35.728721
  0
VERTEX
  8
gto
 10
89.343149
 20
35.740411
  0
VERTEX
  8
gto
 10
89.329939
 20
35.758692
  0
VERTEX
  8
gto
 10
89.310129
 20
35.771902
  0
VERTEX
  8
gto
 10
89.298959
 20
35.775462
  0
SEQEND
  8
gto
  0
POLYLINE
  8
gto
 62
1
 40
0.000000
 41
0.000000
 66
  1
  0
VERTEX
  8
gto
 10
86.424173
 20
33.506727
  0
VERTEX
  8
gto
 10
86.424173
 20
33.384807
  0
VERTEX
  8
gto
 10
87.028694
 20
33.384807
  0
VERTEX
  8
gto
 10
87.028694
 20
33.341627
  0
VERTEX
  8
gto
 10
86.675633
 20
32.993646
  0
VERTEX
  8
gto
 10
86.662433
 20
32.972306
  0
VERTEX
  8
gto
 10
86.658873
 20
32.961646
  0
VERTEX
  8
gto
 10
86.658873
 20
32.938276
  0
VERTEX
  8
gto
 10
86.668013
 20
32.916426
  0
VERTEX
  8
gto
 10
86.685793
 20
32.899156
  0
VERTEX
  8
gto
 10
86.696463
 20
32.893566
  0
VERTEX
  8
gto
 10
86.718813
 20
32.889506
  0
VERTEX
  8
gto
 10
86.815334
 20
32.889506
  0
VERTEX
  8
gto
 10
87.026154
 20
32.676145
  0
VERTEX
  8
gto
 10
87.026154
 20
32.589785
  0
VERTEX
  8
gto
 10
86.825494
 20
32.389125
  0
VERTEX
  8
gto
 10
86.500373
 20
32.389125
  0
VERTEX
  8
gto
 10
86.383533
 20
32.505965
  0
VERTEX
  8
gto
 10
86.299713
 20
32.419605
  0
VERTEX
  8
gto
 10
86.431793
 20
32.284985
  0
VERTEX
  8
gto
 10
86.452623
 20
32.271265
  0
VERTEX
  8
gto
 10
86.474973
 20
32.267205
  0
VERTEX
  8
gto
 10
86.860554
 20
32.268225
  0
VERTEX
  8
gto
 10
86.871724
 20
32.271265
  0
VERTEX
  8
gto
 10
86.882394
 20
32.276855
  0
VERTEX
  8
gto
 10
87.130294
 20
32.523745
  0
VERTEX
  8
gto
 10
87.143504
 20
32.543045
  0
VERTEX
  8
gto
 10
87.147064
 20
32.554735
  0
VERTEX
  8
gto
 10
87.147064
 20
32.713735
  0
VERTEX
  8
gto
 10
87.137914
 20
32.735075
  0
VERTEX
  8
gto
 10
87.130294
 20
32.744725
  0
VERTEX
  8
gto
 10
86.876294
 20
32.997706
  0
VERTEX
  8
gto
 10
86.861054
 20
33.003806
  0
VERTEX
  8
gto
 10
87.140454
 20
33.284727
  0
VERTEX
  8
gto
 10
87.149604
 20
33.306577
  0
VERTEX
  8
gto
 10
87.150614
 20
33.506727
  0
SEQEND
  8
gto
  0
POLYLINE
  8
gto
 62
1
 40
0.000000
 41
0.000000
 66
  1
  0
VERTEX
  8
gto
 10
87.694175
 20
33.506727
  0
VERTEX
  8
gto
 10
87.671825
 20
33.502157
  0
VERTEX
  8
gto
 10
87.650995
 20
33.488947
  0
VERTEX
  8
gto
 10
87.398525
 20
33.230376
  0
VERTEX
  8
gto
 10
87.391915
 20
33.220216
  0
VERTEX
  8
gto
 10
87.386835
 20
33.196846
  0
VERTEX
  8
gto
 10
87.386835
 20
33.133346
  0
VERTEX
  8
gto
 10
87.508755
 20
33.133346
  0
VERTEX
  8
gto
 10
87.508755
 20
33.173986
  0
VERTEX
  8
gto
 10
87.722115
 20
33.384807
  0
VERTEX
  8
gto
 10
88.029456
 20
33.384807
  0
VERTEX
  8
gto
 10
88.118356
 20
33.298447
  0
VERTEX
  8
gto
 10
88.118356
 20
33.092706
  0
VERTEX
  8
gto
 10
87.398525
 20
32.359155
  0
VERTEX
  8
gto
 10
87.391915
 20
32.348995
  0
VERTEX
  8
gto
 10
87.386835
 20
32.325625
  0
VERTEX
  8
gto
 10
87.391915
 20
32.303275
  0
VERTEX
  8
gto
 10
87.407155
 20
32.282445
  0
VERTEX
  8
gto
 10
87.416305
 20
32.274315
  0
VERTEX
  8
gto
 10
87.436625
 20
32.265685
  0
VERTEX
  8
gto
 10
88.240276
 20
32.264665
  0
VERTEX
  8
gto
 10
88.240276
 20
32.386585
  0
VERTEX
  8
gto
 10
87.597655
 20
32.386585
  0
VERTEX
  8
gto
 10
88.229106
 20
33.034286
  0
VERTEX
  8
gto
 10
88.239266
 20
33.055626
  0
VERTEX
  8
gto
 10
88.239266
 20
33.333497
  0
VERTEX
  8
gto
 10
88.229106
 20
33.354837
  0
VERTEX
  8
gto
 10
88.098036
 20
33.488947
  0
VERTEX
  8
gto
 10
88.077216
 20
33.502157
  0
VERTEX
  8
gto
 10
88.054856
 20
33.506727
  0
SEQEND
  8
gto
  0
POLYLINE
  8
gto
 62
1
 40
0.000000
 41
0.000000
 66
  1
  0
VERTEX
  8
gto
 10
89.693159
 20
33.506727
  0
VERTEX
  8
gto
 10
89.693159
 20
33.384807
  0
VERTEX
  8
gto
 10
90.295141
 20
33.384807
  0
VERTEX
  8
gto
 10
90.295141
 20
33.341627
  0
VERTEX
  8
gto
 10
89.944620
 20
32.993646
  0
VERTEX
  8
gto
 10
89.931420
 20
32.972306
  0
VERTEX
  8
gto
 10
89.927860
 20
32.961646
  0
VERTEX
  8
gto
 10
89.927860
 20
32.938276
  0
VERTEX
  8
gto
 10
89.937000
 20
32.916426
  0
VERTEX
  8
gto
 10
89.954280
 20
32.899156
  0
VERTEX
  8
gto
 10
89.964440
 20
32.893566
  0
VERTEX
  8
gto
 10
89.987800
 20
32.889506
  0
VERTEX
  8
gto
 10
90.081780
 20
32.889506
  0
VERTEX
  8
gto
 10
90.292601
 20
32.676145
  0
VERTEX
  8
gto
 10
90.292601
 20
32.589785
  0
VERTEX
  8
gto
 10
90.091940
 20
32.389125
  0
VERTEX
  8
gto
 10
89.766820
 20
32.389125
  0
VERTEX
  8
gto
 10
89.652519
 20
32.505965
  0
VERTEX
  8
gto
 10
89.566159
 20
32.419605
  0
VERTEX
  8
gto
 10
89.710439
 20
32.276855
  0
VERTEX
  8
gto
 10
89.720599
 20
32.271265
  0
VERTEX
  8
gto
 10
89.743959
 20
32.267205
  0
VERTEX
  8
gto
 10
90.128520
 20
32.268225
  0
VERTEX
  8
gto
 10
90.139700
 20
32.271265
  0
VERTEX
  8
gto
 10
90.160520
 20
32.284985
  0
VERTEX
  8
gto
 10
90.404361
 20
32.532885
  0
VERTEX
  8
gto
 10
90.413511
 20
32.554735
  0
VERTEX
  8
gto
 10
90.413511
 20
32.713735
  0
VERTEX
  8
gto
 10
90.404361
 20
32.735075
  0
VERTEX
  8
gto
 10
90.396741
 20
32.744725
  0
VERTEX
  8
gto
 10
90.145280
 20
32.997706
  0
VERTEX
  8
gto
 10
90.130040
 20
33.003806
  0
VERTEX
  8
gto
 10
90.406901
 20
33.284727
  0
VERTEX
  8
gto
 10
90.416051
 20
33.306577
  0
VERTEX
  8
gto
 10
90.417061
 20
33.506727
  0
SEQEND
  8
gto
  0
POLYLINE
  8
gto
 62
1
 40
0.000000
 41
0.000000
 66
  1
  0
VERTEX
  8
gto
 10
90.780282
 20
33.506727
  0
VERTEX
  8
gto
 10
90.780282
 20
33.384807
  0
VERTEX
  8
gto
 10
91.384803
 20
33.384807
  0
VERTEX
  8
gto
 10
91.384803
 20
33.341627
  0
VERTEX
  8
gto
 10
91.034282
 20
32.993646
  0
VERTEX
  8
gto
 10
91.019042
 20
32.972306
  0
VERTEX
  8
gto
 10
91.013962
 20
32.950466
  0
VERTEX
  8
gto
 10
91.019042
 20
32.926586
  0
VERTEX
  8
gto
 10
91.034282
 20
32.907286
  0
VERTEX
  8
gto
 10
91.043432
 20
32.899156
  0
VERTEX
  8
gto
 10
91.063752
 20
32.890526
  0
VERTEX
  8
gto
 10
91.171442
 20
32.889506
  0
VERTEX
  8
gto
 10
91.382263
 20
32.676145
  0
VERTEX
  8
gto
 10
91.382263
 20
32.589785
  0
VERTEX
  8
gto
 10
91.181602
 20
32.389125
  0
VERTEX
  8
gto
 10
90.856482
 20
32.389125
  0
VERTEX
  8
gto
 10
90.739641
 20
32.505965
  0
VERTEX
  8
gto
 10
90.655821
 20
32.419605
  0
VERTEX
  8
gto
 10
90.799592
 20
32.276855
  0
VERTEX
  8
gto
 10
90.819912
 20
32.268225
  0
VERTEX
  8
gto
 10
91.207002
 20
32.267205
  0
VERTEX
  8
gto
 10
91.228852
 20
32.271265
  0
VERTEX
  8
gto
 10
91.247642
 20
32.284985
  0
VERTEX
  8
gto
 10
91.494023
 20
32.532885
  0
VERTEX
  8
gto
 10
91.503173
 20
32.554735
  0
VERTEX
  8
gto
 10
91.503173
 20
32.713735
  0
VERTEX
  8
gto
 10
91.494023
 20
32.735075
  0
VERTEX
  8
gto
 10
91.486403
 20
32.744725
  0
VERTEX
  8
gto
 10
91.232402
 20
32.997706
  0
VERTEX
  8
gto
 10
91.217162
 20
33.003806
  0
VERTEX
  8
gto
 10
91.496563
 20
33.284727
  0
VERTEX
  8
gto
 10
91.505713
 20
33.306577
  0
VERTEX
  8
gto
 10
91.506723
 20
33.506727
  0
SEQEND
  8
gto
  0
POLYLINE
  8
gto
 62
1
 40
0.000000
 41
0.000000
 66
  1
  0
VERTEX
  8
gto
 10
89.286759
 20
33.250187
  0
VERTEX
  8
gto
 10
89.262889
 20
33.245616
  0
VERTEX
  8
gto
 10
89.253239
 20
33.240026
  0
VERTEX
  8
gto
 10
88.504437
 20
32.490725
  0
VERTEX
  8
gto
 10
88.489197
 20
32.470915
  0
VERTEX
  8
gto
 10
88.484117
 20
32.447545
  0
VERTEX
  8
gto
 10
88.489197
 20
32.425195
  0
VERTEX
  8
gto
 10
88.504437
 20
32.404365
  0
VERTEX
  8
gto
 10
88.513587
 20
32.396235
  0
VERTEX
  8
gto
 10
88.533907
 20
32.387605
  0
VERTEX
  8
gto
 10
88.557277
 20
32.387605
  0
VERTEX
  8
gto
 10
88.568447
 20
32.390645
  0
VERTEX
  8
gto
 10
88.579117
 20
32.396235
  0
VERTEX
  8
gto
 10
89.329939
 20
33.146046
  0
VERTEX
  8
gto
 10
89.343149
 20
33.165346
  0
VERTEX
  8
gto
 10
89.346709
 20
33.177036
  0
VERTEX
  8
gto
 10
89.346709
 20
33.202436
  0
VERTEX
  8
gto
 10
89.337559
 20
33.223766
  0
VERTEX
  8
gto
 10
89.320799
 20
33.240026
  0
VERTEX
  8
gto
 10
89.310129
 20
33.245616
  0
SEQEND
  8
gto
  0
POLYLINE
  8
gto
 62
1
 40
0.000000
 41
0.000000
 66
  1
  0
VERTEX
  8
gto
 10
86.784854
 20
31.023112
  0
VERTEX
  8
gto
 10
86.784854
 20
30.901192
  0
VERTEX
  8
gto
 10
87.389375
 20
30.901192
  0
VERTEX
  8
gto
 10
87.389375
 20
30.858012
  0
VERTEX
  8
gto
 10
87.036314
 20
30.510031
  0
VERTEX
  8
gto
 10
87.023114
 20
30.489201
  0
VERTEX
  8
gto
 10
87.018534
 20
30.466851
  0
VERTEX
  8
gto
 10
87.019554
 20
30.454661
  0
VERTEX
  8
gto
 10
87.028694
 20
30.433321
  0
VERTEX
  8
gto
 10
87.036314
 20
30.423671
  0
VERTEX
  8
gto
 10
87.057144
 20
30.410461
  0
VERTEX
  8
gto
 10
87.079494
 20
30.405891
  0
VERTEX
  8
gto
 10
87.176014
 20
30.405891
  0
VERTEX
  8
gto
 10
87.386835
 20
30.192530
  0
VERTEX
  8
gto
 10
87.386835
 20
30.106170
  0
VERTEX
  8
gto
 10
87.186174
 20
29.905510
  0
VERTEX
  8
gto
 10
86.861054
 20
29.905510
  0
VERTEX
  8
gto
 10
86.744213
 20
30.022350
  0
VERTEX
  8
gto
 10
86.660393
 20
29.935990
  0
VERTEX
  8
gto
 10
86.792474
 20
29.801370
  0
VERTEX
  8
gto
 10
86.813304
 20
29.788160
  0
VERTEX
  8
gto
 10
86.835654
 20
29.783590
  0
VERTEX
  8
gto
 10
87.221234
 20
29.784600
  0
VERTEX
  8
gto
 10
87.243074
 20
29.793750
  0
VERTEX
  8
gto
 10
87.490975
 20
30.040130
  0
VERTEX
  8
gto
 10
87.504185
 20
30.059940
  0
VERTEX
  8
gto
 10
87.507745
 20
30.071120
  0
VERTEX
  8
gto
 10
87.507745
 20
30.230120
  0
VERTEX
  8
gto
 10
87.498595
 20
30.251961
  0
VERTEX
  8
gto
 10
87.242054
 20
30.510031
  0
VERTEX
  8
gto
 10
87.231894
 20
30.517651
  0
VERTEX
  8
gto
 10
87.221734
 20
30.520191
  0
VERTEX
  8
gto
 10
87.493515
 20
30.791972
  0
VERTEX
  8
gto
 10
87.506725
 20
30.811782
  0
VERTEX
  8
gto
 10
87.510285
 20
30.822962
  0
VERTEX
  8
gto
 10
87.511295
 20
31.023112
  0
SEQEND
  8
gto
  0
POLYLINE
  8
gto
 62
1
 40
0.000000
 41
0.000000
 66
  1
  0
VERTEX
  8
gto
 10
88.062476
 20
31.023112
  0
VERTEX
  8
gto
 10
88.037586
 20
31.019042
  0
VERTEX
  8
gto
 10
88.027936
 20
31.013462
  0
VERTEX
  8
gto
 10
87.759206
 20
30.746761
  0
VERTEX
  8
gto
 10
87.752596
 20
30.737611
  0
VERTEX
  8
gto
 10
87.747515
 20
30.713231
  0
VERTEX
  8
gto
 10
87.747515
 20
30.113790
  0
VERTEX
  8
gto
 10
87.869436
 20
30.113790
  0
VERTEX
  8
gto
 10
87.869436
 20
30.687831
  0
VERTEX
  8
gto
 10
88.085336
 20
30.901192
  0
VERTEX
  8
gto
 10
88.263137
 20
30.901192
  0
VERTEX
  8
gto
 10
88.479037
 20
30.687831
  0
VERTEX
  8
gto
 10
88.479037
 20
30.111250
  0
VERTEX
  8
gto
 10
88.268217
 20
29.902970
  0
VERTEX
  8
gto
 10
88.082796
 20
29.902970
  0
VERTEX
  8
gto
 10
87.869436
 20
30.113790
  0
VERTEX
  8
gto
 10
87.747515
 20
30.113790
  0
VERTEX
  8
gto
 10
87.749045
 20
30.078740
  0
VERTEX
  8
gto
 10
87.752596
 20
30.067560
  0
VERTEX
  8
gto
 10
87.767836
 20
30.047750
  0
VERTEX
  8
gto
 10
88.022856
 20
29.791210
  0
VERTEX
  8
gto
 10
88.032506
 20
29.785620
  0
VERTEX
  8
gto
 10
88.044196
 20
29.782060
  0
VERTEX
  8
gto
 10
88.307337
 20
29.782060
  0
VERTEX
  8
gto
 10
88.327657
 20
29.791210
  0
VERTEX
  8
gto
 10
88.589787
 20
30.051300
  0
VERTEX
  8
gto
 10
88.599947
 20
30.072640
  0
VERTEX
  8
gto
 10
88.599947
 20
30.725421
  0
VERTEX
  8
gto
 10
88.589787
 20
30.745741
  0
VERTEX
  8
gto
 10
88.322577
 20
31.013462
  0
VERTEX
  8
gto
 10
88.311907
 20
31.019042
  0
VERTEX
  8
gto
 10
88.288537
 20
31.023112
  0
SEQEND
  8
gto
  0
POLYLINE
  8
gto
 62
1
 40
0.000000
 41
0.000000
 66
  1
  0
VERTEX
  8
gto
 10
90.053840
 20
31.023112
  0
VERTEX
  8
gto
 10
90.053840
 20
30.901192
  0
VERTEX
  8
gto
 10
90.655821
 20
30.901192
  0
VERTEX
  8
gto
 10
90.655821
 20
30.858012
  0
VERTEX
  8
gto
 10
90.305301
 20
30.510031
  0
VERTEX
  8
gto
 10
90.292101
 20
30.489201
  0
VERTEX
  8
gto
 10
90.287521
 20
30.466851
  0
VERTEX
  8
gto
 10
90.288541
 20
30.454661
  0
VERTEX
  8
gto
 10
90.297681
 20
30.433321
  0
VERTEX
  8
gto
 10
90.314451
 20
30.416051
  0
VERTEX
  8
gto
 10
90.336291
 20
30.406901
  0
VERTEX
  8
gto
 10
90.442461
 20
30.405891
  0
VERTEX
  8
gto
 10
90.653281
 20
30.192530
  0
VERTEX
  8
gto
 10
90.653281
 20
30.106170
  0
VERTEX
  8
gto
 10
90.452621
 20
29.905510
  0
VERTEX
  8
gto
 10
90.127500
 20
29.905510
  0
VERTEX
  8
gto
 10
90.013200
 20
30.022350
  0
VERTEX
  8
gto
 10
89.926840
 20
29.935990
  0
VERTEX
  8
gto
 10
90.070610
 20
29.793750
  0
VERTEX
  8
gto
 10
90.092450
 20
29.784600
  0
VERTEX
  8
gto
 10
90.478021
 20
29.783590
  0
VERTEX
  8
gto
 10
90.500381
 20
29.788160
  0
VERTEX
  8
gto
 10
90.521201
 20
29.801370
  0
VERTEX
  8
gto
 10
90.757422
 20
30.040130
  0
VERTEX
  8
gto
 10
90.770632
 20
30.059940
  0
VERTEX
  8
gto
 10
90.774192
 20
30.071120
  0
VERTEX
  8
gto
 10
90.774192
 20
30.230120
  0
VERTEX
  8
gto
 10
90.765042
 20
30.251961
  0
VERTEX
  8
gto
 10
90.511041
 20
30.510031
  0
VERTEX
  8
gto
 10
90.500881
 20
30.517651
  0
VERTEX
  8
gto
 10
90.490721
 20
30.520191
  0
VERTEX
  8
gto
 10
90.759962
 20
30.791972
  0
VERTEX
  8
gto
 10
90.773172
 20
30.811782
  0
VERTEX
  8
gto
 10
90.776732
 20
30.822962
  0
VERTEX
  8
gto
 10
90.777742
 20
31.023112
  0
SEQEND
  8
gto
  0
POLYLINE
  8
gto
 62
1
 40
0.000000
 41
0.000000
 66
  1
  0
VERTEX
  8
gto
 10
91.445763
 20
31.018032
  0
VERTEX
  8
gto
 10
91.435603
 20
31.017012
  0
VERTEX
  8
gto
 10
91.415283
 20
31.006852
  0
VERTEX
  8
gto
 10
91.123182
 20
30.705611
  0
VERTEX
  8
gto
 10
91.209542
 20
30.626871
  0
VERTEX
  8
gto
 10
91.389883
 20
30.814832
  0
VERTEX
  8
gto
 10
91.389883
 20
29.781050
  0
VERTEX
  8
gto
 10
91.506723
 20
29.781050
  0
VERTEX
  8
gto
 10
91.506723
 20
30.957072
  0
VERTEX
  8
gto
 10
91.504183
 20
30.974852
  0
VERTEX
  8
gto
 10
91.497073
 20
30.989582
  0
VERTEX
  8
gto
 10
91.485393
 20
31.001262
  0
VERTEX
  8
gto
 10
91.461513
 20
31.013962
  0
SEQEND
  8
gto
  0
POLYLINE
  8
gto
 62
1
 40
0.000000
 41
0.000000
 66
  1
  0
VERTEX
  8
gto
 10
89.647439
 20
30.766572
  0
VERTEX
  8
gto
 10
89.623569
 20
30.762502
  0
VERTEX
  8
gto
 10
89.613919
 20
30.756922
  0
VERTEX
  8
gto
 10
88.865118
 20
30.007110
  0
VERTEX
  8
gto
 10
88.849878
 20
29.987800
  0
VERTEX
  8
gto
 10
88.844798
 20
29.963930
  0
VERTEX
  8
gto
 10
88.849878
 20
29.941580
  0
VERTEX
  8
gto
 10
88.865118
 20
29.920750
  0
VERTEX
  8
gto
 10
88.884428
 20
29.907540
  0
VERTEX
  8
gto
 10
88.894588
 20
29.903980
  0
VERTEX
  8
gto
 10
88.917958
 20
29.903980
  0
VERTEX
  8
gto
 10
88.939798
 20
29.913130
  0
VERTEX
  8
gto
 10
89.690619
 20
30.662431
  0
VERTEX
  8
gto
 10
89.703829
 20
30.682241
  0
VERTEX
  8
gto
 10
89.707389
 20
30.693421
  0
VERTEX
  8
gto
 10
89.707389
 20
30.718821
  0
VERTEX
  8
gto
 10
89.698239
 20
30.740661
  0
VERTEX
  8
gto
 10
89.681479
 20
30.756922
  0
VERTEX
  8
gto
 10
89.670809
 20
30.762502
  0
SEQEND
  8
gto
  0
POLYLINE
  8
gto
 62
1
 40
0.000000
 41
0.000000
 66
  1
  0
VERTEX
  8
gto
 10
88.171696
 20
30.583691
  0
VERTEX
  8
gto
 10
88.146806
 20
30.579621
  0
VERTEX
  8
gto
 10
88.137156
 20
30.574041
  0
VERTEX
  8
gto
 10
88.120896
 20
30.556761
  0
VERTEX
  8
gto
 10
88.111756
 20
30.534921
  0
VERTEX
  8
gto
 10
88.111756
 20
30.261621
  0
VERTEX
  8
gto
 10
88.120896
 20
30.240280
  0
VERTEX
  8
gto
 10
88.137156
 20
30.223010
  0
VERTEX
  8
gto
 10
88.146806
 20
30.217420
  0
VERTEX
  8
gto
 10
88.158496
 20
30.213860
  0
VERTEX
  8
gto
 10
88.182876
 20
30.213860
  0
VERTEX
  8
gto
 10
88.204716
 20
30.223010
  0
VERTEX
  8
gto
 10
88.214876
 20
30.230630
  0
VERTEX
  8
gto
 10
88.228086
 20
30.250441
  0
VERTEX
  8
gto
 10
88.231646
 20
30.261621
  0
VERTEX
  8
gto
 10
88.231646
 20
30.534921
  0
VERTEX
  8
gto
 10
88.222496
 20
30.556761
  0
VERTEX
  8
gto
 10
88.204716
 20
30.574041
  0
VERTEX
  8
gto
 10
88.194056
 20
30.579621
  0
SEQEND
  8
gto
  0
POLYLINE
  8
gto
 62
1
 40
0.000000
 41
0.000000
 66
  1
  0
VERTEX
  8
gto
 10
86.604513
 20
28.539997
  0
VERTEX
  8
gto
 10
86.593343
 20
28.538987
  0
VERTEX
  8
gto
 10
86.573023
 20
28.529837
  0
VERTEX
  8
gto
 10
86.317493
 20
28.273297
  0
VERTEX
  8
gto
 10
86.304293
 20
28.253487
  0
VERTEX
  8
gto
 10
86.300733
 20
28.242316
  0
VERTEX
  8
gto
 10
86.299713
 20
28.166616
  0
VERTEX
  8
gto
 10
86.421633
 20
28.166616
  0
VERTEX
  8
gto
 10
86.421633
 20
28.207256
  0
VERTEX
  8
gto
 10
86.632453
 20
28.418077
  0
VERTEX
  8
gto
 10
86.939794
 20
28.418077
  0
VERTEX
  8
gto
 10
87.028694
 20
28.331717
  0
VERTEX
  8
gto
 10
87.028694
 20
28.125976
  0
VERTEX
  8
gto
 10
86.317493
 20
27.402075
  0
VERTEX
  8
gto
 10
86.304293
 20
27.382265
  0
VERTEX
  8
gto
 10
86.300733
 20
27.371095
  0
VERTEX
  8
gto
 10
86.300733
 20
27.347725
  0
VERTEX
  8
gto
 10
86.309873
 20
27.325875
  0
VERTEX
  8
gto
 10
86.317493
 20
27.315715
  0
VERTEX
  8
gto
 10
86.337313
 20
27.302515
  0
VERTEX
  8
gto
 10
86.348483
 20
27.298955
  0
VERTEX
  8
gto
 10
87.150614
 20
27.297935
  0
VERTEX
  8
gto
 10
87.150614
 20
27.419855
  0
VERTEX
  8
gto
 10
86.507993
 20
27.419855
  0
VERTEX
  8
gto
 10
87.132834
 20
28.057396
  0
VERTEX
  8
gto
 10
87.146044
 20
28.078226
  0
VERTEX
  8
gto
 10
87.150614
 20
28.100576
  0
VERTEX
  8
gto
 10
87.149604
 20
28.366777
  0
VERTEX
  8
gto
 10
87.140454
 20
28.388107
  0
VERTEX
  8
gto
 10
87.132834
 20
28.397757
  0
VERTEX
  8
gto
 10
86.999234
 20
28.529837
  0
VERTEX
  8
gto
 10
86.977394
 20
28.538987
  0
SEQEND
  8
gto
  0
POLYLINE
  8
gto
 62
1
 40
0.000000
 41
0.000000
 66
  1
  0
VERTEX
  8
gto
 10
89.873500
 20
28.539997
  0
VERTEX
  8
gto
 10
89.861310
 20
28.538987
  0
VERTEX
  8
gto
 10
89.839980
 20
28.529837
  0
VERTEX
  8
gto
 10
89.830320
 20
28.522217
  0
VERTEX
  8
gto
 10
89.583939
 20
28.273297
  0
VERTEX
  8
gto
 10
89.570739
 20
28.253487
  0
VERTEX
  8
gto
 10
89.567179
 20
28.242316
  0
VERTEX
  8
gto
 10
89.566159
 20
28.166616
  0
VERTEX
  8
gto
 10
89.688079
 20
28.166616
  0
VERTEX
  8
gto
 10
89.688079
 20
28.207256
  0
VERTEX
  8
gto
 10
89.898900
 20
28.418077
  0
VERTEX
  8
gto
 10
90.208780
 20
28.418077
  0
VERTEX
  8
gto
 10
90.295141
 20
28.331717
  0
VERTEX
  8
gto
 10
90.295141
 20
28.125976
  0
VERTEX
  8
gto
 10
89.583939
 20
27.402075
  0
VERTEX
  8
gto
 10
89.570739
 20
27.382265
  0
VERTEX
  8
gto
 10
89.567179
 20
27.371095
  0
VERTEX
  8
gto
 10
89.567179
 20
27.347725
  0
VERTEX
  8
gto
 10
89.576319
 20
27.325875
  0
VERTEX
  8
gto
 10
89.583939
 20
27.315715
  0
VERTEX
  8
gto
 10
89.603759
 20
27.302515
  0
VERTEX
  8
gto
 10
89.614929
 20
27.298955
  0
VERTEX
  8
gto
 10
90.417061
 20
27.297935
  0
VERTEX
  8
gto
 10
90.417061
 20
27.419855
  0
VERTEX
  8
gto
 10
89.774440
 20
27.419855
  0
VERTEX
  8
gto
 10
90.399281
 20
28.057396
  0
VERTEX
  8
gto
 10
90.412491
 20
28.078226
  0
VERTEX
  8
gto
 10
90.417061
 20
28.100576
  0
VERTEX
  8
gto
 10
90.416051
 20
28.366777
  0
VERTEX
  8
gto
 10
90.406901
 20
28.388107
  0
VERTEX
  8
gto
 10
90.399281
 20
28.397757
  0
VERTEX
  8
gto
 10
90.265681
 20
28.529837
  0
VERTEX
  8
gto
 10
90.243840
 20
28.538987
  0
SEQEND
  8
gto
  0
POLYLINE
  8
gto
 62
1
 40
0.000000
 41
0.000000
 66
  1
  0
VERTEX
  8
gto
 10
90.963162
 20
28.539997
  0
VERTEX
  8
gto
 10
90.949962
 20
28.538987
  0
VERTEX
  8
gto
 10
90.929642
 20
28.529837
  0
VERTEX
  8
gto
 10
90.665981
 20
28.265677
  0
VERTEX
  8
gto
 10
90.660401
 20
28.256027
  0
VERTEX
  8
gto
 10
90.656841
 20
28.244346
  0
VERTEX
  8
gto
 10
90.655821
 20
27.996436
  0
VERTEX
  8
gto
 10
90.777742
 20
27.996436
  0
VERTEX
  8
gto
 10
90.777742
 20
28.207256
  0
VERTEX
  8
gto
 10
90.988562
 20
28.418077
  0
VERTEX
  8
gto
 10
91.295903
 20
28.418077
  0
VERTEX
  8
gto
 10
91.384803
 20
28.329177
  0
VERTEX
  8
gto
 10
91.384803
 20
28.250437
  0
VERTEX
  8
gto
 10
91.054602
 20
27.917696
  0
VERTEX
  8
gto
 10
90.856482
 20
27.917696
  0
VERTEX
  8
gto
 10
90.777742
 20
27.996436
  0
VERTEX
  8
gto
 10
90.655821
 20
27.996436
  0
VERTEX
  8
gto
 10
90.656841
 20
27.960376
  0
VERTEX
  8
gto
 10
90.665981
 20
27.938526
  0
VERTEX
  8
gto
 10
90.790442
 20
27.813556
  0
VERTEX
  8
gto
 10
90.809752
 20
27.800356
  0
VERTEX
  8
gto
 10
90.819912
 20
27.796796
  0
VERTEX
  8
gto
 10
91.090672
 20
27.796796
  0
VERTEX
  8
gto
 10
91.112522
 20
27.805936
  0
VERTEX
  8
gto
 10
91.384803
 20
28.077716
  0
VERTEX
  8
gto
 10
91.384803
 20
27.508755
  0
VERTEX
  8
gto
 10
91.260343
 20
27.384295
  0
VERTEX
  8
gto
 10
91.346703
 20
27.297935
  0
VERTEX
  8
gto
 10
91.496563
 20
27.449325
  0
VERTEX
  8
gto
 10
91.505713
 20
27.471165
  0
VERTEX
  8
gto
 10
91.505713
 20
28.364237
  0
VERTEX
  8
gto
 10
91.496563
 20
28.385567
  0
VERTEX
  8
gto
 10
91.356363
 20
28.529837
  0
VERTEX
  8
gto
 10
91.334513
 20
28.538987
  0
SEQEND
  8
gto
  0
POLYLINE
  8
gto
 62
1
 40
0.000000
 41
0.000000
 66
  1
  0
VERTEX
  8
gto
 10
87.671315
 20
28.537457
  0
VERTEX
  8
gto
 10
87.659125
 20
28.530857
  0
VERTEX
  8
gto
 10
87.643375
 20
28.517137
  0
VERTEX
  8
gto
 10
87.522985
 20
28.375917
  0
VERTEX
  8
gto
 10
87.517905
 20
28.361187
  0
VERTEX
  8
gto
 10
87.509265
 20
28.347467
  0
VERTEX
  8
gto
 10
87.508755
 20
28.128516
  0
VERTEX
  8
gto
 10
87.630675
 20
28.128516
  0
VERTEX
  8
gto
 10
87.630675
 20
28.324097
  0
VERTEX
  8
gto
 10
87.714495
 20
28.423157
  0
VERTEX
  8
gto
 10
87.912616
 20
28.423157
  0
VERTEX
  8
gto
 10
87.996436
 20
28.336797
  0
VERTEX
  8
gto
 10
87.996436
 20
28.128516
  0
VERTEX
  8
gto
 10
87.915156
 20
28.049776
  0
VERTEX
  8
gto
 10
87.717035
 20
28.049776
  0
VERTEX
  8
gto
 10
87.630675
 20
28.128516
  0
VERTEX
  8
gto
 10
87.508755
 20
28.128516
  0
VERTEX
  8
gto
 10
87.510285
 20
28.092956
  0
VERTEX
  8
gto
 10
87.513835
 20
28.081276
  0
VERTEX
  8
gto
 10
87.529075
 20
28.059936
  0
VERTEX
  8
gto
 10
87.607815
 20
27.991356
  0
VERTEX
  8
gto
 10
87.398525
 20
27.767836
  0
VERTEX
  8
gto
 10
87.388365
 20
27.749045
  0
VERTEX
  8
gto
 10
87.386835
 20
27.739895
  0
VERTEX
  8
gto
 10
87.386835
 20
27.620515
  0
VERTEX
  8
gto
 10
87.508755
 20
27.620515
  0
VERTEX
  8
gto
 10
87.508755
 20
27.714495
  0
VERTEX
  8
gto
 10
87.719575
 20
27.935476
  0
VERTEX
  8
gto
 10
87.912616
 20
27.935476
  0
VERTEX
  8
gto
 10
88.120896
 20
27.714495
  0
VERTEX
  8
gto
 10
88.120896
 20
27.620515
  0
VERTEX
  8
gto
 10
87.912616
 20
27.409695
  0
VERTEX
  8
gto
 10
87.711955
 20
27.409695
  0
VERTEX
  8
gto
 10
87.508755
 20
27.620515
  0
VERTEX
  8
gto
 10
87.386835
 20
27.620515
  0
VERTEX
  8
gto
 10
87.388365
 20
27.583945
  0
VERTEX
  8
gto
 10
87.391915
 20
27.573275
  0
VERTEX
  8
gto
 10
87.407155
 20
27.554475
  0
VERTEX
  8
gto
 10
87.643375
 20
27.313175
  0
VERTEX
  8
gto
 10
87.656075
 20
27.305555
  0
VERTEX
  8
gto
 10
87.671315
 20
27.299975
  0
VERTEX
  8
gto
 10
87.686555
 20
27.297935
  0
VERTEX
  8
gto
 10
87.965956
 20
27.297935
  0
VERTEX
  8
gto
 10
87.976116
 20
27.313175
  0
VERTEX
  8
gto
 10
88.219956
 20
27.554475
  0
VERTEX
  8
gto
 10
88.237236
 20
27.582415
  0
VERTEX
  8
gto
 10
88.240276
 20
27.592575
  0
VERTEX
  8
gto
 10
88.239266
 20
27.749555
  0
VERTEX
  8
gto
 10
88.236726
 20
27.760216
  0
VERTEX
  8
gto
 10
88.225036
 20
27.777996
  0
VERTEX
  8
gto
 10
88.021836
 20
27.996436
  0
VERTEX
  8
gto
 10
88.104646
 20
28.075176
  0
VERTEX
  8
gto
 10
88.114806
 20
28.095496
  0
VERTEX
  8
gto
 10
88.114806
 20
28.370837
  0
VERTEX
  8
gto
 10
88.105656
 20
28.391157
  0
VERTEX
  8
gto
 10
87.970536
 20
28.528827
  0
VERTEX
  8
gto
 10
87.948686
 20
28.536447
  0
SEQEND
  8
gto
  0
POLYLINE
  8
gto
 62
1
 40
0.000000
 41
0.000000
 66
  1
  0
VERTEX
  8
gto
 10
89.286759
 20
28.283457
  0
VERTEX
  8
gto
 10
89.273559
 20
28.282447
  0
VERTEX
  8
gto
 10
89.253239
 20
28.273297
  0
VERTEX
  8
gto
 10
88.504437
 20
27.523995
  0
VERTEX
  8
gto
 10
88.489197
 20
27.504185
  0
VERTEX
  8
gto
 10
88.484117
 20
27.480815
  0
VERTEX
  8
gto
 10
88.489197
 20
27.458465
  0
VERTEX
  8
gto
 10
88.504437
 20
27.437635
  0
VERTEX
  8
gto
 10
88.523747
 20
27.424435
  0
VERTEX
  8
gto
 10
88.533907
 20
27.420875
  0
VERTEX
  8
gto
 10
88.557277
 20
27.420875
  0
VERTEX
  8
gto
 10
88.579117
 20
27.430015
  0
VERTEX
  8
gto
 10
89.329939
 20
28.179316
  0
VERTEX
  8
gto
 10
89.343149
 20
28.199136
  0
VERTEX
  8
gto
 10
89.346709
 20
28.210306
  0
VERTEX
  8
gto
 10
89.346709
 20
28.235706
  0
VERTEX
  8
gto
 10
89.343149
 20
28.247396
  0
VERTEX
  8
gto
 10
89.329939
 20
28.265677
  0
VERTEX
  8
gto
 10
89.310129
 20
28.278887
  0
VERTEX
  8
gto
 10
89.298959
 20
28.282447
  0
SEQEND
  8
gto
  0
POLYLINE
  8
gto
 62
1
 40
0.000000
 41
0.000000
 66
  1
  0
VERTEX
  8
gto
 10
86.548633
 20
25.833372
  0
VERTEX
  8
gto
 10
86.526793
 20
25.828802
  0
VERTEX
  8
gto
 10
86.507993
 20
25.815592
  0
VERTEX
  8
gto
 10
86.261613
 20
25.566671
  0
VERTEX
  8
gto
 10
86.248412
 20
25.546861
  0
VERTEX
  8
gto
 10
86.244852
 20
25.535681
  0
VERTEX
  8
gto
 10
86.243832
 20
25.459991
  0
VERTEX
  8
gto
 10
86.365753
 20
25.459991
  0
VERTEX
  8
gto
 10
86.365753
 20
25.500631
  0
VERTEX
  8
gto
 10
86.576573
 20
25.711451
  0
VERTEX
  8
gto
 10
86.883914
 20
25.711451
  0
VERTEX
  8
gto
 10
86.972814
 20
25.625091
  0
VERTEX
  8
gto
 10
86.972814
 20
25.419351
  0
VERTEX
  8
gto
 10
86.261613
 20
24.695449
  0
VERTEX
  8
gto
 10
86.248412
 20
24.675639
  0
VERTEX
  8
gto
 10
86.244852
 20
24.664459
  0
VERTEX
  8
gto
 10
86.244852
 20
24.640589
  0
VERTEX
  8
gto
 10
86.253993
 20
24.619249
  0
VERTEX
  8
gto
 10
86.270763
 20
24.600959
  0
VERTEX
  8
gto
 10
86.281433
 20
24.595369
  0
VERTEX
  8
gto
 10
86.304793
 20
24.591309
  0
VERTEX
  8
gto
 10
87.094734
 20
24.591309
  0
VERTEX
  8
gto
 10
87.094734
 20
24.713229
  0
VERTEX
  8
gto
 10
86.452113
 20
24.713229
  0
VERTEX
  8
gto
 10
87.076954
 20
25.350771
  0
VERTEX
  8
gto
 10
87.090164
 20
25.371601
  0
VERTEX
  8
gto
 10
87.093724
 20
25.382271
  0
VERTEX
  8
gto
 10
87.093724
 20
25.660141
  0
VERTEX
  8
gto
 10
87.084574
 20
25.681481
  0
VERTEX
  8
gto
 10
87.076954
 20
25.691131
  0
VERTEX
  8
gto
 10
86.943354
 20
25.823212
  0
VERTEX
  8
gto
 10
86.932684
 20
25.828802
  0
VERTEX
  8
gto
 10
86.909314
 20
25.833372
  0
SEQEND
  8
gto
  0
POLYLINE
  8
gto
 62
1
 40
0.000000
 41
0.000000
 66
  1
  0
VERTEX
  8
gto
 10
89.817620
 20
25.833372
  0
VERTEX
  8
gto
 10
89.794260
 20
25.828802
  0
VERTEX
  8
gto
 10
89.774440
 20
25.815592
  0
VERTEX
  8
gto
 10
89.528059
 20
25.566671
  0
VERTEX
  8
gto
 10
89.514859
 20
25.546861
  0
VERTEX
  8
gto
 10
89.511299
 20
25.535681
  0
VERTEX
  8
gto
 10
89.510279
 20
25.459991
  0
VERTEX
  8
gto
 10
89.632199
 20
25.459991
  0
VERTEX
  8
gto
 10
89.632199
 20
25.500631
  0
VERTEX
  8
gto
 10
89.843020
 20
25.711451
  0
VERTEX
  8
gto
 10
90.152900
 20
25.711451
  0
VERTEX
  8
gto
 10
90.239260
 20
25.625091
  0
VERTEX
  8
gto
 10
90.239260
 20
25.419351
  0
VERTEX
  8
gto
 10
89.528059
 20
24.695449
  0
VERTEX
  8
gto
 10
89.514859
 20
24.675639
  0
VERTEX
  8
gto
 10
89.511299
 20
24.664459
  0
VERTEX
  8
gto
 10
89.511299
 20
24.640589
  0
VERTEX
  8
gto
 10
89.520439
 20
24.619249
  0
VERTEX
  8
gto
 10
89.537209
 20
24.600959
  0
VERTEX
  8
gto
 10
89.547879
 20
24.595369
  0
VERTEX
  8
gto
 10
89.571239
 20
24.591309
  0
VERTEX
  8
gto
 10
90.361181
 20
24.591309
  0
VERTEX
  8
gto
 10
90.361181
 20
24.713229
  0
VERTEX
  8
gto
 10
89.718559
 20
24.713229
  0
VERTEX
  8
gto
 10
90.343401
 20
25.350771
  0
VERTEX
  8
gto
 10
90.356611
 20
25.371601
  0
VERTEX
  8
gto
 10
90.360171
 20
25.382271
  0
VERTEX
  8
gto
 10
90.360171
 20
25.660141
  0
VERTEX
  8
gto
 10
90.351021
 20
25.681481
  0
VERTEX
  8
gto
 10
90.343401
 20
25.691131
  0
VERTEX
  8
gto
 10
90.209800
 20
25.823212
  0
VERTEX
  8
gto
 10
90.199130
 20
25.828802
  0
VERTEX
  8
gto
 10
90.175760
 20
25.833372
  0
SEQEND
  8
gto
  0
POLYLINE
  8
gto
 62
1
 40
0.000000
 41
0.000000
 66
  1
  0
VERTEX
  8
gto
 10
90.599941
 20
25.833372
  0
VERTEX
  8
gto
 10
90.599941
 20
25.711451
  0
VERTEX
  8
gto
 10
91.328923
 20
25.711451
  0
VERTEX
  8
gto
 10
91.328923
 20
25.675891
  0
VERTEX
  8
gto
 10
90.838702
 20
25.184650
  0
VERTEX
  8
gto
 10
90.829562
 20
25.162810
  0
VERTEX
  8
gto
 10
90.828542
 20
24.591309
  0
VERTEX
  8
gto
 10
90.950462
 20
24.591309
  0
VERTEX
  8
gto
 10
90.950462
 20
25.127250
  0
VERTEX
  8
gto
 10
91.440683
 20
25.615441
  0
VERTEX
  8
gto
 10
91.449833
 20
25.637281
  0
VERTEX
  8
gto
 10
91.450843
 20
25.833372
  0
SEQEND
  8
gto
  0
POLYLINE
  8
gto
 62
1
 40
0.000000
 41
0.000000
 66
  1
  0
VERTEX
  8
gto
 10
87.620515
 20
25.830832
  0
VERTEX
  8
gto
 10
87.342135
 20
25.551941
  0
VERTEX
  8
gto
 10
87.331975
 20
25.530601
  0
VERTEX
  8
gto
 10
87.330955
 20
24.896110
  0
VERTEX
  8
gto
 10
87.452875
 20
24.896110
  0
VERTEX
  8
gto
 10
87.452875
 20
24.995170
  0
VERTEX
  8
gto
 10
87.673855
 20
25.216150
  0
VERTEX
  8
gto
 10
87.877056
 20
25.216150
  0
VERTEX
  8
gto
 10
88.082796
 20
25.005330
  0
VERTEX
  8
gto
 10
88.082796
 20
24.901190
  0
VERTEX
  8
gto
 10
87.869436
 20
24.682749
  0
VERTEX
  8
gto
 10
87.666235
 20
24.682749
  0
VERTEX
  8
gto
 10
87.452875
 20
24.896110
  0
VERTEX
  8
gto
 10
87.330955
 20
24.896110
  0
VERTEX
  8
gto
 10
87.330955
 20
24.870710
  0
VERTEX
  8
gto
 10
87.351275
 20
24.830070
  0
VERTEX
  8
gto
 10
87.606805
 20
24.570479
  0
VERTEX
  8
gto
 10
87.617475
 20
24.564889
  0
VERTEX
  8
gto
 10
87.640835
 20
24.560829
  0
VERTEX
  8
gto
 10
87.904496
 20
24.561849
  0
VERTEX
  8
gto
 10
87.915666
 20
24.564889
  0
VERTEX
  8
gto
 10
87.926336
 20
24.570479
  0
VERTEX
  8
gto
 10
88.186936
 20
24.832610
  0
VERTEX
  8
gto
 10
88.200146
 20
24.853440
  0
VERTEX
  8
gto
 10
88.203706
 20
24.864110
  0
VERTEX
  8
gto
 10
88.203706
 20
25.042920
  0
VERTEX
  8
gto
 10
88.194556
 20
25.064260
  0
VERTEX
  8
gto
 10
87.945636
 20
25.320291
  0
VERTEX
  8
gto
 10
87.925826
 20
25.333501
  0
VERTEX
  8
gto
 10
87.902456
 20
25.338071
  0
VERTEX
  8
gto
 10
87.648455
 20
25.338071
  0
VERTEX
  8
gto
 10
87.626105
 20
25.333501
  0
VERTEX
  8
gto
 10
87.605275
 20
25.320291
  0
VERTEX
  8
gto
 10
87.452875
 20
25.167890
  0
VERTEX
  8
gto
 10
87.452875
 20
25.493011
  0
VERTEX
  8
gto
 10
87.706875
 20
25.747011
  0
SEQEND
  8
gto
  0
POLYLINE
  8
gto
 62
1
 40
0.000000
 41
0.000000
 66
  1
  0
VERTEX
  8
gto
 10
89.230878
 20
25.576831
  0
VERTEX
  8
gto
 10
89.206498
 20
25.572261
  0
VERTEX
  8
gto
 10
89.197358
 20
25.566671
  0
VERTEX
  8
gto
 10
88.448557
 20
24.817370
  0
VERTEX
  8
gto
 10
88.433317
 20
24.797560
  0
VERTEX
  8
gto
 10
88.429257
 20
24.786380
  0
VERTEX
  8
gto
 10
88.428237
 20
24.774190
  0
VERTEX
  8
gto
 10
88.433317
 20
24.751840
  0
VERTEX
  8
gto
 10
88.439417
 20
24.741169
  0
VERTEX
  8
gto
 10
88.457707
 20
24.722879
  0
VERTEX
  8
gto
 10
88.478027
 20
24.714249
  0
VERTEX
  8
gto
 10
88.501397
 20
24.714249
  0
VERTEX
  8
gto
 10
88.512567
 20
24.717289
  0
VERTEX
  8
gto
 10
88.523237
 20
24.722879
  0
VERTEX
  8
gto
 10
89.274059
 20
25.472691
  0
VERTEX
  8
gto
 10
89.287269
 20
25.491991
  0
VERTEX
  8
gto
 10
89.290829
 20
25.503171
  0
VERTEX
  8
gto
 10
89.290829
 20
25.528571
  0
VERTEX
  8
gto
 10
89.281679
 20
25.550411
  0
VERTEX
  8
gto
 10
89.264919
 20
25.566671
  0
VERTEX
  8
gto
 10
89.254249
 20
25.572261
  0
SEQEND
  8
gto
  0
POLYLINE
  8
gto
 62
1
 40
0.000000
 41
0.000000
 66
  1
  0
VERTEX
  8
gto
 10
86.604513
 20
23.319277
  0
VERTEX
  8
gto
 10
86.593343
 20
23.318257
  0
VERTEX
  8
gto
 10
86.573023
 20
23.309627
  0
VERTEX
  8
gto
 10
86.317493
 20
23.052576
  0
VERTEX
  8
gto
 10
86.304293
 20
23.033266
  0
VERTEX
  8
gto
 10
86.300733
 20
23.021586
  0
VERTEX
  8
gto
 10
86.299713
 20
22.945896
  0
VERTEX
  8
gto
 10
86.421633
 20
22.945896
  0
VERTEX
  8
gto
 10
86.421633
 20
22.986536
  0
VERTEX
  8
gto
 10
86.632453
 20
23.197356
  0
VERTEX
  8
gto
 10
86.939794
 20
23.197356
  0
VERTEX
  8
gto
 10
87.028694
 20
23.110996
  0
VERTEX
  8
gto
 10
87.028694
 20
22.905256
  0
VERTEX
  8
gto
 10
86.309873
 20
22.172204
  0
VERTEX
  8
gto
 10
86.300733
 20
22.150364
  0
VERTEX
  8
gto
 10
86.300733
 20
22.126994
  0
VERTEX
  8
gto
 10
86.309873
 20
22.105664
  0
VERTEX
  8
gto
 10
86.317493
 20
22.094994
  0
VERTEX
  8
gto
 10
86.337313
 20
22.081784
  0
VERTEX
  8
gto
 10
86.348483
 20
22.078224
  0
VERTEX
  8
gto
 10
87.150614
 20
22.077214
  0
VERTEX
  8
gto
 10
87.150614
 20
22.199134
  0
VERTEX
  8
gto
 10
86.507993
 20
22.199134
  0
VERTEX
  8
gto
 10
87.132834
 20
22.836676
  0
VERTEX
  8
gto
 10
87.146044
 20
22.857506
  0
VERTEX
  8
gto
 10
87.150614
 20
22.879856
  0
VERTEX
  8
gto
 10
87.149604
 20
23.146046
  0
VERTEX
  8
gto
 10
87.140454
 20
23.167886
  0
VERTEX
  8
gto
 10
86.999234
 20
23.309627
  0
VERTEX
  8
gto
 10
86.988564
 20
23.315207
  0
VERTEX
  8
gto
 10
86.965194
 20
23.319277
  0
SEQEND
  8
gto
  0
POLYLINE
  8
gto
 62
1
 40
0.000000
 41
0.000000
 66
  1
  0
VERTEX
  8
gto
 10
87.935476
 20
23.319277
  0
VERTEX
  8
gto
 10
87.922276
 20
23.318257
  0
VERTEX
  8
gto
 10
87.901956
 20
23.309627
  0
VERTEX
  8
gto
 10
87.407155
 20
22.806196
  0
VERTEX
  8
gto
 10
87.391915
 20
22.785366
  0
VERTEX
  8
gto
 10
87.386835
 20
22.763016
  0
VERTEX
  8
gto
 10
87.386835
 20
22.572515
  0
VERTEX
  8
gto
 10
87.508755
 20
22.572515
  0
VERTEX
  8
gto
 10
87.508755
 20
22.737615
  0
VERTEX
  8
gto
 10
87.963416
 20
23.197356
  0
VERTEX
  8
gto
 10
88.001516
 20
23.197356
  0
VERTEX
  8
gto
 10
88.001516
 20
22.572515
  0
VERTEX
  8
gto
 10
87.386835
 20
22.572515
  0
VERTEX
  8
gto
 10
87.388365
 20
22.499365
  0
VERTEX
  8
gto
 10
87.391915
 20
22.488185
  0
VERTEX
  8
gto
 10
87.407155
 20
22.468375
  0
VERTEX
  8
gto
 10
87.426465
 20
22.455165
  0
VERTEX
  8
gto
 10
87.436625
 20
22.451605
  0
VERTEX
  8
gto
 10
88.001516
 20
22.450595
  0
VERTEX
  8
gto
 10
88.001516
 20
22.034034
  0
VERTEX
  8
gto
 10
88.123436
 20
22.034034
  0
VERTEX
  8
gto
 10
88.123436
 20
22.450595
  0
VERTEX
  8
gto
 10
88.237736
 20
22.450595
  0
VERTEX
  8
gto
 10
88.237736
 20
22.572515
  0
VERTEX
  8
gto
 10
88.123436
 20
22.572515
  0
VERTEX
  8
gto
 10
88.122426
 20
23.270507
  0
VERTEX
  8
gto
 10
88.113276
 20
23.292347
  0
VERTEX
  8
gto
 10
88.096516
 20
23.309627
  0
VERTEX
  8
gto
 10
88.085846
 20
23.315207
  0
VERTEX
  8
gto
 10
88.062476
 20
23.319277
  0
SEQEND
  8
gto
  0
POLYLINE
  8
gto
 62
1
 40
0.000000
 41
0.000000
 66
  1
  0
VERTEX
  8
gto
 10
89.873500
 20
23.319277
  0
VERTEX
  8
gto
 10
89.861310
 20
23.318257
  0
VERTEX
  8
gto
 10
89.839980
 20
23.309627
  0
VERTEX
  8
gto
 10
89.583939
 20
23.052576
  0
VERTEX
  8
gto
 10
89.570739
 20
23.033266
  0
VERTEX
  8
gto
 10
89.567179
 20
23.021586
  0
VERTEX
  8
gto
 10
89.566159
 20
22.945896
  0
VERTEX
  8
gto
 10
89.688079
 20
22.945896
  0
VERTEX
  8
gto
 10
89.688079
 20
22.986536
  0
VERTEX
  8
gto
 10
89.898900
 20
23.197356
  0
VERTEX
  8
gto
 10
90.208780
 20
23.197356
  0
VERTEX
  8
gto
 10
90.295141
 20
23.110996
  0
VERTEX
  8
gto
 10
90.295141
 20
22.905256
  0
VERTEX
  8
gto
 10
89.576319
 20
22.172204
  0
VERTEX
  8
gto
 10
89.567179
 20
22.150364
  0
VERTEX
  8
gto
 10
89.567179
 20
22.126994
  0
VERTEX
  8
gto
 10
89.576319
 20
22.105664
  0
VERTEX
  8
gto
 10
89.583939
 20
22.094994
  0
VERTEX
  8
gto
 10
89.603759
 20
22.081784
  0
VERTEX
  8
gto
 10
89.614929
 20
22.078224
  0
VERTEX
  8
gto
 10
90.417061
 20
22.077214
  0
VERTEX
  8
gto
 10
90.417061
 20
22.199134
  0
VERTEX
  8
gto
 10
89.774440
 20
22.199134
  0
VERTEX
  8
gto
 10
90.399281
 20
22.836676
  0
VERTEX
  8
gto
 10
90.412491
 20
22.857506
  0
VERTEX
  8
gto
 10
90.417061
 20
22.879856
  0
VERTEX
  8
gto
 10
90.416051
 20
23.146046
  0
VERTEX
  8
gto
 10
90.406901
 20
23.167886
  0
VERTEX
  8
gto
 10
90.265681
 20
23.309627
  0
VERTEX
  8
gto
 10
90.255011
 20
23.315207
  0
VERTEX
  8
gto
 10
90.231640
 20
23.319277
  0
SEQEND
  8
gto
  0
POLYLINE
  8
gto
 62
1
 40
0.000000
 41
0.000000
 66
  1
  0
VERTEX
  8
gto
 10
90.655821
 20
23.319277
  0
VERTEX
  8
gto
 10
90.655821
 20
22.826516
  0
VERTEX
  8
gto
 10
91.176522
 20
22.826516
  0
VERTEX
  8
gto
 10
91.384803
 20
22.618235
  0
VERTEX
  8
gto
 10
91.384803
 20
22.412495
  0
VERTEX
  8
gto
 10
91.176522
 20
22.201674
  0
VERTEX
  8
gto
 10
90.660901
 20
22.201674
  0
VERTEX
  8
gto
 10
90.660901
 20
22.079754
  0
VERTEX
  8
gto
 10
91.212592
 20
22.080764
  0
VERTEX
  8
gto
 10
91.234442
 20
22.089914
  0
VERTEX
  8
gto
 10
91.488943
 20
22.343915
  0
VERTEX
  8
gto
 10
91.502153
 20
22.363725
  0
VERTEX
  8
gto
 10
91.505713
 20
22.374905
  0
VERTEX
  8
gto
 10
91.505713
 20
22.656845
  0
VERTEX
  8
gto
 10
91.502153
 20
22.668015
  0
VERTEX
  8
gto
 10
91.496563
 20
22.677165
  0
VERTEX
  8
gto
 10
91.235962
 20
22.937256
  0
VERTEX
  8
gto
 10
91.214122
 20
22.947416
  0
VERTEX
  8
gto
 10
90.777742
 20
22.948436
  0
VERTEX
  8
gto
 10
90.777742
 20
23.197356
  0
VERTEX
  8
gto
 10
91.506723
 20
23.197356
  0
VERTEX
  8
gto
 10
91.506723
 20
23.319277
  0
SEQEND
  8
gto
  0
POLYLINE
  8
gto
 62
1
 40
0.000000
 41
0.000000
 66
  1
  0
VERTEX
  8
gto
 10
89.286759
 20
23.062736
  0
VERTEX
  8
gto
 10
89.262889
 20
23.058666
  0
VERTEX
  8
gto
 10
89.253239
 20
23.053086
  0
VERTEX
  8
gto
 10
88.504437
 20
22.303275
  0
VERTEX
  8
gto
 10
88.489197
 20
22.283465
  0
VERTEX
  8
gto
 10
88.484117
 20
22.260095
  0
VERTEX
  8
gto
 10
88.489197
 20
22.237744
  0
VERTEX
  8
gto
 10
88.504437
 20
22.216914
  0
VERTEX
  8
gto
 10
88.523747
 20
22.203704
  0
VERTEX
  8
gto
 10
88.533907
 20
22.200144
  0
VERTEX
  8
gto
 10
88.557277
 20
22.200144
  0
VERTEX
  8
gto
 10
88.579117
 20
22.209294
  0
VERTEX
  8
gto
 10
89.329939
 20
22.958596
  0
VERTEX
  8
gto
 10
89.343149
 20
22.978406
  0
VERTEX
  8
gto
 10
89.346709
 20
22.989586
  0
VERTEX
  8
gto
 10
89.346709
 20
23.014986
  0
VERTEX
  8
gto
 10
89.337559
 20
23.036826
  0
VERTEX
  8
gto
 10
89.320799
 20
23.053086
  0
VERTEX
  8
gto
 10
89.298959
 20
23.061716
  0
SEQEND
  8
gto
  0
POLYLINE
  8
gto
 62
1
 40
0.000000
 41
0.000000
 66
  1
  0
VERTEX
  8
gto
 10
86.604513
 20
20.792982
  0
VERTEX
  8
gto
 10
86.593343
 20
20.791972
  0
VERTEX
  8
gto
 10
86.573023
 20
20.782822
  0
VERTEX
  8
gto
 10
86.317493
 20
20.526281
  0
VERTEX
  8
gto
 10
86.304293
 20
20.506471
  0
VERTEX
  8
gto
 10
86.300733
 20
20.495291
  0
VERTEX
  8
gto
 10
86.299713
 20
20.419601
  0
VERTEX
  8
gto
 10
86.421633
 20
20.419601
  0
VERTEX
  8
gto
 10
86.421633
 20
20.460241
  0
VERTEX
  8
gto
 10
86.632453
 20
20.671061
  0
VERTEX
  8
gto
 10
86.939794
 20
20.671061
  0
VERTEX
  8
gto
 10
87.028694
 20
20.584701
  0
VERTEX
  8
gto
 10
87.028694
 20
20.378961
  0
VERTEX
  8
gto
 10
86.317493
 20
19.655059
  0
VERTEX
  8
gto
 10
86.304293
 20
19.635249
  0
VERTEX
  8
gto
 10
86.300733
 20
19.624079
  0
VERTEX
  8
gto
 10
86.300733
 20
19.600709
  0
VERTEX
  8
gto
 10
86.309873
 20
19.578859
  0
VERTEX
  8
gto
 10
86.317493
 20
19.568699
  0
VERTEX
  8
gto
 10
86.337313
 20
19.555499
  0
VERTEX
  8
gto
 10
86.348483
 20
19.551939
  0
VERTEX
  8
gto
 10
87.150614
 20
19.550919
  0
VERTEX
  8
gto
 10
87.150614
 20
19.672839
  0
VERTEX
  8
gto
 10
86.507993
 20
19.672839
  0
VERTEX
  8
gto
 10
87.132834
 20
20.310381
  0
VERTEX
  8
gto
 10
87.146044
 20
20.331211
  0
VERTEX
  8
gto
 10
87.150614
 20
20.353561
  0
VERTEX
  8
gto
 10
87.149604
 20
20.619761
  0
VERTEX
  8
gto
 10
87.140454
 20
20.641091
  0
VERTEX
  8
gto
 10
87.132834
 20
20.650741
  0
VERTEX
  8
gto
 10
86.999234
 20
20.782822
  0
VERTEX
  8
gto
 10
86.977394
 20
20.791972
  0
SEQEND
  8
gto
  0
POLYLINE
  8
gto
 62
1
 40
0.000000
 41
0.000000
 66
  1
  0
VERTEX
  8
gto
 10
87.694175
 20
20.792982
  0
VERTEX
  8
gto
 10
87.671825
 20
20.788412
  0
VERTEX
  8
gto
 10
87.650995
 20
20.775202
  0
VERTEX
  8
gto
 10
87.398525
 20
20.516631
  0
VERTEX
  8
gto
 10
87.391915
 20
20.506471
  0
VERTEX
  8
gto
 10
87.386835
 20
20.483101
  0
VERTEX
  8
gto
 10
87.386835
 20
20.419601
  0
VERTEX
  8
gto
 10
87.508755
 20
20.419601
  0
VERTEX
  8
gto
 10
87.508755
 20
20.460241
  0
VERTEX
  8
gto
 10
87.722115
 20
20.671061
  0
VERTEX
  8
gto
 10
88.029456
 20
20.671061
  0
VERTEX
  8
gto
 10
88.118356
 20
20.584701
  0
VERTEX
  8
gto
 10
88.118356
 20
20.378961
  0
VERTEX
  8
gto
 10
87.398525
 20
19.645409
  0
VERTEX
  8
gto
 10
87.391915
 20
19.635249
  0
VERTEX
  8
gto
 10
87.386835
 20
19.611879
  0
VERTEX
  8
gto
 10
87.391915
 20
19.589529
  0
VERTEX
  8
gto
 10
87.407155
 20
19.568699
  0
VERTEX
  8
gto
 10
87.426465
 20
19.555499
  0
VERTEX
  8
gto
 10
87.436625
 20
19.551939
  0
VERTEX
  8
gto
 10
88.240276
 20
19.550919
  0
VERTEX
  8
gto
 10
88.240276
 20
19.672839
  0
VERTEX
  8
gto
 10
87.597655
 20
19.672839
  0
VERTEX
  8
gto
 10
88.229106
 20
20.320541
  0
VERTEX
  8
gto
 10
88.239266
 20
20.342391
  0
VERTEX
  8
gto
 10
88.239266
 20
20.619761
  0
VERTEX
  8
gto
 10
88.229106
 20
20.641091
  0
VERTEX
  8
gto
 10
88.098036
 20
20.775202
  0
VERTEX
  8
gto
 10
88.077216
 20
20.788412
  0
VERTEX
  8
gto
 10
88.054856
 20
20.792982
  0
SEQEND
  8
gto
  0
POLYLINE
  8
gto
 62
1
 40
0.000000
 41
0.000000
 66
  1
  0
VERTEX
  8
gto
 10
89.873500
 20
20.792982
  0
VERTEX
  8
gto
 10
89.861310
 20
20.791972
  0
VERTEX
  8
gto
 10
89.839980
 20
20.782822
  0
VERTEX
  8
gto
 10
89.830320
 20
20.775202
  0
VERTEX
  8
gto
 10
89.583939
 20
20.526281
  0
VERTEX
  8
gto
 10
89.570739
 20
20.506471
  0
VERTEX
  8
gto
 10
89.567179
 20
20.495291
  0
VERTEX
  8
gto
 10
89.566159
 20
20.419601
  0
VERTEX
  8
gto
 10
89.688079
 20
20.419601
  0
VERTEX
  8
gto
 10
89.688079
 20
20.460241
  0
VERTEX
  8
gto
 10
89.898900
 20
20.671061
  0
VERTEX
  8
gto
 10
90.208780
 20
20.671061
  0
VERTEX
  8
gto
 10
90.295141
 20
20.584701
  0
VERTEX
  8
gto
 10
90.295141
 20
20.378961
  0
VERTEX
  8
gto
 10
89.583939
 20
19.655059
  0
VERTEX
  8
gto
 10
89.570739
 20
19.635249
  0
VERTEX
  8
gto
 10
89.567179
 20
19.624079
  0
VERTEX
  8
gto
 10
89.567179
 20
19.600709
  0
VERTEX
  8
gto
 10
89.576319
 20
19.578859
  0
VERTEX
  8
gto
 10
89.583939
 20
19.568699
  0
VERTEX
  8
gto
 10
89.603759
 20
19.555499
  0
VERTEX
  8
gto
 10
89.614929
 20
19.551939
  0
VERTEX
  8
gto
 10
90.417061
 20
19.550919
  0
VERTEX
  8
gto
 10
90.417061
 20
19.672839
  0
VERTEX
  8
gto
 10
89.774440
 20
19.672839
  0
VERTEX
  8
gto
 10
90.399281
 20
20.310381
  0
VERTEX
  8
gto
 10
90.412491
 20
20.331211
  0
VERTEX
  8
gto
 10
90.417061
 20
20.353561
  0
VERTEX
  8
gto
 10
90.416051
 20
20.619761
  0
VERTEX
  8
gto
 10
90.406901
 20
20.641091
  0
VERTEX
  8
gto
 10
90.399281
 20
20.650741
  0
VERTEX
  8
gto
 10
90.265681
 20
20.782822
  0
VERTEX
  8
gto
 10
90.243840
 20
20.791972
  0
SEQEND
  8
gto
  0
POLYLINE
  8
gto
 62
1
 40
0.000000
 41
0.000000
 66
  1
  0
VERTEX
  8
gto
 10
90.780282
 20
20.792982
  0
VERTEX
  8
gto
 10
90.780282
 20
20.671061
  0
VERTEX
  8
gto
 10
91.384803
 20
20.671061
  0
VERTEX
  8
gto
 10
91.384803
 20
20.627881
  0
VERTEX
  8
gto
 10
91.025652
 20
20.269741
  0
VERTEX
  8
gto
 10
91.019042
 20
20.259081
  0
VERTEX
  8
gto
 10
91.013962
 20
20.236720
  0
VERTEX
  8
gto
 10
91.019042
 20
20.213360
  0
VERTEX
  8
gto
 10
91.034282
 20
20.193540
  0
VERTEX
  8
gto
 10
91.053592
 20
20.180340
  0
VERTEX
  8
gto
 10
91.063752
 20
20.176780
  0
VERTEX
  8
gto
 10
91.171442
 20
20.175760
  0
VERTEX
  8
gto
 10
91.382263
 20
19.962400
  0
VERTEX
  8
gto
 10
91.382263
 20
19.876040
  0
VERTEX
  8
gto
 10
91.181602
 20
19.675379
  0
VERTEX
  8
gto
 10
90.856482
 20
19.675379
  0
VERTEX
  8
gto
 10
90.739641
 20
19.792220
  0
VERTEX
  8
gto
 10
90.655821
 20
19.705859
  0
VERTEX
  8
gto
 10
90.799592
 20
19.563619
  0
VERTEX
  8
gto
 10
90.819912
 20
19.554479
  0
VERTEX
  8
gto
 10
91.218182
 20
19.554479
  0
VERTEX
  8
gto
 10
91.238502
 20
19.563619
  0
VERTEX
  8
gto
 10
91.486403
 20
19.810000
  0
VERTEX
  8
gto
 10
91.499613
 20
19.829820
  0
VERTEX
  8
gto
 10
91.503173
 20
19.840990
  0
VERTEX
  8
gto
 10
91.503173
 20
20.000000
  0
VERTEX
  8
gto
 10
91.494023
 20
20.021330
  0
VERTEX
  8
gto
 10
91.486403
 20
20.030980
  0
VERTEX
  8
gto
 10
91.232402
 20
20.284471
  0
VERTEX
  8
gto
 10
91.222242
 20
20.289561
  0
VERTEX
  8
gto
 10
91.217162
 20
20.290061
  0
VERTEX
  8
gto
 10
91.496563
 20
20.570991
  0
VERTEX
  8
gto
 10
91.505713
 20
20.592831
  0
VERTEX
  8
gto
 10
91.506723
 20
20.792982
  0
SEQEND
  8
gto
  0
POLYLINE
  8
gto
 62
1
 40
0.000000
 41
0.000000
 66
  1
  0
VERTEX
  8
gto
 10
89.286759
 20
20.536441
  0
VERTEX
  8
gto
 10
89.273559
 20
20.535431
  0
VERTEX
  8
gto
 10
89.253239
 20
20.526281
  0
VERTEX
  8
gto
 10
88.504437
 20
19.776980
  0
VERTEX
  8
gto
 10
88.489197
 20
19.757170
  0
VERTEX
  8
gto
 10
88.484117
 20
19.733799
  0
VERTEX
  8
gto
 10
88.489197
 20
19.711449
  0
VERTEX
  8
gto
 10
88.504437
 20
19.690619
  0
VERTEX
  8
gto
 10
88.523747
 20
19.677419
  0
VERTEX
  8
gto
 10
88.533907
 20
19.673859
  0
VERTEX
  8
gto
 10
88.557277
 20
19.673859
  0
VERTEX
  8
gto
 10
88.579117
 20
19.682999
  0
VERTEX
  8
gto
 10
89.329939
 20
20.432301
  0
VERTEX
  8
gto
 10
89.343149
 20
20.452111
  0
VERTEX
  8
gto
 10
89.346709
 20
20.463291
  0
VERTEX
  8
gto
 10
89.346709
 20
20.488691
  0
VERTEX
  8
gto
 10
89.343149
 20
20.500381
  0
VERTEX
  8
gto
 10
89.329939
 20
20.518661
  0
VERTEX
  8
gto
 10
89.310129
 20
20.531871
  0
VERTEX
  8
gto
 10
89.298959
 20
20.535431
  0
SEQEND
  8
gto
  0
POLYLINE
  8
gto
 62
1
 40
0.000000
 41
0.000000
 66
  1
  0
VERTEX
  8
gto
 10
86.965194
 20
18.309877
  0
VERTEX
  8
gto
 10
86.943864
 20
18.305307
  0
VERTEX
  8
gto
 10
86.924554
 20
18.292097
  0
VERTEX
  8
gto
 10
86.678173
 20
18.043176
  0
VERTEX
  8
gto
 10
86.664973
 20
18.023366
  0
VERTEX
  8
gto
 10
86.661413
 20
18.012186
  0
VERTEX
  8
gto
 10
86.660393
 20
17.936496
  0
VERTEX
  8
gto
 10
86.782314
 20
17.936496
  0
VERTEX
  8
gto
 10
86.782314
 20
17.977136
  0
VERTEX
  8
gto
 10
86.993134
 20
18.187956
  0
VERTEX
  8
gto
 10
87.300475
 20
18.187956
  0
VERTEX
  8
gto
 10
87.389375
 20
18.101596
  0
VERTEX
  8
gto
 10
87.389375
 20
17.895856
  0
VERTEX
  8
gto
 10
86.678173
 20
17.171954
  0
VERTEX
  8
gto
 10
86.664973
 20
17.152144
  0
VERTEX
  8
gto
 10
86.661413
 20
17.140964
  0
VERTEX
  8
gto
 10
86.661413
 20
17.117094
  0
VERTEX
  8
gto
 10
86.670553
 20
17.095754
  0
VERTEX
  8
gto
 10
86.687323
 20
17.077464
  0
VERTEX
  8
gto
 10
86.697993
 20
17.071874
  0
VERTEX
  8
gto
 10
86.721353
 20
17.067814
  0
VERTEX
  8
gto
 10
87.511295
 20
17.067814
  0
VERTEX
  8
gto
 10
87.511295
 20
17.189734
  0
VERTEX
  8
gto
 10
86.868674
 20
17.189734
  0
VERTEX
  8
gto
 10
87.493515
 20
17.827276
  0
VERTEX
  8
gto
 10
87.506725
 20
17.848106
  0
VERTEX
  8
gto
 10
87.510285
 20
17.858776
  0
VERTEX
  8
gto
 10
87.510285
 20
18.136646
  0
VERTEX
  8
gto
 10
87.501135
 20
18.157986
  0
VERTEX
  8
gto
 10
87.493515
 20
18.167636
  0
VERTEX
  8
gto
 10
87.359915
 20
18.299717
  0
VERTEX
  8
gto
 10
87.349245
 20
18.305307
  0
VERTEX
  8
gto
 10
87.325875
 20
18.309877
  0
SEQEND
  8
gto
  0
POLYLINE
  8
gto
 62
1
 40
0.000000
 41
0.000000
 66
  1
  0
VERTEX
  8
gto
 10
88.062476
 20
18.309877
  0
VERTEX
  8
gto
 10
88.037586
 20
18.305307
  0
VERTEX
  8
gto
 10
88.019296
 20
18.292097
  0
VERTEX
  8
gto
 10
87.759206
 20
18.033016
  0
VERTEX
  8
gto
 10
87.752596
 20
18.023876
  0
VERTEX
  8
gto
 10
87.747515
 20
17.999996
  0
VERTEX
  8
gto
 10
87.747515
 20
17.400555
  0
VERTEX
  8
gto
 10
87.869436
 20
17.400555
  0
VERTEX
  8
gto
 10
87.869436
 20
17.974596
  0
VERTEX
  8
gto
 10
88.085336
 20
18.187956
  0
VERTEX
  8
gto
 10
88.263137
 20
18.187956
  0
VERTEX
  8
gto
 10
88.479037
 20
17.974596
  0
VERTEX
  8
gto
 10
88.479037
 20
17.398015
  0
VERTEX
  8
gto
 10
88.268217
 20
17.189734
  0
VERTEX
  8
gto
 10
88.082796
 20
17.189734
  0
VERTEX
  8
gto
 10
87.869436
 20
17.400555
  0
VERTEX
  8
gto
 10
87.747515
 20
17.400555
  0
VERTEX
  8
gto
 10
87.749045
 20
17.364995
  0
VERTEX
  8
gto
 10
87.752596
 20
17.353815
  0
VERTEX
  8
gto
 10
87.767836
 20
17.334515
  0
VERTEX
  8
gto
 10
88.022856
 20
17.077464
  0
VERTEX
  8
gto
 10
88.032506
 20
17.071874
  0
VERTEX
  8
gto
 10
88.057396
 20
17.067814
  0
VERTEX
  8
gto
 10
88.307337
 20
17.068834
  0
VERTEX
  8
gto
 10
88.318007
 20
17.071874
  0
VERTEX
  8
gto
 10
88.336797
 20
17.085594
  0
VERTEX
  8
gto
 10
88.589787
 20
17.337565
  0
VERTEX
  8
gto
 10
88.599947
 20
17.359405
  0
VERTEX
  8
gto
 10
88.599947
 20
18.011676
  0
VERTEX
  8
gto
 10
88.595877
 20
18.022856
  0
VERTEX
  8
gto
 10
88.589787
 20
18.031996
  0
VERTEX
  8
gto
 10
88.331717
 20
18.292097
  0
VERTEX
  8
gto
 10
88.311907
 20
18.305307
  0
VERTEX
  8
gto
 10
88.288537
 20
18.309877
  0
SEQEND
  8
gto
  0
POLYLINE
  8
gto
 62
1
 40
0.000000
 41
0.000000
 66
  1
  0
VERTEX
  8
gto
 10
90.234180
 20
18.309877
  0
VERTEX
  8
gto
 10
90.210820
 20
18.305307
  0
VERTEX
  8
gto
 10
90.191000
 20
18.292097
  0
VERTEX
  8
gto
 10
89.944620
 20
18.043176
  0
VERTEX
  8
gto
 10
89.931420
 20
18.023366
  0
VERTEX
  8
gto
 10
89.927860
 20
18.012186
  0
VERTEX
  8
gto
 10
89.926840
 20
17.936496
  0
VERTEX
  8
gto
 10
90.048760
 20
17.936496
  0
VERTEX
  8
gto
 10
90.048760
 20
17.977136
  0
VERTEX
  8
gto
 10
90.259581
 20
18.187956
  0
VERTEX
  8
gto
 10
90.569461
 20
18.187956
  0
VERTEX
  8
gto
 10
90.655821
 20
18.101596
  0
VERTEX
  8
gto
 10
90.655821
 20
17.895856
  0
VERTEX
  8
gto
 10
89.944620
 20
17.171954
  0
VERTEX
  8
gto
 10
89.931420
 20
17.152144
  0
VERTEX
  8
gto
 10
89.927860
 20
17.140964
  0
VERTEX
  8
gto
 10
89.927860
 20
17.117094
  0
VERTEX
  8
gto
 10
89.937000
 20
17.095754
  0
VERTEX
  8
gto
 10
89.953770
 20
17.077464
  0
VERTEX
  8
gto
 10
89.964440
 20
17.071874
  0
VERTEX
  8
gto
 10
89.987800
 20
17.067814
  0
VERTEX
  8
gto
 10
90.777742
 20
17.067814
  0
VERTEX
  8
gto
 10
90.777742
 20
17.189734
  0
VERTEX
  8
gto
 10
90.135120
 20
17.189734
  0
VERTEX
  8
gto
 10
90.759962
 20
17.827276
  0
VERTEX
  8
gto
 10
90.773172
 20
17.848106
  0
VERTEX
  8
gto
 10
90.776732
 20
17.858776
  0
VERTEX
  8
gto
 10
90.776732
 20
18.136646
  0
VERTEX
  8
gto
 10
90.767582
 20
18.157986
  0
VERTEX
  8
gto
 10
90.759962
 20
18.167636
  0
VERTEX
  8
gto
 10
90.626361
 20
18.299717
  0
VERTEX
  8
gto
 10
90.615691
 20
18.305307
  0
VERTEX
  8
gto
 10
90.592321
 20
18.309877
  0
SEQEND
  8
gto
  0
POLYLINE
  8
gto
 62
1
 40
0.000000
 41
0.000000
 66
  1
  0
VERTEX
  8
gto
 10
91.445763
 20
18.304797
  0
VERTEX
  8
gto
 10
91.425443
 20
18.299717
  0
VERTEX
  8
gto
 10
91.405123
 20
18.284477
  0
VERTEX
  8
gto
 10
91.123182
 20
17.992376
  0
VERTEX
  8
gto
 10
91.209542
 20
17.913636
  0
VERTEX
  8
gto
 10
91.389883
 20
18.101596
  0
VERTEX
  8
gto
 10
91.389883
 20
17.067814
  0
VERTEX
  8
gto
 10
91.506723
 20
17.067814
  0
VERTEX
  8
gto
 10
91.506723
 20
18.243836
  0
VERTEX
  8
gto
 10
91.504183
 20
18.261107
  0
VERTEX
  8
gto
 10
91.497073
 20
18.275837
  0
VERTEX
  8
gto
 10
91.485393
 20
18.288037
  0
SEQEND
  8
gto
  0
POLYLINE
  8
gto
 62
1
 40
0.000000
 41
0.000000
 66
  1
  0
VERTEX
  8
gto
 10
89.647439
 20
18.053336
  0
VERTEX
  8
gto
 10
89.623569
 20
18.048766
  0
VERTEX
  8
gto
 10
89.613919
 20
18.043176
  0
VERTEX
  8
gto
 10
88.865118
 20
17.293875
  0
VERTEX
  8
gto
 10
88.849878
 20
17.274065
  0
VERTEX
  8
gto
 10
88.844798
 20
17.250695
  0
VERTEX
  8
gto
 10
88.849878
 20
17.228344
  0
VERTEX
  8
gto
 10
88.865118
 20
17.207514
  0
VERTEX
  8
gto
 10
88.874268
 20
17.199384
  0
VERTEX
  8
gto
 10
88.894588
 20
17.190754
  0
VERTEX
  8
gto
 10
88.917958
 20
17.190754
  0
VERTEX
  8
gto
 10
88.929128
 20
17.193794
  0
VERTEX
  8
gto
 10
88.939798
 20
17.199384
  0
VERTEX
  8
gto
 10
89.690619
 20
17.949196
  0
VERTEX
  8
gto
 10
89.703829
 20
17.968496
  0
VERTEX
  8
gto
 10
89.707389
 20
17.979676
  0
VERTEX
  8
gto
 10
89.707389
 20
18.005076
  0
VERTEX
  8
gto
 10
89.698239
 20
18.026916
  0
VERTEX
  8
gto
 10
89.681479
 20
18.043176
  0
VERTEX
  8
gto
 10
89.670809
 20
18.048766
  0
SEQEND
  8
gto
  0
POLYLINE
  8
gto
 62
1
 40
0.000000
 41
0.000000
 66
  1
  0
VERTEX
  8
gto
 10
88.171696
 20
17.870456
  0
VERTEX
  8
gto
 10
88.146806
 20
17.865886
  0
VERTEX
  8
gto
 10
88.128516
 20
17.852676
  0
VERTEX
  8
gto
 10
88.115316
 20
17.832866
  0
VERTEX
  8
gto
 10
88.111756
 20
17.821686
  0
VERTEX
  8
gto
 10
88.111756
 20
17.547875
  0
VERTEX
  8
gto
 10
88.120896
 20
17.526535
  0
VERTEX
  8
gto
 10
88.137156
 20
17.509265
  0
VERTEX
  8
gto
 10
88.146806
 20
17.503675
  0
VERTEX
  8
gto
 10
88.171696
 20
17.499615
  0
VERTEX
  8
gto
 10
88.194056
 20
17.503675
  0
VERTEX
  8
gto
 10
88.214876
 20
17.517395
  0
VERTEX
  8
gto
 10
88.228086
 20
17.536695
  0
VERTEX
  8
gto
 10
88.231646
 20
17.547875
  0
VERTEX
  8
gto
 10
88.231646
 20
17.821686
  0
VERTEX
  8
gto
 10
88.222496
 20
17.843026
  0
VERTEX
  8
gto
 10
88.214876
 20
17.852676
  0
VERTEX
  8
gto
 10
88.194056
 20
17.865886
  0
SEQEND
  8
gto
  0
POLYLINE
  8
gto
 62
1
 40
0.000000
 41
0.000000
 66
  1
  0
VERTEX
  8
gto
 10
90.963162
 20
15.826262
  0
VERTEX
  8
gto
 10
90.949962
 20
15.825242
  0
VERTEX
  8
gto
 10
90.929642
 20
15.816102
  0
VERTEX
  8
gto
 10
90.665981
 20
15.551941
  0
VERTEX
  8
gto
 10
90.660401
 20
15.542291
  0
VERTEX
  8
gto
 10
90.656841
 20
15.530601
  0
VERTEX
  8
gto
 10
90.655821
 20
15.282701
  0
VERTEX
  8
gto
 10
90.777742
 20
15.282701
  0
VERTEX
  8
gto
 10
90.777742
 20
15.493521
  0
VERTEX
  8
gto
 10
90.988562
 20
15.704341
  0
VERTEX
  8
gto
 10
91.295903
 20
15.704341
  0
VERTEX
  8
gto
 10
91.384803
 20
15.615441
  0
VERTEX
  8
gto
 10
91.384803
 20
15.536701
  0
VERTEX
  8
gto
 10
91.054602
 20
15.203960
  0
VERTEX
  8
gto
 10
90.856482
 20
15.203960
  0
VERTEX
  8
gto
 10
90.777742
 20
15.282701
  0
VERTEX
  8
gto
 10
90.655821
 20
15.282701
  0
VERTEX
  8
gto
 10
90.656841
 20
15.246630
  0
VERTEX
  8
gto
 10
90.660401
 20
15.234950
  0
VERTEX
  8
gto
 10
90.673601
 20
15.216660
  0
VERTEX
  8
gto
 10
90.799592
 20
15.092200
  0
VERTEX
  8
gto
 10
90.819912
 20
15.083050
  0
VERTEX
  8
gto
 10
91.090672
 20
15.083050
  0
VERTEX
  8
gto
 10
91.112522
 20
15.092200
  0
VERTEX
  8
gto
 10
91.384803
 20
15.363981
  0
VERTEX
  8
gto
 10
91.384803
 20
14.795020
  0
VERTEX
  8
gto
 10
91.260343
 20
14.670559
  0
VERTEX
  8
gto
 10
91.346703
 20
14.584199
  0
VERTEX
  8
gto
 10
91.488943
 20
14.726439
  0
VERTEX
  8
gto
 10
91.502153
 20
14.746249
  0
VERTEX
  8
gto
 10
91.505713
 20
14.757430
  0
VERTEX
  8
gto
 10
91.505713
 20
15.650491
  0
VERTEX
  8
gto
 10
91.496563
 20
15.672331
  0
VERTEX
  8
gto
 10
91.356363
 20
15.816102
  0
VERTEX
  8
gto
 10
91.334513
 20
15.825242
  0
SEQEND
  8
gto
  0
POLYLINE
  8
gto
 62
1
 40
0.000000
 41
0.000000
 66
  1
  0
VERTEX
  8
gto
 10
87.671315
 20
15.823722
  0
VERTEX
  8
gto
 10
87.659125
 20
15.817622
  0
VERTEX
  8
gto
 10
87.643375
 20
15.803402
  0
VERTEX
  8
gto
 10
87.522985
 20
15.662171
  0
VERTEX
  8
gto
 10
87.517905
 20
15.647951
  0
VERTEX
  8
gto
 10
87.509265
 20
15.634231
  0
VERTEX
  8
gto
 10
87.508755
 20
15.414781
  0
VERTEX
  8
gto
 10
87.630675
 20
15.414781
  0
VERTEX
  8
gto
 10
87.630675
 20
15.610361
  0
VERTEX
  8
gto
 10
87.714495
 20
15.709421
  0
VERTEX
  8
gto
 10
87.912616
 20
15.709421
  0
VERTEX
  8
gto
 10
87.996436
 20
15.623061
  0
VERTEX
  8
gto
 10
87.996436
 20
15.414781
  0
VERTEX
  8
gto
 10
87.915156
 20
15.336041
  0
VERTEX
  8
gto
 10
87.717035
 20
15.336041
  0
VERTEX
  8
gto
 10
87.630675
 20
15.414781
  0
VERTEX
  8
gto
 10
87.508755
 20
15.414781
  0
VERTEX
  8
gto
 10
87.510285
 20
15.379731
  0
VERTEX
  8
gto
 10
87.513835
 20
15.368041
  0
VERTEX
  8
gto
 10
87.529075
 20
15.346201
  0
VERTEX
  8
gto
 10
87.607815
 20
15.277621
  0
VERTEX
  8
gto
 10
87.398525
 20
15.054100
  0
VERTEX
  8
gto
 10
87.388365
 20
15.035300
  0
VERTEX
  8
gto
 10
87.386835
 20
15.026160
  0
VERTEX
  8
gto
 10
87.386835
 20
14.906780
  0
VERTEX
  8
gto
 10
87.508755
 20
14.906780
  0
VERTEX
  8
gto
 10
87.508755
 20
15.000760
  0
VERTEX
  8
gto
 10
87.719575
 20
15.221740
  0
VERTEX
  8
gto
 10
87.912616
 20
15.221740
  0
VERTEX
  8
gto
 10
88.120896
 20
15.000760
  0
VERTEX
  8
gto
 10
88.120896
 20
14.906780
  0
VERTEX
  8
gto
 10
87.912616
 20
14.695959
  0
VERTEX
  8
gto
 10
87.711955
 20
14.695959
  0
VERTEX
  8
gto
 10
87.508755
 20
14.906780
  0
VERTEX
  8
gto
 10
87.386835
 20
14.906780
  0
VERTEX
  8
gto
 10
87.388365
 20
14.870200
  0
VERTEX
  8
gto
 10
87.391915
 20
14.860040
  0
VERTEX
  8
gto
 10
87.407155
 20
14.840740
  0
VERTEX
  8
gto
 10
87.643375
 20
14.599439
  0
VERTEX
  8
gto
 10
87.656075
 20
14.591819
  0
VERTEX
  8
gto
 10
87.671315
 20
14.586229
  0
VERTEX
  8
gto
 10
87.686555
 20
14.584199
  0
VERTEX
  8
gto
 10
87.965956
 20
14.584199
  0
VERTEX
  8
gto
 10
87.976116
 20
14.599439
  0
VERTEX
  8
gto
 10
88.219956
 20
14.840740
  0
VERTEX
  8
gto
 10
88.237236
 20
14.868680
  0
VERTEX
  8
gto
 10
88.240276
 20
14.878840
  0
VERTEX
  8
gto
 10
88.239266
 20
15.035810
  0
VERTEX
  8
gto
 10
88.236726
 20
15.046480
  0
VERTEX
  8
gto
 10
88.225036
 20
15.064260
  0
VERTEX
  8
gto
 10
88.021836
 20
15.282701
  0
VERTEX
  8
gto
 10
88.104646
 20
15.361441
  0
VERTEX
  8
gto
 10
88.114806
 20
15.381761
  0
VERTEX
  8
gto
 10
88.114806
 20
15.657091
  0
VERTEX
  8
gto
 10
88.105656
 20
15.677411
  0
VERTEX
  8
gto
 10
87.978656
 20
15.808482
  0
VERTEX
  8
gto
 10
87.960376
 20
15.820162
  0
VERTEX
  8
gto
 10
87.935476
 20
15.823722
  0
SEQEND
  8
gto
  0
POLYLINE
  8
gto
 62
1
 40
0.000000
 41
0.000000
 66
  1
  0
VERTEX
  8
gto
 10
86.728973
 20
15.821182
  0
VERTEX
  8
gto
 10
86.718813
 20
15.820162
  0
VERTEX
  8
gto
 10
86.698493
 20
15.810002
  0
VERTEX
  8
gto
 10
86.406393
 20
15.508761
  0
VERTEX
  8
gto
 10
86.492753
 20
15.430021
  0
VERTEX
  8
gto
 10
86.673093
 20
15.617981
  0
VERTEX
  8
gto
 10
86.673093
 20
14.584199
  0
VERTEX
  8
gto
 10
86.787394
 20
14.584199
  0
VERTEX
  8
gto
 10
86.787394
 20
15.760222
  0
VERTEX
  8
gto
 10
86.785364
 20
15.778002
  0
VERTEX
  8
gto
 10
86.778764
 20
15.792732
  0
VERTEX
  8
gto
 10
86.767584
 20
15.804412
  0
VERTEX
  8
gto
 10
86.744723
 20
15.817112
  0
SEQEND
  8
gto
  0
POLYLINE
  8
gto
 62
1
 40
0.000000
 41
0.000000
 66
  1
  0
VERTEX
  8
gto
 10
89.997960
 20
15.821182
  0
VERTEX
  8
gto
 10
89.987800
 20
15.820162
  0
VERTEX
  8
gto
 10
89.967480
 20
15.810002
  0
VERTEX
  8
gto
 10
89.672839
 20
15.508761
  0
VERTEX
  8
gto
 10
89.759200
 20
15.430021
  0
VERTEX
  8
gto
 10
89.939540
 20
15.617981
  0
VERTEX
  8
gto
 10
89.939540
 20
14.584199
  0
VERTEX
  8
gto
 10
90.056380
 20
14.584199
  0
VERTEX
  8
gto
 10
90.056380
 20
15.760222
  0
VERTEX
  8
gto
 10
90.053840
 20
15.778002
  0
VERTEX
  8
gto
 10
90.046730
 20
15.792732
  0
VERTEX
  8
gto
 10
90.035050
 20
15.804412
  0
SEQEND
  8
gto
  0
POLYLINE
  8
gto
 62
1
 40
0.000000
 41
0.000000
 66
  1
  0
VERTEX
  8
gto
 10
89.286759
 20
15.569721
  0
VERTEX
  8
gto
 10
89.273559
 20
15.568701
  0
VERTEX
  8
gto
 10
89.253239
 20
15.559561
  0
VERTEX
  8
gto
 10
88.504437
 20
14.810260
  0
VERTEX
  8
gto
 10
88.489197
 20
14.790450
  0
VERTEX
  8
gto
 10
88.484117
 20
14.767080
  0
VERTEX
  8
gto
 10
88.489197
 20
14.744729
  0
VERTEX
  8
gto
 10
88.504437
 20
14.723899
  0
VERTEX
  8
gto
 10
88.523747
 20
14.710689
  0
VERTEX
  8
gto
 10
88.533907
 20
14.707129
  0
VERTEX
  8
gto
 10
88.557277
 20
14.707129
  0
VERTEX
  8
gto
 10
88.579117
 20
14.716279
  0
VERTEX
  8
gto
 10
89.329939
 20
15.465581
  0
VERTEX
  8
gto
 10
89.343149
 20
15.485391
  0
VERTEX
  8
gto
 10
89.346709
 20
15.496571
  0
VERTEX
  8
gto
 10
89.346709
 20
15.521971
  0
VERTEX
  8
gto
 10
89.337559
 20
15.543811
  0
VERTEX
  8
gto
 10
89.320799
 20
15.559561
  0
VERTEX
  8
gto
 10
89.298959
 20
15.568701
  0
SEQEND
  8
gto
  0
POLYLINE
  8
gto
 62
1
 40
0.000000
 41
0.000000
 66
  1
  0
VERTEX
  8
gto
 10
90.599941
 20
13.119626
  0
VERTEX
  8
gto
 10
90.599941
 20
12.997706
  0
VERTEX
  8
gto
 10
91.328923
 20
12.997706
  0
VERTEX
  8
gto
 10
91.328923
 20
12.962146
  0
VERTEX
  8
gto
 10
90.838702
 20
12.470915
  0
VERTEX
  8
gto
 10
90.833122
 20
12.461265
  0
VERTEX
  8
gto
 10
90.829562
 20
12.449575
  0
VERTEX
  8
gto
 10
90.828542
 20
11.877564
  0
VERTEX
  8
gto
 10
90.950462
 20
11.877564
  0
VERTEX
  8
gto
 10
90.950462
 20
12.413505
  0
VERTEX
  8
gto
 10
91.440683
 20
12.901696
  0
VERTEX
  8
gto
 10
91.449833
 20
12.923546
  0
VERTEX
  8
gto
 10
91.450843
 20
13.119626
  0
SEQEND
  8
gto
  0
POLYLINE
  8
gto
 62
1
 40
0.000000
 41
0.000000
 66
  1
  0
VERTEX
  8
gto
 10
87.620515
 20
13.117086
  0
VERTEX
  8
gto
 10
87.342135
 20
12.838196
  0
VERTEX
  8
gto
 10
87.331975
 20
12.816866
  0
VERTEX
  8
gto
 10
87.330955
 20
12.182364
  0
VERTEX
  8
gto
 10
87.452875
 20
12.182364
  0
VERTEX
  8
gto
 10
87.452875
 20
12.281425
  0
VERTEX
  8
gto
 10
87.673855
 20
12.502405
  0
VERTEX
  8
gto
 10
87.877056
 20
12.502405
  0
VERTEX
  8
gto
 10
88.082796
 20
12.291585
  0
VERTEX
  8
gto
 10
88.082796
 20
12.187444
  0
VERTEX
  8
gto
 10
87.869436
 20
11.969004
  0
VERTEX
  8
gto
 10
87.666235
 20
11.969004
  0
VERTEX
  8
gto
 10
87.452875
 20
12.182364
  0
VERTEX
  8
gto
 10
87.330955
 20
12.182364
  0
VERTEX
  8
gto
 10
87.330955
 20
12.156964
  0
VERTEX
  8
gto
 10
87.351275
 20
12.116324
  0
VERTEX
  8
gto
 10
87.606805
 20
11.857244
  0
VERTEX
  8
gto
 10
87.628645
 20
11.848104
  0
VERTEX
  8
gto
 10
87.904496
 20
11.848104
  0
VERTEX
  8
gto
 10
87.926336
 20
11.857244
  0
VERTEX
  8
gto
 10
88.186936
 20
12.118864
  0
VERTEX
  8
gto
 10
88.200146
 20
12.139694
  0
VERTEX
  8
gto
 10
88.204716
 20
12.162044
  0
VERTEX
  8
gto
 10
88.203706
 20
12.329185
  0
VERTEX
  8
gto
 10
88.194556
 20
12.350515
  0
VERTEX
  8
gto
 10
87.945636
 20
12.606545
  0
VERTEX
  8
gto
 10
87.925826
 20
12.619755
  0
VERTEX
  8
gto
 10
87.914656
 20
12.623315
  0
VERTEX
  8
gto
 10
87.648455
 20
12.624325
  0
VERTEX
  8
gto
 10
87.626105
 20
12.619755
  0
VERTEX
  8
gto
 10
87.605275
 20
12.606545
  0
VERTEX
  8
gto
 10
87.452875
 20
12.454145
  0
VERTEX
  8
gto
 10
87.452875
 20
12.779266
  0
VERTEX
  8
gto
 10
87.706875
 20
13.033266
  0
SEQEND
  8
gto
  0
POLYLINE
  8
gto
 62
1
 40
0.000000
 41
0.000000
 66
  1
  0
VERTEX
  8
gto
 10
86.673093
 20
13.114546
  0
VERTEX
  8
gto
 10
86.652773
 20
13.109466
  0
VERTEX
  8
gto
 10
86.632453
 20
13.094226
  0
VERTEX
  8
gto
 10
86.350513
 20
12.802126
  0
VERTEX
  8
gto
 10
86.436873
 20
12.723385
  0
VERTEX
  8
gto
 10
86.617213
 20
12.911346
  0
VERTEX
  8
gto
 10
86.617213
 20
11.877564
  0
VERTEX
  8
gto
 10
86.731513
 20
11.877564
  0
VERTEX
  8
gto
 10
86.731513
 20
13.053586
  0
VERTEX
  8
gto
 10
86.729483
 20
13.071366
  0
VERTEX
  8
gto
 10
86.722883
 20
13.086106
  0
VERTEX
  8
gto
 10
86.711703
 20
13.097786
  0
VERTEX
  8
gto
 10
86.688843
 20
13.109976
  0
SEQEND
  8
gto
  0
POLYLINE
  8
gto
 62
1
 40
0.000000
 41
0.000000
 66
  1
  0
VERTEX
  8
gto
 10
89.942080
 20
13.114546
  0
VERTEX
  8
gto
 10
89.921760
 20
13.109466
  0
VERTEX
  8
gto
 10
89.901440
 20
13.094226
  0
VERTEX
  8
gto
 10
89.616959
 20
12.802126
  0
VERTEX
  8
gto
 10
89.703319
 20
12.723385
  0
VERTEX
  8
gto
 10
89.883660
 20
12.911346
  0
VERTEX
  8
gto
 10
89.883660
 20
11.877564
  0
VERTEX
  8
gto
 10
90.000500
 20
11.877564
  0
VERTEX
  8
gto
 10
90.000500
 20
13.053586
  0
VERTEX
  8
gto
 10
89.997960
 20
13.071366
  0
VERTEX
  8
gto
 10
89.990850
 20
13.086106
  0
VERTEX
  8
gto
 10
89.979170
 20
13.097786
  0
SEQEND
  8
gto
  0
POLYLINE
  8
gto
 62
1
 40
0.000000
 41
0.000000
 66
  1
  0
VERTEX
  8
gto
 10
89.230878
 20
12.863086
  0
VERTEX
  8
gto
 10
89.217678
 20
12.862076
  0
VERTEX
  8
gto
 10
89.206498
 20
12.858516
  0
VERTEX
  8
gto
 10
89.197358
 20
12.852926
  0
VERTEX
  8
gto
 10
88.448557
 20
12.103624
  0
VERTEX
  8
gto
 10
88.433317
 20
12.083814
  0
VERTEX
  8
gto
 10
88.429257
 20
12.072644
  0
VERTEX
  8
gto
 10
88.428237
 20
12.060444
  0
VERTEX
  8
gto
 10
88.433317
 20
12.038094
  0
VERTEX
  8
gto
 10
88.439417
 20
12.027424
  0
VERTEX
  8
gto
 10
88.457707
 20
12.009644
  0
VERTEX
  8
gto
 10
88.478027
 20
12.000504
  0
VERTEX
  8
gto
 10
88.501397
 20
12.000504
  0
VERTEX
  8
gto
 10
88.523237
 20
12.009644
  0
VERTEX
  8
gto
 10
89.274059
 20
12.758946
  0
VERTEX
  8
gto
 10
89.287269
 20
12.778766
  0
VERTEX
  8
gto
 10
89.290829
 20
12.789936
  0
VERTEX
  8
gto
 10
89.290829
 20
12.815336
  0
VERTEX
  8
gto
 10
89.287269
 20
12.827026
  0
VERTEX
  8
gto
 10
89.274059
 20
12.845306
  0
VERTEX
  8
gto
 10
89.254249
 20
12.858516
  0
VERTEX
  8
gto
 10
89.243078
 20
12.862076
  0
SEQEND
  8
gto
  0
POLYLINE
  8
gto
 62
1
 40
0.000000
 41
0.000000
 66
  1
  0
VERTEX
  8
gto
 10
87.935476
 20
10.606041
  0
VERTEX
  8
gto
 10
87.911606
 20
10.601471
  0
VERTEX
  8
gto
 10
87.901956
 20
10.595881
  0
VERTEX
  8
gto
 10
87.407155
 20
10.092960
  0
VERTEX
  8
gto
 10
87.391915
 20
10.071620
  0
VERTEX
  8
gto
 10
87.386835
 20
10.049780
  0
VERTEX
  8
gto
 10
87.386835
 20
9.859280
  0
VERTEX
  8
gto
 10
87.508755
 20
9.859280
  0
VERTEX
  8
gto
 10
87.508755
 20
10.024380
  0
VERTEX
  8
gto
 10
87.963416
 20
10.484121
  0
VERTEX
  8
gto
 10
88.001516
 20
10.484121
  0
VERTEX
  8
gto
 10
88.001516
 20
9.859280
  0
VERTEX
  8
gto
 10
87.386835
 20
9.859280
  0
VERTEX
  8
gto
 10
87.388365
 20
9.785620
  0
VERTEX
  8
gto
 10
87.391915
 20
9.774440
  0
VERTEX
  8
gto
 10
87.407155
 20
9.755140
  0
VERTEX
  8
gto
 10
87.416305
 20
9.747009
  0
VERTEX
  8
gto
 10
87.436625
 20
9.738379
  0
VERTEX
  8
gto
 10
88.001516
 20
9.737359
  0
VERTEX
  8
gto
 10
88.001516
 20
9.320799
  0
VERTEX
  8
gto
 10
88.123436
 20
9.320799
  0
VERTEX
  8
gto
 10
88.123436
 20
9.737359
  0
VERTEX
  8
gto
 10
88.237736
 20
9.737359
  0
VERTEX
  8
gto
 10
88.237736
 20
9.859280
  0
VERTEX
  8
gto
 10
88.123436
 20
9.859280
  0
VERTEX
  8
gto
 10
88.122426
 20
10.557271
  0
VERTEX
  8
gto
 10
88.113276
 20
10.578611
  0
VERTEX
  8
gto
 10
88.096516
 20
10.595881
  0
VERTEX
  8
gto
 10
88.085846
 20
10.601471
  0
VERTEX
  8
gto
 10
88.062476
 20
10.606041
  0
SEQEND
  8
gto
  0
POLYLINE
  8
gto
 62
1
 40
0.000000
 41
0.000000
 66
  1
  0
VERTEX
  8
gto
 10
90.655821
 20
10.606041
  0
VERTEX
  8
gto
 10
90.655821
 20
10.113280
  0
VERTEX
  8
gto
 10
91.176522
 20
10.113280
  0
VERTEX
  8
gto
 10
91.384803
 20
9.905000
  0
VERTEX
  8
gto
 10
91.384803
 20
9.699259
  0
VERTEX
  8
gto
 10
91.176522
 20
9.488439
  0
VERTEX
  8
gto
 10
90.660901
 20
9.488439
  0
VERTEX
  8
gto
 10
90.660901
 20
9.366519
  0
VERTEX
  8
gto
 10
91.212592
 20
9.367539
  0
VERTEX
  8
gto
 10
91.224282
 20
9.370579
  0
VERTEX
  8
gto
 10
91.234442
 20
9.376169
  0
VERTEX
  8
gto
 10
91.496563
 20
9.639819
  0
VERTEX
  8
gto
 10
91.505713
 20
9.661159
  0
VERTEX
  8
gto
 10
91.505713
 20
9.943100
  0
VERTEX
  8
gto
 10
91.502153
 20
9.954280
  0
VERTEX
  8
gto
 10
91.496563
 20
9.963420
  0
VERTEX
  8
gto
 10
91.235962
 20
10.223520
  0
VERTEX
  8
gto
 10
91.225292
 20
10.230120
  0
VERTEX
  8
gto
 10
91.201922
 20
10.235200
  0
VERTEX
  8
gto
 10
90.777742
 20
10.235200
  0
VERTEX
  8
gto
 10
90.777742
 20
10.484121
  0
VERTEX
  8
gto
 10
91.506723
 20
10.484121
  0
VERTEX
  8
gto
 10
91.506723
 20
10.606041
  0
SEQEND
  8
gto
  0
POLYLINE
  8
gto
 62
1
 40
0.000000
 41
0.000000
 66
  1
  0
VERTEX
  8
gto
 10
86.728973
 20
10.600961
  0
VERTEX
  8
gto
 10
86.708653
 20
10.595881
  0
VERTEX
  8
gto
 10
86.688333
 20
10.580641
  0
VERTEX
  8
gto
 10
86.406393
 20
10.288541
  0
VERTEX
  8
gto
 10
86.492753
 20
10.209800
  0
VERTEX
  8
gto
 10
86.673093
 20
10.397761
  0
VERTEX
  8
gto
 10
86.673093
 20
9.363979
  0
VERTEX
  8
gto
 10
86.787394
 20
9.363979
  0
VERTEX
  8
gto
 10
86.787394
 20
10.540001
  0
VERTEX
  8
gto
 10
86.785364
 20
10.557271
  0
VERTEX
  8
gto
 10
86.778764
 20
10.572001
  0
VERTEX
  8
gto
 10
86.767584
 20
10.584201
  0
VERTEX
  8
gto
 10
86.733553
 20
10.600451
  0
SEQEND
  8
gto
  0
POLYLINE
  8
gto
 62
1
 40
0.000000
 41
0.000000
 66
  1
  0
VERTEX
  8
gto
 10
89.997960
 20
10.600961
  0
VERTEX
  8
gto
 10
89.977640
 20
10.595881
  0
VERTEX
  8
gto
 10
89.957320
 20
10.580641
  0
VERTEX
  8
gto
 10
89.672839
 20
10.288541
  0
VERTEX
  8
gto
 10
89.759200
 20
10.209800
  0
VERTEX
  8
gto
 10
89.939540
 20
10.397761
  0
VERTEX
  8
gto
 10
89.939540
 20
9.363979
  0
VERTEX
  8
gto
 10
90.056380
 20
9.363979
  0
VERTEX
  8
gto
 10
90.056380
 20
10.540001
  0
VERTEX
  8
gto
 10
90.053840
 20
10.557271
  0
VERTEX
  8
gto
 10
90.046730
 20
10.572001
  0
VERTEX
  8
gto
 10
90.035050
 20
10.584201
  0
SEQEND
  8
gto
  0
POLYLINE
  8
gto
 62
1
 40
0.000000
 41
0.000000
 66
  1
  0
VERTEX
  8
gto
 10
89.286759
 20
10.349501
  0
VERTEX
  8
gto
 10
89.262889
 20
10.344931
  0
VERTEX
  8
gto
 10
89.253239
 20
10.339341
  0
VERTEX
  8
gto
 10
88.504437
 20
9.590039
  0
VERTEX
  8
gto
 10
88.489197
 20
9.570229
  0
VERTEX
  8
gto
 10
88.484117
 20
9.546859
  0
VERTEX
  8
gto
 10
88.489197
 20
9.524509
  0
VERTEX
  8
gto
 10
88.504437
 20
9.503679
  0
VERTEX
  8
gto
 10
88.513587
 20
9.495549
  0
VERTEX
  8
gto
 10
88.533907
 20
9.486919
  0
VERTEX
  8
gto
 10
88.557277
 20
9.486919
  0
VERTEX
  8
gto
 10
88.568447
 20
9.489959
  0
VERTEX
  8
gto
 10
88.579117
 20
9.495549
  0
VERTEX
  8
gto
 10
89.329939
 20
10.245360
  0
VERTEX
  8
gto
 10
89.343149
 20
10.264661
  0
VERTEX
  8
gto
 10
89.346709
 20
10.275841
  0
VERTEX
  8
gto
 10
89.346709
 20
10.301241
  0
VERTEX
  8
gto
 10
89.337559
 20
10.323081
  0
VERTEX
  8
gto
 10
89.320799
 20
10.339341
  0
VERTEX
  8
gto
 10
89.310129
 20
10.344931
  0
SEQEND
  8
gto
  0
POLYLINE
  8
gto
 62
1
 40
0.000000
 41
0.000000
 66
  1
  0
VERTEX
  8
gto
 10
96.198112
 20
5.780032
  0
VERTEX
  8
gto
 10
96.172212
 20
5.775462
  0
VERTEX
  8
gto
 10
96.162552
 20
5.769872
  0
VERTEX
  8
gto
 10
95.911092
 20
5.520951
  0
VERTEX
  8
gto
 10
95.904492
 20
5.512311
  0
VERTEX
  8
gto
 10
95.896872
 20
5.489451
  0
VERTEX
  8
gto
 10
95.896872
 20
4.958090
  0
VERTEX
  8
gto
 10
95.906012
 20
4.936750
  0
VERTEX
  8
gto
 10
95.913632
 20
4.926590
  0
VERTEX
  8
gto
 10
96.166112
 20
4.678179
  0
VERTEX
  8
gto
 10
96.187452
 20
4.670559
  0
VERTEX
  8
gto
 10
96.566413
 20
4.670049
  0
VERTEX
  8
gto
 10
96.591813
 20
4.674109
  0
VERTEX
  8
gto
 10
96.602483
 20
4.679699
  0
VERTEX
  8
gto
 10
96.612133
 20
4.687829
  0
VERTEX
  8
gto
 10
96.623313
 20
4.708149
  0
VERTEX
  8
gto
 10
96.627373
 20
4.728469
  0
VERTEX
  8
gto
 10
96.627373
 20
5.038350
  0
VERTEX
  8
gto
 10
96.756914
 20
5.038350
  0
VERTEX
  8
gto
 10
96.756914
 20
5.160270
  0
VERTEX
  8
gto
 10
96.261613
 20
5.160270
  0
VERTEX
  8
gto
 10
96.261613
 20
5.038350
  0
VERTEX
  8
gto
 10
96.505453
 20
5.038350
  0
VERTEX
  8
gto
 10
96.505453
 20
4.791970
  0
VERTEX
  8
gto
 10
96.223512
 20
4.791970
  0
VERTEX
  8
gto
 10
96.017772
 20
4.997710
  0
VERTEX
  8
gto
 10
96.017772
 20
5.449831
  0
VERTEX
  8
gto
 10
96.223512
 20
5.658111
  0
VERTEX
  8
gto
 10
96.424173
 20
5.658111
  0
VERTEX
  8
gto
 10
96.525773
 20
5.553971
  0
VERTEX
  8
gto
 10
96.614673
 20
5.637791
  0
VERTEX
  8
gto
 10
96.492753
 20
5.762252
  0
VERTEX
  8
gto
 10
96.472433
 20
5.775462
  0
VERTEX
  8
gto
 10
96.447033
 20
5.780032
  0
SEQEND
  8
gto
  0
POLYLINE
  8
gto
 62
1
 40
0.000000
 41
0.000000
 66
  1
  0
VERTEX
  8
gto
 10
96.977894
 20
5.780032
  0
VERTEX
  8
gto
 10
96.977894
 20
4.667509
  0
VERTEX
  8
gto
 10
97.102354
 20
4.667509
  0
VERTEX
  8
gto
 10
97.102354
 20
5.597151
  0
VERTEX
  8
gto
 10
97.722115
 20
4.972310
  0
VERTEX
  8
gto
 10
97.722115
 20
4.667509
  0
VERTEX
  8
gto
 10
97.844036
 20
4.667509
  0
VERTEX
  8
gto
 10
97.844036
 20
5.780032
  0
VERTEX
  8
gto
 10
97.722115
 20
5.780032
  0
VERTEX
  8
gto
 10
97.722115
 20
5.160270
  0
VERTEX
  8
gto
 10
97.102354
 20
5.780032
  0
SEQEND
  8
gto
  0
POLYLINE
  8
gto
 62
1
 40
0.000000
 41
0.000000
 66
  1
  0
VERTEX
  8
gto
 10
98.072636
 20
5.780032
  0
VERTEX
  8
gto
 10
98.072636
 20
5.658111
  0
VERTEX
  8
gto
 10
98.600957
 20
5.658111
  0
VERTEX
  8
gto
 10
98.811778
 20
5.444751
  0
VERTEX
  8
gto
 10
98.811778
 20
4.997710
  0
VERTEX
  8
gto
 10
98.600957
 20
4.789430
  0
VERTEX
  8
gto
 10
98.321557
 20
4.789430
  0
VERTEX
  8
gto
 10
98.321557
 20
5.658111
  0
VERTEX
  8
gto
 10
98.197096
 20
5.658111
  0
VERTEX
  8
gto
 10
98.197096
 20
4.786890
  0
VERTEX
  8
gto
 10
98.072636
 20
4.786890
  0
VERTEX
  8
gto
 10
98.072636
 20
4.664969
  0
VERTEX
  8
gto
 10
98.637537
 20
4.665989
  0
VERTEX
  8
gto
 10
98.659377
 20
4.676149
  0
VERTEX
  8
gto
 10
98.922018
 20
4.938270
  0
VERTEX
  8
gto
 10
98.928618
 20
4.949450
  0
VERTEX
  8
gto
 10
98.933698
 20
4.974850
  0
VERTEX
  8
gto
 10
98.933698
 20
5.470151
  0
VERTEX
  8
gto
 10
98.928618
 20
5.493521
  0
VERTEX
  8
gto
 10
98.913378
 20
5.513331
  0
VERTEX
  8
gto
 10
98.660397
 20
5.768352
  0
VERTEX
  8
gto
 10
98.650747
 20
5.774952
  0
VERTEX
  8
gto
 10
98.628897
 20
5.780032
  0
SEQEND
  8
gto
  0
POLYLINE
  8
gto
 62
1
 40
0.000000
 41
0.000000
 66
  1
  0
VERTEX
  8
gto
 10
89.738879
 20
7.202434
  0
VERTEX
  8
gto
 10
89.738879
 20
6.478533
  0
VERTEX
  8
gto
 10
89.860800
 20
6.478533
  0
VERTEX
  8
gto
 10
89.860800
 20
7.080514
  0
VERTEX
  8
gto
 10
89.903980
 20
7.080514
  0
VERTEX
  8
gto
 10
90.251961
 20
6.729993
  0
VERTEX
  8
gto
 10
90.272791
 20
6.716273
  0
VERTEX
  8
gto
 10
90.295141
 20
6.712213
  0
VERTEX
  8
gto
 10
90.318511
 20
6.716273
  0
VERTEX
  8
gto
 10
90.329181
 20
6.721863
  0
VERTEX
  8
gto
 10
90.345941
 20
6.739133
  0
VERTEX
  8
gto
 10
90.355091
 20
6.760474
  0
VERTEX
  8
gto
 10
90.356101
 20
6.867154
  0
VERTEX
  8
gto
 10
90.569461
 20
7.080514
  0
VERTEX
  8
gto
 10
90.655821
 20
7.080514
  0
VERTEX
  8
gto
 10
90.856482
 20
6.877314
  0
VERTEX
  8
gto
 10
90.856482
 20
6.552193
  0
VERTEX
  8
gto
 10
90.739641
 20
6.437893
  0
VERTEX
  8
gto
 10
90.826002
 20
6.351533
  0
VERTEX
  8
gto
 10
90.968242
 20
6.495293
  0
VERTEX
  8
gto
 10
90.977392
 20
6.516633
  0
VERTEX
  8
gto
 10
90.977392
 20
6.914904
  0
VERTEX
  8
gto
 10
90.968242
 20
6.936244
  0
VERTEX
  8
gto
 10
90.960622
 20
6.945894
  0
VERTEX
  8
gto
 10
90.712721
 20
7.190754
  0
VERTEX
  8
gto
 10
90.702051
 20
7.197354
  0
VERTEX
  8
gto
 10
90.678681
 20
7.202434
  0
VERTEX
  8
gto
 10
90.544061
 20
7.202434
  0
VERTEX
  8
gto
 10
90.520701
 20
7.197354
  0
VERTEX
  8
gto
 10
90.500881
 20
7.182114
  0
VERTEX
  8
gto
 10
90.247390
 20
6.930654
  0
VERTEX
  8
gto
 10
90.242310
 20
6.920494
  0
VERTEX
  8
gto
 10
90.241800
 20
6.915414
  0
VERTEX
  8
gto
 10
89.960880
 20
7.192274
  0
VERTEX
  8
gto
 10
89.950210
 20
7.197864
  0
VERTEX
  8
gto
 10
89.926840
 20
7.202434
  0
SEQEND
  8
gto
  0
POLYLINE
  8
gto
 62
1
 40
0.000000
 41
0.000000
 66
  1
  0
VERTEX
  8
gto
 10
89.865880
 20
6.122932
  0
VERTEX
  8
gto
 10
89.865880
 20
6.001012
  0
VERTEX
  8
gto
 10
90.038600
 20
6.001012
  0
VERTEX
  8
gto
 10
90.765042
 20
5.686051
  0
VERTEX
  8
gto
 10
90.038600
 20
5.378711
  0
VERTEX
  8
gto
 10
89.865880
 20
5.378711
  0
VERTEX
  8
gto
 10
89.865880
 20
5.256791
  0
VERTEX
  8
gto
 10
90.074160
 20
5.256791
  0
VERTEX
  8
gto
 10
90.945382
 20
5.627631
  0
VERTEX
  8
gto
 10
90.962152
 20
5.637791
  0
VERTEX
  8
gto
 10
90.973832
 20
5.651001
  0
VERTEX
  8
gto
 10
90.980942
 20
5.666751
  0
VERTEX
  8
gto
 10
90.983482
 20
5.686051
  0
VERTEX
  8
gto
 10
90.980942
 20
5.704341
  0
VERTEX
  8
gto
 10
90.973832
 20
5.720091
  0
VERTEX
  8
gto
 10
90.962152
 20
5.732281
  0
VERTEX
  8
gto
 10
90.945382
 20
5.741931
  0
VERTEX
  8
gto
 10
90.076700
 20
6.117852
  0
VERTEX
  8
gto
 10
90.051300
 20
6.122932
  0
SEQEND
  8
gto
  0
POLYLINE
  8
gto
 62
1
 40
0.000000
 41
0.000000
 66
  1
  0
VERTEX
  8
gto
 10
89.738879
 20
5.025650
  0
VERTEX
  8
gto
 10
89.738879
 20
4.299209
  0
VERTEX
  8
gto
 10
89.860800
 20
4.299209
  0
VERTEX
  8
gto
 10
89.860800
 20
4.903730
  0
VERTEX
  8
gto
 10
89.903980
 20
4.903730
  0
VERTEX
  8
gto
 10
90.251961
 20
4.550669
  0
VERTEX
  8
gto
 10
90.272791
 20
4.536949
  0
VERTEX
  8
gto
 10
90.295141
 20
4.532889
  0
VERTEX
  8
gto
 10
90.318511
 20
4.536949
  0
VERTEX
  8
gto
 10
90.329181
 20
4.542539
  0
VERTEX
  8
gto
 10
90.345941
 20
4.560829
  0
VERTEX
  8
gto
 10
90.355091
 20
4.582169
  0
VERTEX
  8
gto
 10
90.356101
 20
4.690369
  0
VERTEX
  8
gto
 10
90.569461
 20
4.901190
  0
VERTEX
  8
gto
 10
90.655821
 20
4.901190
  0
VERTEX
  8
gto
 10
90.856482
 20
4.700529
  0
VERTEX
  8
gto
 10
90.856482
 20
4.375409
  0
VERTEX
  8
gto
 10
90.739641
 20
4.258569
  0
VERTEX
  8
gto
 10
90.826002
 20
4.174748
  0
VERTEX
  8
gto
 10
90.960622
 20
4.306829
  0
VERTEX
  8
gto
 10
90.973832
 20
4.327659
  0
VERTEX
  8
gto
 10
90.977392
 20
4.338329
  0
VERTEX
  8
gto
 10
90.977392
 20
4.735579
  0
VERTEX
  8
gto
 10
90.968242
 20
4.756920
  0
VERTEX
  8
gto
 10
90.960622
 20
4.766570
  0
VERTEX
  8
gto
 10
90.712721
 20
5.012950
  0
VERTEX
  8
gto
 10
90.702051
 20
5.018540
  0
VERTEX
  8
gto
 10
90.678681
 20
5.023110
  0
VERTEX
  8
gto
 10
90.544061
 20
5.023110
  0
VERTEX
  8
gto
 10
90.520701
 20
5.018540
  0
VERTEX
  8
gto
 10
90.500881
 20
5.005330
  0
VERTEX
  8
gto
 10
90.247390
 20
4.751330
  0
VERTEX
  8
gto
 10
90.242310
 20
4.741169
  0
VERTEX
  8
gto
 10
90.241800
 20
4.736089
  0
VERTEX
  8
gto
 10
89.960880
 20
5.015490
  0
VERTEX
  8
gto
 10
89.950210
 20
5.021080
  0
VERTEX
  8
gto
 10
89.926840
 20
5.025650
  0
SEQEND
  8
gto
  0
POLYLINE
  8
gto
 62
1
 40
0.000000
 41
0.000000
 66
  1
  0
VERTEX
  8
gto
 10
87.601725
 20
7.212594
  0
VERTEX
  8
gto
 10
87.578355
 20
7.207514
  0
VERTEX
  8
gto
 10
87.558545
 20
7.192274
  0
VERTEX
  8
gto
 10
87.303015
 20
6.938784
  0
VERTEX
  8
gto
 10
87.292855
 20
6.918464
  0
VERTEX
  8
gto
 10
87.291845
 20
6.600453
  0
VERTEX
  8
gto
 10
87.413765
 20
6.600453
  0
VERTEX
  8
gto
 10
87.413765
 20
6.879854
  0
VERTEX
  8
gto
 10
87.627125
 20
7.090674
  0
VERTEX
  8
gto
 10
88.074166
 20
7.090674
  0
VERTEX
  8
gto
 10
88.282447
 20
6.879854
  0
VERTEX
  8
gto
 10
88.282447
 20
6.600453
  0
VERTEX
  8
gto
 10
87.291845
 20
6.600453
  0
VERTEX
  8
gto
 10
87.291845
 20
6.351533
  0
VERTEX
  8
gto
 10
87.413765
 20
6.351533
  0
VERTEX
  8
gto
 10
87.413765
 20
6.475993
  0
VERTEX
  8
gto
 10
88.284987
 20
6.475993
  0
VERTEX
  8
gto
 10
88.284987
 20
6.351533
  0
VERTEX
  8
gto
 10
88.406907
 20
6.351533
  0
VERTEX
  8
gto
 10
88.406907
 20
6.905254
  0
VERTEX
  8
gto
 10
88.401827
 20
6.927094
  0
VERTEX
  8
gto
 10
88.386587
 20
6.948434
  0
VERTEX
  8
gto
 10
88.133096
 20
7.200914
  0
VERTEX
  8
gto
 10
88.122426
 20
7.207514
  0
VERTEX
  8
gto
 10
88.097026
 20
7.212594
  0
SEQEND
  8
gto
  0
POLYLINE
  8
gto
 62
1
 40
0.000000
 41
0.000000
 66
  1
  0
VERTEX
  8
gto
 10
87.291845
 20
6.122932
  0
VERTEX
  8
gto
 10
87.291845
 20
6.001012
  0
VERTEX
  8
gto
 10
87.911606
 20
6.001012
  0
VERTEX
  8
gto
 10
87.291845
 20
5.381251
  0
VERTEX
  8
gto
 10
87.291845
 20
5.256791
  0
VERTEX
  8
gto
 10
88.404367
 20
5.256791
  0
VERTEX
  8
gto
 10
88.404367
 20
5.381251
  0
VERTEX
  8
gto
 10
87.474725
 20
5.381251
  0
VERTEX
  8
gto
 10
88.099566
 20
6.001012
  0
VERTEX
  8
gto
 10
88.404367
 20
6.001012
  0
VERTEX
  8
gto
 10
88.404367
 20
6.122932
  0
SEQEND
  8
gto
  0
POLYLINE
  8
gto
 62
1
 40
0.000000
 41
0.000000
 66
  1
  0
VERTEX
  8
gto
 10
87.911606
 20
5.035810
  0
VERTEX
  8
gto
 10
87.911606
 20
4.540509
  0
VERTEX
  8
gto
 10
88.033526
 20
4.540509
  0
VERTEX
  8
gto
 10
88.033526
 20
4.784350
  0
VERTEX
  8
gto
 10
88.279907
 20
4.784350
  0
VERTEX
  8
gto
 10
88.279907
 20
4.502409
  0
VERTEX
  8
gto
 10
88.074166
 20
4.296669
  0
VERTEX
  8
gto
 10
87.622045
 20
4.296669
  0
VERTEX
  8
gto
 10
87.413765
 20
4.502409
  0
VERTEX
  8
gto
 10
87.413765
 20
4.703069
  0
VERTEX
  8
gto
 10
87.517905
 20
4.804670
  0
VERTEX
  8
gto
 10
87.434085
 20
4.893570
  0
VERTEX
  8
gto
 10
87.309625
 20
4.771650
  0
VERTEX
  8
gto
 10
87.296415
 20
4.751330
  0
VERTEX
  8
gto
 10
87.292855
 20
4.739139
  0
VERTEX
  8
gto
 10
87.292855
 20
4.462789
  0
VERTEX
  8
gto
 10
87.296415
 20
4.450589
  0
VERTEX
  8
gto
 10
87.302005
 20
4.440939
  0
VERTEX
  8
gto
 10
87.559555
 20
4.182878
  0
VERTEX
  8
gto
 10
87.582415
 20
4.175258
  0
VERTEX
  8
gto
 10
88.102106
 20
4.174748
  0
VERTEX
  8
gto
 10
88.124456
 20
4.178808
  0
VERTEX
  8
gto
 10
88.145286
 20
4.192528
  0
VERTEX
  8
gto
 10
88.393187
 20
4.444499
  0
VERTEX
  8
gto
 10
88.400807
 20
4.466339
  0
VERTEX
  8
gto
 10
88.400807
 20
4.858520
  0
VERTEX
  8
gto
 10
88.391667
 20
4.881380
  0
VERTEX
  8
gto
 10
88.384047
 20
4.891030
  0
VERTEX
  8
gto
 10
88.363727
 20
4.902210
  0
VERTEX
  8
gto
 10
88.343407
 20
4.906270
  0
VERTEX
  8
gto
 10
88.033526
 20
4.906270
  0
VERTEX
  8
gto
 10
88.033526
 20
5.035810
  0
SEQEND
  8
gto
  0
POLYLINE
  8
gto
 62
1
 40
0.000000
 41
0.000000
 66
  1
  0
VERTEX
  8
gto
 10
84.715259
 20
8.038096
  0
VERTEX
  8
gto
 10
84.715259
 20
7.314195
  0
VERTEX
  8
gto
 10
84.837180
 20
7.314195
  0
VERTEX
  8
gto
 10
84.837180
 20
7.916176
  0
VERTEX
  8
gto
 10
84.880360
 20
7.916176
  0
VERTEX
  8
gto
 10
85.228340
 20
7.565655
  0
VERTEX
  8
gto
 10
85.249170
 20
7.551935
  0
VERTEX
  8
gto
 10
85.271521
 20
7.547875
  0
VERTEX
  8
gto
 10
85.294891
 20
7.551935
  0
VERTEX
  8
gto
 10
85.314701
 20
7.565655
  0
VERTEX
  8
gto
 10
85.327911
 20
7.584955
  0
VERTEX
  8
gto
 10
85.331471
 20
7.596135
  0
VERTEX
  8
gto
 10
85.332481
 20
7.702815
  0
VERTEX
  8
gto
 10
85.545841
 20
7.913636
  0
VERTEX
  8
gto
 10
85.632201
 20
7.913636
  0
VERTEX
  8
gto
 10
85.832862
 20
7.712975
  0
VERTEX
  8
gto
 10
85.832862
 20
7.387855
  0
VERTEX
  8
gto
 10
85.716021
 20
7.273555
  0
VERTEX
  8
gto
 10
85.802382
 20
7.187194
  0
VERTEX
  8
gto
 10
85.944622
 20
7.330955
  0
VERTEX
  8
gto
 10
85.953772
 20
7.352295
  0
VERTEX
  8
gto
 10
85.953772
 20
7.749555
  0
VERTEX
  8
gto
 10
85.944622
 20
7.770886
  0
VERTEX
  8
gto
 10
85.937002
 20
7.781556
  0
VERTEX
  8
gto
 10
85.698241
 20
8.017776
  0
VERTEX
  8
gto
 10
85.678431
 20
8.030986
  0
VERTEX
  8
gto
 10
85.655061
 20
8.035556
  0
VERTEX
  8
gto
 10
85.520441
 20
8.035556
  0
VERTEX
  8
gto
 10
85.497071
 20
8.030986
  0
VERTEX
  8
gto
 10
85.477261
 20
8.017776
  0
VERTEX
  8
gto
 10
85.223770
 20
7.766316
  0
VERTEX
  8
gto
 10
85.218690
 20
7.756156
  0
VERTEX
  8
gto
 10
85.218180
 20
7.751076
  0
VERTEX
  8
gto
 10
84.946400
 20
8.020316
  0
VERTEX
  8
gto
 10
84.926590
 20
8.033526
  0
VERTEX
  8
gto
 10
84.903220
 20
8.038096
  0
SEQEND
  8
gto
  0
POLYLINE
  8
gto
 62
1
 40
0.000000
 41
0.000000
 66
  1
  0
VERTEX
  8
gto
 10
84.781300
 20
6.587753
  0
VERTEX
  8
gto
 10
84.763520
 20
6.585213
  0
VERTEX
  8
gto
 10
84.748789
 20
6.578613
  0
VERTEX
  8
gto
 10
84.737109
 20
6.567433
  0
VERTEX
  8
gto
 10
84.724409
 20
6.544063
  0
VERTEX
  8
gto
 10
84.720849
 20
6.532383
  0
VERTEX
  8
gto
 10
84.721359
 20
6.519173
  0
VERTEX
  8
gto
 10
84.731519
 20
6.498853
  0
VERTEX
  8
gto
 10
85.032760
 20
6.206752
  0
VERTEX
  8
gto
 10
85.111500
 20
6.290573
  0
VERTEX
  8
gto
 10
84.923540
 20
6.470913
  0
VERTEX
  8
gto
 10
85.957322
 20
6.470913
  0
VERTEX
  8
gto
 10
85.957322
 20
6.587753
  0
SEQEND
  8
gto
  0
POLYLINE
  8
gto
 62
1
 40
0.000000
 41
0.000000
 66
  1
  0
VERTEX
  8
gto
 10
85.030220
 20
5.868932
  0
VERTEX
  8
gto
 10
85.006850
 20
5.864362
  0
VERTEX
  8
gto
 10
84.987040
 20
5.851152
  0
VERTEX
  8
gto
 10
84.853440
 20
5.721611
  0
VERTEX
  8
gto
 10
84.847340
 20
5.711961
  0
VERTEX
  8
gto
 10
84.843280
 20
5.699771
  0
VERTEX
  8
gto
 10
84.842260
 20
5.211070
  0
VERTEX
  8
gto
 10
84.964180
 20
5.211070
  0
VERTEX
  8
gto
 10
84.964180
 20
5.658111
  0
VERTEX
  8
gto
 10
85.055620
 20
5.747011
  0
VERTEX
  8
gto
 10
85.746501
 20
5.747011
  0
VERTEX
  8
gto
 10
85.832862
 20
5.658111
  0
VERTEX
  8
gto
 10
85.832862
 20
5.208530
  0
VERTEX
  8
gto
 10
85.751582
 20
5.129790
  0
VERTEX
  8
gto
 10
85.053080
 20
5.129790
  0
VERTEX
  8
gto
 10
84.964180
 20
5.211070
  0
VERTEX
  8
gto
 10
84.842260
 20
5.211070
  0
VERTEX
  8
gto
 10
84.843280
 20
5.169920
  0
VERTEX
  8
gto
 10
84.853440
 20
5.148080
  0
VERTEX
  8
gto
 10
84.987040
 20
5.023110
  0
VERTEX
  8
gto
 10
85.007360
 20
5.007870
  0
VERTEX
  8
gto
 10
85.017520
 20
5.003810
  0
VERTEX
  8
gto
 10
85.776982
 20
5.002790
  0
VERTEX
  8
gto
 10
85.802382
 20
5.006850
  0
VERTEX
  8
gto
 10
85.813052
 20
5.012440
  0
VERTEX
  8
gto
 10
85.939542
 20
5.139950
  0
VERTEX
  8
gto
 10
85.950722
 20
5.159250
  0
VERTEX
  8
gto
 10
85.954782
 20
5.183130
  0
VERTEX
  8
gto
 10
85.953772
 20
5.695701
  0
VERTEX
  8
gto
 10
85.944622
 20
5.717041
  0
VERTEX
  8
gto
 10
85.815082
 20
5.851152
  0
VERTEX
  8
gto
 10
85.796792
 20
5.864362
  0
VERTEX
  8
gto
 10
85.771902
 20
5.868932
  0
SEQEND
  8
gto
  0
POLYLINE
  8
gto
 62
1
 40
0.000000
 41
0.000000
 66
  1
  0
VERTEX
  8
gto
 10
84.842260
 20
4.532889
  0
VERTEX
  8
gto
 10
84.842260
 20
4.162048
  0
VERTEX
  8
gto
 10
84.964180
 20
4.162048
  0
VERTEX
  8
gto
 10
84.964180
 20
4.286509
  0
VERTEX
  8
gto
 10
85.835402
 20
4.286509
  0
VERTEX
  8
gto
 10
85.835402
 20
4.162048
  0
VERTEX
  8
gto
 10
85.959862
 20
4.162048
  0
VERTEX
  8
gto
 10
85.959862
 20
4.532889
  0
VERTEX
  8
gto
 10
85.835402
 20
4.532889
  0
VERTEX
  8
gto
 10
85.835402
 20
4.408429
  0
VERTEX
  8
gto
 10
84.964180
 20
4.408429
  0
VERTEX
  8
gto
 10
84.964180
 20
4.532889
  0
SEQEND
  8
gto
  0
POLYLINE
  8
gto
 62
1
 40
0.000000
 41
0.000000
 66
  1
  0
VERTEX
  8
gto
 10
82.324105
 20
8.038096
  0
VERTEX
  8
gto
 10
82.300225
 20
8.033526
  0
VERTEX
  8
gto
 10
82.280915
 20
8.020316
  0
VERTEX
  8
gto
 10
82.148334
 20
7.886206
  0
VERTEX
  8
gto
 10
82.142744
 20
7.876046
  0
VERTEX
  8
gto
 10
82.138684
 20
7.852676
  0
VERTEX
  8
gto
 10
82.139694
 20
7.481835
  0
VERTEX
  8
gto
 10
82.142744
 20
7.470655
  0
VERTEX
  8
gto
 10
82.148334
 20
7.460495
  0
VERTEX
  8
gto
 10
82.414525
 20
7.196844
  0
VERTEX
  8
gto
 10
82.424685
 20
7.191254
  0
VERTEX
  8
gto
 10
82.448565
 20
7.187194
  0
VERTEX
  8
gto
 10
82.512065
 20
7.187194
  0
VERTEX
  8
gto
 10
82.512065
 20
7.309115
  0
VERTEX
  8
gto
 10
82.471415
 20
7.309115
  0
VERTEX
  8
gto
 10
82.260605
 20
7.519935
  0
VERTEX
  8
gto
 10
82.260605
 20
7.829816
  0
VERTEX
  8
gto
 10
82.346965
 20
7.916176
  0
VERTEX
  8
gto
 10
82.552695
 20
7.916176
  0
VERTEX
  8
gto
 10
83.285747
 20
7.196844
  0
VERTEX
  8
gto
 10
83.295907
 20
7.191254
  0
VERTEX
  8
gto
 10
83.319787
 20
7.187194
  0
VERTEX
  8
gto
 10
83.341627
 20
7.191254
  0
VERTEX
  8
gto
 10
83.362967
 20
7.204974
  0
VERTEX
  8
gto
 10
83.376167
 20
7.224274
  0
VERTEX
  8
gto
 10
83.380747
 20
7.248154
  0
VERTEX
  8
gto
 10
83.380747
 20
8.038096
  0
VERTEX
  8
gto
 10
83.258827
 20
8.038096
  0
VERTEX
  8
gto
 10
83.258827
 20
7.395475
  0
VERTEX
  8
gto
 10
82.621285
 20
8.020316
  0
VERTEX
  8
gto
 10
82.599945
 20
8.033526
  0
VERTEX
  8
gto
 10
82.578105
 20
8.038096
  0
SEQEND
  8
gto
  0
POLYLINE
  8
gto
 62
1
 40
0.000000
 41
0.000000
 66
  1
  0
VERTEX
  8
gto
 10
82.204724
 20
6.587753
  0
VERTEX
  8
gto
 10
82.186944
 20
6.585213
  0
VERTEX
  8
gto
 10
82.172204
 20
6.578613
  0
VERTEX
  8
gto
 10
82.160014
 20
6.567433
  0
VERTEX
  8
gto
 10
82.147824
 20
6.544063
  0
VERTEX
  8
gto
 10
82.144264
 20
6.532383
  0
VERTEX
  8
gto
 10
82.144774
 20
6.519173
  0
VERTEX
  8
gto
 10
82.154934
 20
6.498853
  0
VERTEX
  8
gto
 10
82.456185
 20
6.206752
  0
VERTEX
  8
gto
 10
82.534915
 20
6.290573
  0
VERTEX
  8
gto
 10
82.346965
 20
6.470913
  0
VERTEX
  8
gto
 10
83.380747
 20
6.470913
  0
VERTEX
  8
gto
 10
83.380747
 20
6.587753
  0
SEQEND
  8
gto
  0
POLYLINE
  8
gto
 62
1
 40
0.000000
 41
0.000000
 66
  1
  0
VERTEX
  8
gto
 10
82.453645
 20
5.868932
  0
VERTEX
  8
gto
 10
82.429765
 20
5.864362
  0
VERTEX
  8
gto
 10
82.410465
 20
5.851152
  0
VERTEX
  8
gto
 10
82.276855
 20
5.721611
  0
VERTEX
  8
gto
 10
82.270755
 20
5.711961
  0
VERTEX
  8
gto
 10
82.266695
 20
5.699771
  0
VERTEX
  8
gto
 10
82.265685
 20
5.211070
  0
VERTEX
  8
gto
 10
82.387605
 20
5.211070
  0
VERTEX
  8
gto
 10
82.387605
 20
5.658111
  0
VERTEX
  8
gto
 10
82.479045
 20
5.747011
  0
VERTEX
  8
gto
 10
83.169916
 20
5.747011
  0
VERTEX
  8
gto
 10
83.256287
 20
5.658111
  0
VERTEX
  8
gto
 10
83.256287
 20
5.208530
  0
VERTEX
  8
gto
 10
83.175006
 20
5.129790
  0
VERTEX
  8
gto
 10
82.476505
 20
5.129790
  0
VERTEX
  8
gto
 10
82.387605
 20
5.211070
  0
VERTEX
  8
gto
 10
82.265685
 20
5.211070
  0
VERTEX
  8
gto
 10
82.266695
 20
5.169920
  0
VERTEX
  8
gto
 10
82.276855
 20
5.148080
  0
VERTEX
  8
gto
 10
82.410465
 20
5.023110
  0
VERTEX
  8
gto
 10
82.430785
 20
5.007870
  0
VERTEX
  8
gto
 10
82.440945
 20
5.003810
  0
VERTEX
  8
gto
 10
83.200406
 20
5.002790
  0
VERTEX
  8
gto
 10
83.225806
 20
5.006850
  0
VERTEX
  8
gto
 10
83.236466
 20
5.012440
  0
VERTEX
  8
gto
 10
83.362967
 20
5.139950
  0
VERTEX
  8
gto
 10
83.374137
 20
5.159250
  0
VERTEX
  8
gto
 10
83.378197
 20
5.183130
  0
VERTEX
  8
gto
 10
83.378197
 20
5.683511
  0
VERTEX
  8
gto
 10
83.373627
 20
5.706881
  0
VERTEX
  8
gto
 10
83.360417
 20
5.726691
  0
VERTEX
  8
gto
 10
83.229866
 20
5.858772
  0
VERTEX
  8
gto
 10
83.219706
 20
5.864362
  0
VERTEX
  8
gto
 10
83.195326
 20
5.868932
  0
SEQEND
  8
gto
  0
POLYLINE
  8
gto
 62
1
 40
0.000000
 41
0.000000
 66
  1
  0
VERTEX
  8
gto
 10
82.265685
 20
4.532889
  0
VERTEX
  8
gto
 10
82.265685
 20
4.162048
  0
VERTEX
  8
gto
 10
82.387605
 20
4.162048
  0
VERTEX
  8
gto
 10
82.387605
 20
4.286509
  0
VERTEX
  8
gto
 10
83.258827
 20
4.286509
  0
VERTEX
  8
gto
 10
83.258827
 20
4.162048
  0
VERTEX
  8
gto
 10
83.383287
 20
4.162048
  0
VERTEX
  8
gto
 10
83.383287
 20
4.532889
  0
VERTEX
  8
gto
 10
83.258827
 20
4.532889
  0
VERTEX
  8
gto
 10
83.258827
 20
4.408429
  0
VERTEX
  8
gto
 10
82.387605
 20
4.408429
  0
VERTEX
  8
gto
 10
82.387605
 20
4.532889
  0
SEQEND
  8
gto
  0
POLYLINE
  8
gto
 62
1
 40
0.000000
 41
0.000000
 66
  1
  0
VERTEX
  8
gto
 10
79.627629
 20
7.677415
  0
VERTEX
  8
gto
 10
79.610359
 20
7.674875
  0
VERTEX
  8
gto
 10
79.595629
 20
7.667765
  0
VERTEX
  8
gto
 10
79.583439
 20
7.655575
  0
VERTEX
  8
gto
 10
79.567179
 20
7.622045
  0
VERTEX
  8
gto
 10
79.568189
 20
7.608835
  0
VERTEX
  8
gto
 10
79.571749
 20
7.598675
  0
VERTEX
  8
gto
 10
79.586989
 20
7.578355
  0
VERTEX
  8
gto
 10
79.879600
 20
7.293875
  0
VERTEX
  8
gto
 10
79.957830
 20
7.380235
  0
VERTEX
  8
gto
 10
79.769870
 20
7.560575
  0
VERTEX
  8
gto
 10
80.803652
 20
7.560575
  0
VERTEX
  8
gto
 10
80.803652
 20
7.677415
  0
SEQEND
  8
gto
  0
POLYLINE
  8
gto
 62
1
 40
0.000000
 41
0.000000
 66
  1
  0
VERTEX
  8
gto
 10
79.627629
 20
6.587753
  0
VERTEX
  8
gto
 10
79.610359
 20
6.585213
  0
VERTEX
  8
gto
 10
79.595629
 20
6.578613
  0
VERTEX
  8
gto
 10
79.583439
 20
6.567433
  0
VERTEX
  8
gto
 10
79.567179
 20
6.532383
  0
VERTEX
  8
gto
 10
79.568189
 20
6.519173
  0
VERTEX
  8
gto
 10
79.571749
 20
6.509013
  0
VERTEX
  8
gto
 10
79.586989
 20
6.488693
  0
VERTEX
  8
gto
 10
79.879600
 20
6.206752
  0
VERTEX
  8
gto
 10
79.957830
 20
6.290573
  0
VERTEX
  8
gto
 10
79.769870
 20
6.470913
  0
VERTEX
  8
gto
 10
80.803652
 20
6.470913
  0
VERTEX
  8
gto
 10
80.803652
 20
6.587753
  0
SEQEND
  8
gto
  0
POLYLINE
  8
gto
 62
1
 40
0.000000
 41
0.000000
 66
  1
  0
VERTEX
  8
gto
 10
79.876550
 20
5.868932
  0
VERTEX
  8
gto
 10
79.853180
 20
5.864362
  0
VERTEX
  8
gto
 10
79.833370
 20
5.851152
  0
VERTEX
  8
gto
 10
79.700279
 20
5.721611
  0
VERTEX
  8
gto
 10
79.694179
 20
5.711961
  0
VERTEX
  8
gto
 10
79.690119
 20
5.699771
  0
VERTEX
  8
gto
 10
79.689099
 20
5.211070
  0
VERTEX
  8
gto
 10
79.810510
 20
5.211070
  0
VERTEX
  8
gto
 10
79.810510
 20
5.658111
  0
VERTEX
  8
gto
 10
79.902460
 20
5.747011
  0
VERTEX
  8
gto
 10
80.592831
 20
5.747011
  0
VERTEX
  8
gto
 10
80.679191
 20
5.658111
  0
VERTEX
  8
gto
 10
80.679191
 20
5.208530
  0
VERTEX
  8
gto
 10
80.598421
 20
5.129790
  0
VERTEX
  8
gto
 10
79.899920
 20
5.129790
  0
VERTEX
  8
gto
 10
79.810510
 20
5.211070
  0
VERTEX
  8
gto
 10
79.689099
 20
5.211070
  0
VERTEX
  8
gto
 10
79.690119
 20
5.169920
  0
VERTEX
  8
gto
 10
79.700279
 20
5.148080
  0
VERTEX
  8
gto
 10
79.833370
 20
5.023110
  0
VERTEX
  8
gto
 10
79.853690
 20
5.007870
  0
VERTEX
  8
gto
 10
79.863850
 20
5.003810
  0
VERTEX
  8
gto
 10
80.623311
 20
5.002790
  0
VERTEX
  8
gto
 10
80.648711
 20
5.006850
  0
VERTEX
  8
gto
 10
80.659891
 20
5.012440
  0
VERTEX
  8
gto
 10
80.785872
 20
5.139950
  0
VERTEX
  8
gto
 10
80.792982
 20
5.149090
  0
VERTEX
  8
gto
 10
80.800602
 20
5.170430
  0
VERTEX
  8
gto
 10
80.801622
 20
5.683511
  0
VERTEX
  8
gto
 10
80.797052
 20
5.706881
  0
VERTEX
  8
gto
 10
80.783332
 20
5.726691
  0
VERTEX
  8
gto
 10
80.653281
 20
5.858772
  0
VERTEX
  8
gto
 10
80.643121
 20
5.864362
  0
VERTEX
  8
gto
 10
80.618741
 20
5.868932
  0
SEQEND
  8
gto
  0
POLYLINE
  8
gto
 62
1
 40
0.000000
 41
0.000000
 66
  1
  0
VERTEX
  8
gto
 10
79.689099
 20
4.532889
  0
VERTEX
  8
gto
 10
79.689099
 20
4.162048
  0
VERTEX
  8
gto
 10
79.810510
 20
4.162048
  0
VERTEX
  8
gto
 10
79.810510
 20
4.286509
  0
VERTEX
  8
gto
 10
80.682241
 20
4.286509
  0
VERTEX
  8
gto
 10
80.682241
 20
4.162048
  0
VERTEX
  8
gto
 10
80.806192
 20
4.162048
  0
VERTEX
  8
gto
 10
80.806192
 20
4.532889
  0
VERTEX
  8
gto
 10
80.682241
 20
4.532889
  0
VERTEX
  8
gto
 10
80.682241
 20
4.408429
  0
VERTEX
  8
gto
 10
79.810510
 20
4.408429
  0
VERTEX
  8
gto
 10
79.810510
 20
4.532889
  0
SEQEND
  8
gto
  0
POLYLINE
  8
gto
 62
1
 40
0.000000
 41
0.000000
 66
  1
  0
VERTEX
  8
gto
 10
77.294895
 20
8.038096
  0
VERTEX
  8
gto
 10
77.272035
 20
8.033526
  0
VERTEX
  8
gto
 10
77.254245
 20
8.020316
  0
VERTEX
  8
gto
 10
77.002794
 20
7.771396
  0
VERTEX
  8
gto
 10
76.989584
 20
7.750056
  0
VERTEX
  8
gto
 10
76.986024
 20
7.739395
  0
VERTEX
  8
gto
 10
76.985014
 20
7.525015
  0
VERTEX
  8
gto
 10
77.106934
 20
7.525015
  0
VERTEX
  8
gto
 10
77.106934
 20
7.700275
  0
VERTEX
  8
gto
 10
77.320295
 20
7.916176
  0
VERTEX
  8
gto
 10
77.896876
 20
7.916176
  0
VERTEX
  8
gto
 10
78.105156
 20
7.707895
  0
VERTEX
  8
gto
 10
78.105156
 20
7.519935
  0
VERTEX
  8
gto
 10
77.894336
 20
7.309115
  0
VERTEX
  8
gto
 10
77.320295
 20
7.309115
  0
VERTEX
  8
gto
 10
77.106934
 20
7.525015
  0
VERTEX
  8
gto
 10
76.985014
 20
7.525015
  0
VERTEX
  8
gto
 10
76.986024
 20
7.486915
  0
VERTEX
  8
gto
 10
76.995174
 20
7.465575
  0
VERTEX
  8
gto
 10
77.261875
 20
7.196844
  0
VERTEX
  8
gto
 10
77.271015
 20
7.191254
  0
VERTEX
  8
gto
 10
77.294895
 20
7.187194
  0
VERTEX
  8
gto
 10
77.929386
 20
7.188214
  0
VERTEX
  8
gto
 10
77.941066
 20
7.191254
  0
VERTEX
  8
gto
 10
77.951226
 20
7.196844
  0
VERTEX
  8
gto
 10
78.217416
 20
7.461005
  0
VERTEX
  8
gto
 10
78.223006
 20
7.470655
  0
VERTEX
  8
gto
 10
78.227076
 20
7.497075
  0
VERTEX
  8
gto
 10
78.226056
 20
7.745485
  0
VERTEX
  8
gto
 10
78.223006
 20
7.756666
  0
VERTEX
  8
gto
 10
78.209296
 20
7.776476
  0
VERTEX
  8
gto
 10
77.957326
 20
8.027936
  0
VERTEX
  8
gto
 10
77.947166
 20
8.033526
  0
VERTEX
  8
gto
 10
77.922276
 20
8.038096
  0
SEQEND
  8
gto
  0
POLYLINE
  8
gto
 62
1
 40
0.000000
 41
0.000000
 66
  1
  0
VERTEX
  8
gto
 10
77.485395
 20
7.669795
  0
VERTEX
  8
gto
 10
77.462025
 20
7.665225
  0
VERTEX
  8
gto
 10
77.442215
 20
7.652015
  0
VERTEX
  8
gto
 10
77.429005
 20
7.632205
  0
VERTEX
  8
gto
 10
77.425445
 20
7.621025
  0
VERTEX
  8
gto
 10
77.425445
 20
7.596135
  0
VERTEX
  8
gto
 10
77.434595
 20
7.574795
  0
VERTEX
  8
gto
 10
77.451865
 20
7.557525
  0
VERTEX
  8
gto
 10
77.462025
 20
7.551935
  0
VERTEX
  8
gto
 10
77.485395
 20
7.547875
  0
VERTEX
  8
gto
 10
77.746505
 20
7.548895
  0
VERTEX
  8
gto
 10
77.758186
 20
7.551935
  0
VERTEX
  8
gto
 10
77.768346
 20
7.557525
  0
VERTEX
  8
gto
 10
77.785616
 20
7.574795
  0
VERTEX
  8
gto
 10
77.791206
 20
7.584955
  0
VERTEX
  8
gto
 10
77.795276
 20
7.608835
  0
VERTEX
  8
gto
 10
77.791206
 20
7.632205
  0
VERTEX
  8
gto
 10
77.777496
 20
7.652015
  0
VERTEX
  8
gto
 10
77.758186
 20
7.665225
  0
VERTEX
  8
gto
 10
77.734315
 20
7.669795
  0
SEQEND
  8
gto
  0
POLYLINE
  8
gto
 62
1
 40
0.000000
 41
0.000000
 66
  1
  0
VERTEX
  8
gto
 10
77.051054
 20
6.587753
  0
VERTEX
  8
gto
 10
77.033774
 20
6.585213
  0
VERTEX
  8
gto
 10
77.019044
 20
6.578613
  0
VERTEX
  8
gto
 10
77.006854
 20
6.567433
  0
VERTEX
  8
gto
 10
76.990594
 20
6.532383
  0
VERTEX
  8
gto
 10
76.991614
 20
6.519173
  0
VERTEX
  8
gto
 10
76.995174
 20
6.509013
  0
VERTEX
  8
gto
 10
77.010404
 20
6.488693
  0
VERTEX
  8
gto
 10
77.302515
 20
6.206752
  0
VERTEX
  8
gto
 10
77.381245
 20
6.290573
  0
VERTEX
  8
gto
 10
77.193294
 20
6.470913
  0
VERTEX
  8
gto
 10
78.227076
 20
6.470913
  0
VERTEX
  8
gto
 10
78.227076
 20
6.587753
  0
SEQEND
  8
gto
  0
POLYLINE
  8
gto
 62
1
 40
0.000000
 41
0.000000
 66
  1
  0
VERTEX
  8
gto
 10
77.299965
 20
5.868932
  0
VERTEX
  8
gto
 10
77.276605
 20
5.864362
  0
VERTEX
  8
gto
 10
77.256795
 20
5.851152
  0
VERTEX
  8
gto
 10
77.123694
 20
5.721611
  0
VERTEX
  8
gto
 10
77.117094
 20
5.711961
  0
VERTEX
  8
gto
 10
77.112014
 20
5.686051
  0
VERTEX
  8
gto
 10
77.112014
 20
5.211070
  0
VERTEX
  8
gto
 10
77.233934
 20
5.211070
  0
VERTEX
  8
gto
 10
77.233934
 20
5.658111
  0
VERTEX
  8
gto
 10
77.325375
 20
5.747011
  0
VERTEX
  8
gto
 10
78.016246
 20
5.747011
  0
VERTEX
  8
gto
 10
78.102616
 20
5.658111
  0
VERTEX
  8
gto
 10
78.102616
 20
5.208530
  0
VERTEX
  8
gto
 10
78.021336
 20
5.129790
  0
VERTEX
  8
gto
 10
77.322835
 20
5.129790
  0
VERTEX
  8
gto
 10
77.233934
 20
5.211070
  0
VERTEX
  8
gto
 10
77.112014
 20
5.211070
  0
VERTEX
  8
gto
 10
77.113534
 20
5.169920
  0
VERTEX
  8
gto
 10
77.117094
 20
5.158240
  0
VERTEX
  8
gto
 10
77.123694
 20
5.148080
  0
VERTEX
  8
gto
 10
77.256795
 20
5.023110
  0
VERTEX
  8
gto
 10
77.277115
 20
5.007870
  0
VERTEX
  8
gto
 10
77.287275
 20
5.003810
  0
VERTEX
  8
gto
 10
78.046736
 20
5.002790
  0
VERTEX
  8
gto
 10
78.072136
 20
5.006850
  0
VERTEX
  8
gto
 10
78.083306
 20
5.012440
  0
VERTEX
  8
gto
 10
78.209296
 20
5.139950
  0
VERTEX
  8
gto
 10
78.220976
 20
5.159250
  0
VERTEX
  8
gto
 10
78.224536
 20
5.183130
  0
VERTEX
  8
gto
 10
78.223516
 20
5.695701
  0
VERTEX
  8
gto
 10
78.220466
 20
5.706881
  0
VERTEX
  8
gto
 10
78.206746
 20
5.726691
  0
VERTEX
  8
gto
 10
78.076706
 20
5.858772
  0
VERTEX
  8
gto
 10
78.066546
 20
5.864362
  0
VERTEX
  8
gto
 10
78.041656
 20
5.868932
  0
SEQEND
  8
gto
  0
POLYLINE
  8
gto
 62
1
 40
0.000000
 41
0.000000
 66
  1
  0
VERTEX
  8
gto
 10
77.112014
 20
4.532889
  0
VERTEX
  8
gto
 10
77.112014
 20
4.162048
  0
VERTEX
  8
gto
 10
77.233934
 20
4.162048
  0
VERTEX
  8
gto
 10
77.233934
 20
4.286509
  0
VERTEX
  8
gto
 10
78.105156
 20
4.286509
  0
VERTEX
  8
gto
 10
78.105156
 20
4.162048
  0
VERTEX
  8
gto
 10
78.229616
 20
4.162048
  0
VERTEX
  8
gto
 10
78.229616
 20
4.532889
  0
VERTEX
  8
gto
 10
78.105156
 20
4.532889
  0
VERTEX
  8
gto
 10
78.105156
 20
4.408429
  0
VERTEX
  8
gto
 10
77.233934
 20
4.408429
  0
VERTEX
  8
gto
 10
77.233934
 20
4.532889
  0
SEQEND
  8
gto
  0
POLYLINE
  8
gto
 62
1
 40
0.000000
 41
0.000000
 66
  1
  0
VERTEX
  8
gto
 10
74.596389
 20
6.948434
  0
VERTEX
  8
gto
 10
74.573019
 20
6.943864
  0
VERTEX
  8
gto
 10
74.553209
 20
6.930654
  0
VERTEX
  8
gto
 10
74.418589
 20
6.797554
  0
VERTEX
  8
gto
 10
74.412999
 20
6.788414
  0
VERTEX
  8
gto
 10
74.409449
 20
6.777234
  0
VERTEX
  8
gto
 10
74.408429
 20
6.430273
  0
VERTEX
  8
gto
 10
74.530349
 20
6.430273
  0
VERTEX
  8
gto
 10
74.530349
 20
6.737613
  0
VERTEX
  8
gto
 10
74.619249
 20
6.826514
  0
VERTEX
  8
gto
 10
74.697989
 20
6.826514
  0
VERTEX
  8
gto
 10
75.030730
 20
6.496313
  0
VERTEX
  8
gto
 10
75.030730
 20
6.298193
  0
VERTEX
  8
gto
 10
74.951990
 20
6.219452
  0
VERTEX
  8
gto
 10
74.741169
 20
6.219452
  0
VERTEX
  8
gto
 10
74.530349
 20
6.430273
  0
VERTEX
  8
gto
 10
74.408429
 20
6.430273
  0
VERTEX
  8
gto
 10
74.409449
 20
6.394203
  0
VERTEX
  8
gto
 10
74.418589
 20
6.372363
  0
VERTEX
  8
gto
 10
74.682749
 20
6.107182
  0
VERTEX
  8
gto
 10
74.692399
 20
6.101592
  0
VERTEX
  8
gto
 10
74.718309
 20
6.097532
  0
VERTEX
  8
gto
 10
74.988060
 20
6.098552
  0
VERTEX
  8
gto
 10
74.999740
 20
6.101592
  0
VERTEX
  8
gto
 10
75.009900
 20
6.107182
  0
VERTEX
  8
gto
 10
75.142490
 20
6.241292
  0
VERTEX
  8
gto
 10
75.151630
 20
6.262633
  0
VERTEX
  8
gto
 10
75.151630
 20
6.534413
  0
VERTEX
  8
gto
 10
75.148080
 20
6.545593
  0
VERTEX
  8
gto
 10
75.142490
 20
6.554733
  0
VERTEX
  8
gto
 10
74.870710
 20
6.826514
  0
VERTEX
  8
gto
 10
75.439671
 20
6.826514
  0
VERTEX
  8
gto
 10
75.564131
 20
6.704593
  0
VERTEX
  8
gto
 10
75.650491
 20
6.788414
  0
VERTEX
  8
gto
 10
75.499111
 20
6.938274
  0
VERTEX
  8
gto
 10
75.488441
 20
6.943864
  0
VERTEX
  8
gto
 10
75.465071
 20
6.948434
  0
SEQEND
  8
gto
  0
POLYLINE
  8
gto
 62
1
 40
0.000000
 41
0.000000
 66
  1
  0
VERTEX
  8
gto
 10
74.723389
 20
5.868932
  0
VERTEX
  8
gto
 10
74.700019
 20
5.864362
  0
VERTEX
  8
gto
 10
74.680209
 20
5.851152
  0
VERTEX
  8
gto
 10
74.547109
 20
5.721611
  0
VERTEX
  8
gto
 10
74.540509
 20
5.711961
  0
VERTEX
  8
gto
 10
74.535429
 20
5.686051
  0
VERTEX
  8
gto
 10
74.535429
 20
5.211070
  0
VERTEX
  8
gto
 10
74.657349
 20
5.211070
  0
VERTEX
  8
gto
 10
74.657349
 20
5.658111
  0
VERTEX
  8
gto
 10
74.748789
 20
5.747011
  0
VERTEX
  8
gto
 10
75.439671
 20
5.747011
  0
VERTEX
  8
gto
 10
75.526031
 20
5.658111
  0
VERTEX
  8
gto
 10
75.526031
 20
5.208530
  0
VERTEX
  8
gto
 10
75.444751
 20
5.129790
  0
VERTEX
  8
gto
 10
74.746249
 20
5.129790
  0
VERTEX
  8
gto
 10
74.657349
 20
5.211070
  0
VERTEX
  8
gto
 10
74.535429
 20
5.211070
  0
VERTEX
  8
gto
 10
74.536949
 20
5.169920
  0
VERTEX
  8
gto
 10
74.540509
 20
5.158240
  0
VERTEX
  8
gto
 10
74.547109
 20
5.148080
  0
VERTEX
  8
gto
 10
74.680209
 20
5.023110
  0
VERTEX
  8
gto
 10
74.700529
 20
5.007870
  0
VERTEX
  8
gto
 10
74.710689
 20
5.003810
  0
VERTEX
  8
gto
 10
75.470151
 20
5.002790
  0
VERTEX
  8
gto
 10
75.495551
 20
5.006850
  0
VERTEX
  8
gto
 10
75.506221
 20
5.012440
  0
VERTEX
  8
gto
 10
75.632711
 20
5.139950
  0
VERTEX
  8
gto
 10
75.644391
 20
5.159250
  0
VERTEX
  8
gto
 10
75.647951
 20
5.183130
  0
VERTEX
  8
gto
 10
75.646931
 20
5.695701
  0
VERTEX
  8
gto
 10
75.637791
 20
5.717041
  0
VERTEX
  8
gto
 10
75.500121
 20
5.858772
  0
VERTEX
  8
gto
 10
75.489961
 20
5.864362
  0
VERTEX
  8
gto
 10
75.465071
 20
5.868932
  0
SEQEND
  8
gto
  0
POLYLINE
  8
gto
 62
1
 40
0.000000
 41
0.000000
 66
  1
  0
VERTEX
  8
gto
 10
74.535429
 20
4.532889
  0
VERTEX
  8
gto
 10
74.535429
 20
4.162048
  0
VERTEX
  8
gto
 10
74.657349
 20
4.162048
  0
VERTEX
  8
gto
 10
74.657349
 20
4.286509
  0
VERTEX
  8
gto
 10
75.528571
 20
4.286509
  0
VERTEX
  8
gto
 10
75.528571
 20
4.162048
  0
VERTEX
  8
gto
 10
75.653031
 20
4.162048
  0
VERTEX
  8
gto
 10
75.653031
 20
4.532889
  0
VERTEX
  8
gto
 10
75.528571
 20
4.532889
  0
VERTEX
  8
gto
 10
75.528571
 20
4.408429
  0
VERTEX
  8
gto
 10
74.657349
 20
4.408429
  0
VERTEX
  8
gto
 10
74.657349
 20
4.532889
  0
SEQEND
  8
gto
  0
POLYLINE
  8
gto
 62
1
 40
0.000000
 41
0.000000
 66
  1
  0
VERTEX
  8
gto
 10
72.634485
 20
6.948434
  0
VERTEX
  8
gto
 10
72.611625
 20
6.944874
  0
VERTEX
  8
gto
 10
72.593845
 20
6.935734
  0
VERTEX
  8
gto
 10
72.375405
 20
6.732533
  0
VERTEX
  8
gto
 10
72.306825
 20
6.806194
  0
VERTEX
  8
gto
 10
72.286505
 20
6.821434
  0
VERTEX
  8
gto
 10
72.266185
 20
6.826514
  0
VERTEX
  8
gto
 10
72.012184
 20
6.826514
  0
VERTEX
  8
gto
 10
71.990854
 20
6.821434
  0
VERTEX
  8
gto
 10
71.971544
 20
6.806194
  0
VERTEX
  8
gto
 10
71.849624
 20
6.689353
  0
VERTEX
  8
gto
 10
71.837944
 20
6.670553
  0
VERTEX
  8
gto
 10
71.834384
 20
6.646173
  0
VERTEX
  8
gto
 10
71.834384
 20
6.425193
  0
VERTEX
  8
gto
 10
71.948684
 20
6.425193
  0
VERTEX
  8
gto
 10
71.948684
 20
6.623313
  0
VERTEX
  8
gto
 10
72.035044
 20
6.704593
  0
VERTEX
  8
gto
 10
72.243324
 20
6.704593
  0
VERTEX
  8
gto
 10
72.322065
 20
6.623313
  0
VERTEX
  8
gto
 10
72.322065
 20
6.430273
  0
VERTEX
  8
gto
 10
72.436365
 20
6.430273
  0
VERTEX
  8
gto
 10
72.436365
 20
6.623313
  0
VERTEX
  8
gto
 10
72.657345
 20
6.831594
  0
VERTEX
  8
gto
 10
72.751326
 20
6.831594
  0
VERTEX
  8
gto
 10
72.962146
 20
6.623313
  0
VERTEX
  8
gto
 10
72.962146
 20
6.420113
  0
VERTEX
  8
gto
 10
72.751326
 20
6.219452
  0
VERTEX
  8
gto
 10
72.657345
 20
6.219452
  0
VERTEX
  8
gto
 10
72.436365
 20
6.430273
  0
VERTEX
  8
gto
 10
72.322065
 20
6.430273
  0
VERTEX
  8
gto
 10
72.322065
 20
6.427733
  0
VERTEX
  8
gto
 10
72.243324
 20
6.338833
  0
VERTEX
  8
gto
 10
72.047744
 20
6.338833
  0
VERTEX
  8
gto
 10
71.948684
 20
6.425193
  0
VERTEX
  8
gto
 10
71.834384
 20
6.425193
  0
VERTEX
  8
gto
 10
71.834384
 20
6.379473
  0
VERTEX
  8
gto
 10
71.840994
 20
6.367793
  0
VERTEX
  8
gto
 10
71.990854
 20
6.235712
  0
VERTEX
  8
gto
 10
72.023874
 20
6.219452
  0
VERTEX
  8
gto
 10
72.278385
 20
6.220472
  0
VERTEX
  8
gto
 10
72.301235
 20
6.230632
  0
VERTEX
  8
gto
 10
72.311905
 20
6.239772
  0
VERTEX
  8
gto
 10
72.380485
 20
6.318513
  0
VERTEX
  8
gto
 10
72.604005
 20
6.108712
  0
VERTEX
  8
gto
 10
72.622805
 20
6.098552
  0
VERTEX
  8
gto
 10
72.776726
 20
6.097532
  0
VERTEX
  8
gto
 10
72.798066
 20
6.101592
  0
VERTEX
  8
gto
 10
72.808226
 20
6.107182
  0
VERTEX
  8
gto
 10
73.058666
 20
6.354073
  0
VERTEX
  8
gto
 10
73.066286
 20
6.366773
  0
VERTEX
  8
gto
 10
73.071876
 20
6.382013
  0
VERTEX
  8
gto
 10
73.073906
 20
6.397253
  0
VERTEX
  8
gto
 10
73.073906
 20
6.674113
  0
VERTEX
  8
gto
 10
73.058666
 20
6.684273
  0
VERTEX
  8
gto
 10
72.817366
 20
6.930654
  0
VERTEX
  8
gto
 10
72.789426
 20
6.945894
  0
VERTEX
  8
gto
 10
72.779266
 20
6.948434
  0
SEQEND
  8
gto
  0
POLYLINE
  8
gto
 62
1
 40
0.000000
 41
0.000000
 66
  1
  0
VERTEX
  8
gto
 10
72.146804
 20
5.868932
  0
VERTEX
  8
gto
 10
72.123444
 20
5.864362
  0
VERTEX
  8
gto
 10
72.103624
 20
5.851152
  0
VERTEX
  8
gto
 10
71.970534
 20
5.721611
  0
VERTEX
  8
gto
 10
71.963924
 20
5.711961
  0
VERTEX
  8
gto
 10
71.958844
 20
5.686051
  0
VERTEX
  8
gto
 10
71.958844
 20
5.211070
  0
VERTEX
  8
gto
 10
72.080764
 20
5.211070
  0
VERTEX
  8
gto
 10
72.080764
 20
5.658111
  0
VERTEX
  8
gto
 10
72.172204
 20
5.747011
  0
VERTEX
  8
gto
 10
72.863086
 20
5.747011
  0
VERTEX
  8
gto
 10
72.949446
 20
5.658111
  0
VERTEX
  8
gto
 10
72.949446
 20
5.208530
  0
VERTEX
  8
gto
 10
72.868166
 20
5.129790
  0
VERTEX
  8
gto
 10
72.169664
 20
5.129790
  0
VERTEX
  8
gto
 10
72.080764
 20
5.211070
  0
VERTEX
  8
gto
 10
71.958844
 20
5.211070
  0
VERTEX
  8
gto
 10
71.960374
 20
5.169920
  0
VERTEX
  8
gto
 10
71.963924
 20
5.158240
  0
VERTEX
  8
gto
 10
71.970534
 20
5.148080
  0
VERTEX
  8
gto
 10
72.103624
 20
5.023110
  0
VERTEX
  8
gto
 10
72.123944
 20
5.007870
  0
VERTEX
  8
gto
 10
72.134104
 20
5.003810
  0
VERTEX
  8
gto
 10
72.893566
 20
5.002790
  0
VERTEX
  8
gto
 10
72.918966
 20
5.006850
  0
VERTEX
  8
gto
 10
72.929636
 20
5.012440
  0
VERTEX
  8
gto
 10
73.056126
 20
5.139950
  0
VERTEX
  8
gto
 10
73.067306
 20
5.159250
  0
VERTEX
  8
gto
 10
73.071366
 20
5.183130
  0
VERTEX
  8
gto
 10
73.070356
 20
5.695701
  0
VERTEX
  8
gto
 10
73.061206
 20
5.717041
  0
VERTEX
  8
gto
 10
72.931666
 20
5.851152
  0
VERTEX
  8
gto
 10
72.913386
 20
5.864362
  0
VERTEX
  8
gto
 10
72.888486
 20
5.868932
  0
SEQEND
  8
gto
  0
POLYLINE
  8
gto
 62
1
 40
0.000000
 41
0.000000
 66
  1
  0
VERTEX
  8
gto
 10
71.958844
 20
4.532889
  0
VERTEX
  8
gto
 10
71.958844
 20
4.162048
  0
VERTEX
  8
gto
 10
72.080764
 20
4.162048
  0
VERTEX
  8
gto
 10
72.080764
 20
4.286509
  0
VERTEX
  8
gto
 10
72.951986
 20
4.286509
  0
VERTEX
  8
gto
 10
72.951986
 20
4.162048
  0
VERTEX
  8
gto
 10
73.076446
 20
4.162048
  0
VERTEX
  8
gto
 10
73.076446
 20
4.532889
  0
VERTEX
  8
gto
 10
72.951986
 20
4.532889
  0
VERTEX
  8
gto
 10
72.951986
 20
4.408429
  0
VERTEX
  8
gto
 10
72.080764
 20
4.408429
  0
VERTEX
  8
gto
 10
72.080764
 20
4.532889
  0
SEQEND
  8
gto
  0
POLYLINE
  8
gto
 62
1
 40
0.000000
 41
0.000000
 66
  1
  0
VERTEX
  8
gto
 10
66.878834
 20
6.948434
  0
VERTEX
  8
gto
 10
66.878834
 20
6.097532
  0
VERTEX
  8
gto
 10
67.000754
 20
6.097532
  0
VERTEX
  8
gto
 10
67.000754
 20
6.826514
  0
VERTEX
  8
gto
 10
67.036314
 20
6.826514
  0
VERTEX
  8
gto
 10
67.527555
 20
6.338323
  0
VERTEX
  8
gto
 10
67.537205
 20
6.332733
  0
VERTEX
  8
gto
 10
67.562095
 20
6.328673
  0
VERTEX
  8
gto
 10
68.120896
 20
6.328673
  0
VERTEX
  8
gto
 10
68.120896
 20
6.450593
  0
VERTEX
  8
gto
 10
67.584955
 20
6.450593
  0
VERTEX
  8
gto
 10
67.096264
 20
6.938274
  0
VERTEX
  8
gto
 10
67.086614
 20
6.943864
  0
VERTEX
  8
gto
 10
67.061714
 20
6.948434
  0
SEQEND
  8
gto
  0
POLYLINE
  8
gto
 62
1
 40
0.000000
 41
0.000000
 66
  1
  0
VERTEX
  8
gto
 10
67.193794
 20
5.868932
  0
VERTEX
  8
gto
 10
67.170434
 20
5.864362
  0
VERTEX
  8
gto
 10
67.150614
 20
5.851152
  0
VERTEX
  8
gto
 10
67.017524
 20
5.721611
  0
VERTEX
  8
gto
 10
67.010914
 20
5.711961
  0
VERTEX
  8
gto
 10
67.005834
 20
5.686051
  0
VERTEX
  8
gto
 10
67.005834
 20
5.211070
  0
VERTEX
  8
gto
 10
67.127754
 20
5.211070
  0
VERTEX
  8
gto
 10
67.127754
 20
5.658111
  0
VERTEX
  8
gto
 10
67.219194
 20
5.747011
  0
VERTEX
  8
gto
 10
67.910076
 20
5.747011
  0
VERTEX
  8
gto
 10
67.996436
 20
5.658111
  0
VERTEX
  8
gto
 10
67.996436
 20
5.208530
  0
VERTEX
  8
gto
 10
67.915156
 20
5.129790
  0
VERTEX
  8
gto
 10
67.216654
 20
5.129790
  0
VERTEX
  8
gto
 10
67.127754
 20
5.211070
  0
VERTEX
  8
gto
 10
67.005834
 20
5.211070
  0
VERTEX
  8
gto
 10
67.007364
 20
5.169920
  0
VERTEX
  8
gto
 10
67.010914
 20
5.158240
  0
VERTEX
  8
gto
 10
67.017524
 20
5.148080
  0
VERTEX
  8
gto
 10
67.150614
 20
5.023110
  0
VERTEX
  8
gto
 10
67.170934
 20
5.007870
  0
VERTEX
  8
gto
 10
67.181094
 20
5.003810
  0
VERTEX
  8
gto
 10
67.940556
 20
5.002790
  0
VERTEX
  8
gto
 10
67.965956
 20
5.006850
  0
VERTEX
  8
gto
 10
67.976626
 20
5.012440
  0
VERTEX
  8
gto
 10
68.103116
 20
5.139950
  0
VERTEX
  8
gto
 10
68.114296
 20
5.159250
  0
VERTEX
  8
gto
 10
68.118356
 20
5.183130
  0
VERTEX
  8
gto
 10
68.117346
 20
5.695701
  0
VERTEX
  8
gto
 10
68.108196
 20
5.717041
  0
VERTEX
  8
gto
 10
67.978656
 20
5.851152
  0
VERTEX
  8
gto
 10
67.960376
 20
5.864362
  0
VERTEX
  8
gto
 10
67.935476
 20
5.868932
  0
SEQEND
  8
gto
  0
POLYLINE
  8
gto
 62
1
 40
0.000000
 41
0.000000
 66
  1
  0
VERTEX
  8
gto
 10
67.005834
 20
4.532889
  0
VERTEX
  8
gto
 10
67.005834
 20
4.162048
  0
VERTEX
  8
gto
 10
67.127754
 20
4.162048
  0
VERTEX
  8
gto
 10
67.127754
 20
4.286509
  0
VERTEX
  8
gto
 10
67.998976
 20
4.286509
  0
VERTEX
  8
gto
 10
67.998976
 20
4.162048
  0
VERTEX
  8
gto
 10
68.123436
 20
4.162048
  0
VERTEX
  8
gto
 10
68.123436
 20
4.532889
  0
VERTEX
  8
gto
 10
67.998976
 20
4.532889
  0
VERTEX
  8
gto
 10
67.998976
 20
4.408429
  0
VERTEX
  8
gto
 10
67.127754
 20
4.408429
  0
VERTEX
  8
gto
 10
67.127754
 20
4.532889
  0
SEQEND
  8
gto
  0
POLYLINE
  8
gto
 62
1
 40
0.000000
 41
0.000000
 66
  1
  0
VERTEX
  8
gto
 10
64.913380
 20
6.971294
  0
VERTEX
  8
gto
 10
64.890010
 20
6.966724
  0
VERTEX
  8
gto
 10
64.870200
 20
6.953514
  0
VERTEX
  8
gto
 10
64.623819
 20
6.712213
  0
VERTEX
  8
gto
 10
64.610609
 20
6.692403
  0
VERTEX
  8
gto
 10
64.607059
 20
6.681223
  0
VERTEX
  8
gto
 10
64.606039
 20
6.440433
  0
VERTEX
  8
gto
 10
64.727959
 20
6.440433
  0
VERTEX
  8
gto
 10
64.727959
 20
6.643633
  0
VERTEX
  8
gto
 10
64.938780
 20
6.849374
  0
VERTEX
  8
gto
 10
65.042920
 20
6.849374
  0
VERTEX
  8
gto
 10
65.261361
 20
6.633473
  0
VERTEX
  8
gto
 10
65.261361
 20
6.430273
  0
VERTEX
  8
gto
 10
65.048000
 20
6.219452
  0
VERTEX
  8
gto
 10
64.948940
 20
6.219452
  0
VERTEX
  8
gto
 10
64.727959
 20
6.440433
  0
VERTEX
  8
gto
 10
64.606039
 20
6.440433
  0
VERTEX
  8
gto
 10
64.607059
 20
6.402333
  0
VERTEX
  8
gto
 10
64.616199
 20
6.380993
  0
VERTEX
  8
gto
 10
64.776220
 20
6.219452
  0
VERTEX
  8
gto
 10
64.451099
 20
6.219452
  0
VERTEX
  8
gto
 10
64.197098
 20
6.470913
  0
VERTEX
  8
gto
 10
64.113278
 20
6.387093
  0
VERTEX
  8
gto
 10
64.392169
 20
6.107182
  0
VERTEX
  8
gto
 10
64.402329
 20
6.101592
  0
VERTEX
  8
gto
 10
64.425699
 20
6.097532
  0
VERTEX
  8
gto
 10
65.073400
 20
6.097532
  0
VERTEX
  8
gto
 10
65.114040
 20
6.115312
  0
VERTEX
  8
gto
 10
65.373631
 20
6.373373
  0
VERTEX
  8
gto
 10
65.379221
 20
6.383533
  0
VERTEX
  8
gto
 10
65.383281
 20
6.407413
  0
VERTEX
  8
gto
 10
65.382271
 20
6.671063
  0
VERTEX
  8
gto
 10
65.379221
 20
6.682243
  0
VERTEX
  8
gto
 10
65.365501
 20
6.702053
  0
VERTEX
  8
gto
 10
65.111500
 20
6.953514
  0
VERTEX
  8
gto
 10
65.090670
 20
6.966724
  0
VERTEX
  8
gto
 10
65.068320
 20
6.971294
  0
SEQEND
  8
gto
  0
POLYLINE
  8
gto
 62
1
 40
0.000000
 41
0.000000
 66
  1
  0
VERTEX
  8
gto
 10
64.425699
 20
5.868932
  0
VERTEX
  8
gto
 10
64.402329
 20
5.864362
  0
VERTEX
  8
gto
 10
64.382519
 20
5.851152
  0
VERTEX
  8
gto
 10
64.249428
 20
5.721611
  0
VERTEX
  8
gto
 10
64.242818
 20
5.711961
  0
VERTEX
  8
gto
 10
64.237738
 20
5.686051
  0
VERTEX
  8
gto
 10
64.237738
 20
5.211070
  0
VERTEX
  8
gto
 10
64.359659
 20
5.211070
  0
VERTEX
  8
gto
 10
64.359659
 20
5.658111
  0
VERTEX
  8
gto
 10
64.451099
 20
5.747011
  0
VERTEX
  8
gto
 10
65.141980
 20
5.747011
  0
VERTEX
  8
gto
 10
65.228340
 20
5.658111
  0
VERTEX
  8
gto
 10
65.228340
 20
5.208530
  0
VERTEX
  8
gto
 10
65.147060
 20
5.129790
  0
VERTEX
  8
gto
 10
64.448559
 20
5.129790
  0
VERTEX
  8
gto
 10
64.359659
 20
5.211070
  0
VERTEX
  8
gto
 10
64.237738
 20
5.211070
  0
VERTEX
  8
gto
 10
64.239268
 20
5.169920
  0
VERTEX
  8
gto
 10
64.242818
 20
5.158240
  0
VERTEX
  8
gto
 10
64.249428
 20
5.148080
  0
VERTEX
  8
gto
 10
64.382519
 20
5.023110
  0
VERTEX
  8
gto
 10
64.402839
 20
5.007870
  0
VERTEX
  8
gto
 10
64.412999
 20
5.003810
  0
VERTEX
  8
gto
 10
65.172460
 20
5.002790
  0
VERTEX
  8
gto
 10
65.197860
 20
5.006850
  0
VERTEX
  8
gto
 10
65.209040
 20
5.012440
  0
VERTEX
  8
gto
 10
65.335021
 20
5.139950
  0
VERTEX
  8
gto
 10
65.346701
 20
5.159250
  0
VERTEX
  8
gto
 10
65.350261
 20
5.183130
  0
VERTEX
  8
gto
 10
65.349251
 20
5.695701
  0
VERTEX
  8
gto
 10
65.346201
 20
5.706881
  0
VERTEX
  8
gto
 10
65.332481
 20
5.726691
  0
VERTEX
  8
gto
 10
65.202430
 20
5.858772
  0
VERTEX
  8
gto
 10
65.192270
 20
5.864362
  0
VERTEX
  8
gto
 10
65.167380
 20
5.868932
  0
SEQEND
  8
gto
  0
POLYLINE
  8
gto
 62
1
 40
0.000000
 41
0.000000
 66
  1
  0
VERTEX
  8
gto
 10
64.237738
 20
4.532889
  0
VERTEX
  8
gto
 10
64.237738
 20
4.162048
  0
VERTEX
  8
gto
 10
64.359659
 20
4.162048
  0
VERTEX
  8
gto
 10
64.359659
 20
4.286509
  0
VERTEX
  8
gto
 10
65.230880
 20
4.286509
  0
VERTEX
  8
gto
 10
65.230880
 20
4.162048
  0
VERTEX
  8
gto
 10
65.355341
 20
4.162048
  0
VERTEX
  8
gto
 10
65.355341
 20
4.532889
  0
VERTEX
  8
gto
 10
65.230880
 20
4.532889
  0
VERTEX
  8
gto
 10
65.230880
 20
4.408429
  0
VERTEX
  8
gto
 10
64.359659
 20
4.408429
  0
VERTEX
  8
gto
 10
64.359659
 20
4.532889
  0
SEQEND
  8
gto
  0
POLYLINE
  8
gto
 62
1
 40
0.000000
 41
0.000000
 66
  1
  0
VERTEX
  8
gto
 10
61.594613
 20
6.948434
  0
VERTEX
  8
gto
 10
61.594613
 20
6.097532
  0
VERTEX
  8
gto
 10
62.087374
 20
6.097532
  0
VERTEX
  8
gto
 10
62.087374
 20
6.620773
  0
VERTEX
  8
gto
 10
62.295655
 20
6.826514
  0
VERTEX
  8
gto
 10
62.501395
 20
6.826514
  0
VERTEX
  8
gto
 10
62.712215
 20
6.618233
  0
VERTEX
  8
gto
 10
62.712215
 20
6.105152
  0
VERTEX
  8
gto
 10
62.834136
 20
6.105152
  0
VERTEX
  8
gto
 10
62.833116
 20
6.656333
  0
VERTEX
  8
gto
 10
62.829566
 20
6.667513
  0
VERTEX
  8
gto
 10
62.823976
 20
6.676653
  0
VERTEX
  8
gto
 10
62.569975
 20
6.930654
  0
VERTEX
  8
gto
 10
62.550165
 20
6.943864
  0
VERTEX
  8
gto
 10
62.526795
 20
6.948434
  0
VERTEX
  8
gto
 10
62.270255
 20
6.948434
  0
VERTEX
  8
gto
 10
62.245864
 20
6.943864
  0
VERTEX
  8
gto
 10
62.236724
 20
6.938274
  0
VERTEX
  8
gto
 10
61.976624
 20
6.677163
  0
VERTEX
  8
gto
 10
61.966464
 20
6.655823
  0
VERTEX
  8
gto
 10
61.965454
 20
6.219452
  0
VERTEX
  8
gto
 10
61.716533
 20
6.219452
  0
VERTEX
  8
gto
 10
61.716533
 20
6.948434
  0
SEQEND
  8
gto
  0
POLYLINE
  8
gto
 62
1
 40
0.000000
 41
0.000000
 66
  1
  0
VERTEX
  8
gto
 10
61.909574
 20
5.868932
  0
VERTEX
  8
gto
 10
61.885694
 20
5.864362
  0
VERTEX
  8
gto
 10
61.866394
 20
5.851152
  0
VERTEX
  8
gto
 10
61.732783
 20
5.721611
  0
VERTEX
  8
gto
 10
61.726693
 20
5.711961
  0
VERTEX
  8
gto
 10
61.722623
 20
5.699771
  0
VERTEX
  8
gto
 10
61.721613
 20
5.211070
  0
VERTEX
  8
gto
 10
61.843534
 20
5.211070
  0
VERTEX
  8
gto
 10
61.843534
 20
5.658111
  0
VERTEX
  8
gto
 10
61.934974
 20
5.747011
  0
VERTEX
  8
gto
 10
62.625855
 20
5.747011
  0
VERTEX
  8
gto
 10
62.712215
 20
5.658111
  0
VERTEX
  8
gto
 10
62.712215
 20
5.208530
  0
VERTEX
  8
gto
 10
62.630935
 20
5.129790
  0
VERTEX
  8
gto
 10
61.932434
 20
5.129790
  0
VERTEX
  8
gto
 10
61.843534
 20
5.211070
  0
VERTEX
  8
gto
 10
61.721613
 20
5.211070
  0
VERTEX
  8
gto
 10
61.722623
 20
5.169920
  0
VERTEX
  8
gto
 10
61.732783
 20
5.148080
  0
VERTEX
  8
gto
 10
61.866394
 20
5.023110
  0
VERTEX
  8
gto
 10
61.886714
 20
5.007870
  0
VERTEX
  8
gto
 10
61.896874
 20
5.003810
  0
VERTEX
  8
gto
 10
62.656335
 20
5.002790
  0
VERTEX
  8
gto
 10
62.681735
 20
5.006850
  0
VERTEX
  8
gto
 10
62.692405
 20
5.012440
  0
VERTEX
  8
gto
 10
62.818896
 20
5.139950
  0
VERTEX
  8
gto
 10
62.830066
 20
5.159250
  0
VERTEX
  8
gto
 10
62.834136
 20
5.183130
  0
VERTEX
  8
gto
 10
62.833116
 20
5.695701
  0
VERTEX
  8
gto
 10
62.823976
 20
5.717041
  0
VERTEX
  8
gto
 10
62.694435
 20
5.851152
  0
VERTEX
  8
gto
 10
62.675635
 20
5.864362
  0
VERTEX
  8
gto
 10
62.651255
 20
5.868932
  0
SEQEND
  8
gto
  0
POLYLINE
  8
gto
 62
1
 40
0.000000
 41
0.000000
 66
  1
  0
VERTEX
  8
gto
 10
61.721613
 20
4.532889
  0
VERTEX
  8
gto
 10
61.721613
 20
4.162048
  0
VERTEX
  8
gto
 10
61.843534
 20
4.162048
  0
VERTEX
  8
gto
 10
61.843534
 20
4.286509
  0
VERTEX
  8
gto
 10
62.714755
 20
4.286509
  0
VERTEX
  8
gto
 10
62.714755
 20
4.162048
  0
VERTEX
  8
gto
 10
62.839216
 20
4.162048
  0
VERTEX
  8
gto
 10
62.839216
 20
4.532889
  0
VERTEX
  8
gto
 10
62.714755
 20
4.532889
  0
VERTEX
  8
gto
 10
62.714755
 20
4.408429
  0
VERTEX
  8
gto
 10
61.843534
 20
4.408429
  0
VERTEX
  8
gto
 10
61.843534
 20
4.532889
  0
SEQEND
  8
gto
  0
POLYLINE
  8
gto
 62
1
 40
0.000000
 41
0.000000
 66
  1
  0
VERTEX
  8
gto
 10
59.784100
 20
6.948434
  0
VERTEX
  8
gto
 10
59.784100
 20
6.834134
  0
VERTEX
  8
gto
 10
59.098298
 20
6.834134
  0
VERTEX
  8
gto
 10
59.074928
 20
6.829564
  0
VERTEX
  8
gto
 10
59.055118
 20
6.816354
  0
VERTEX
  8
gto
 10
59.041908
 20
6.795014
  0
VERTEX
  8
gto
 10
59.038348
 20
6.784354
  0
VERTEX
  8
gto
 10
59.037338
 20
6.712213
  0
VERTEX
  8
gto
 10
59.784100
 20
6.712213
  0
VERTEX
  8
gto
 10
59.784100
 20
6.219452
  0
VERTEX
  8
gto
 10
59.618999
 20
6.219452
  0
VERTEX
  8
gto
 10
59.159258
 20
6.674113
  0
VERTEX
  8
gto
 10
59.159258
 20
6.712213
  0
VERTEX
  8
gto
 10
59.037338
 20
6.712213
  0
VERTEX
  8
gto
 10
59.038348
 20
6.632963
  0
VERTEX
  8
gto
 10
59.047498
 20
6.611123
  0
VERTEX
  8
gto
 10
59.550419
 20
6.115312
  0
VERTEX
  8
gto
 10
59.571749
 20
6.101592
  0
VERTEX
  8
gto
 10
59.593599
 20
6.097532
  0
VERTEX
  8
gto
 10
59.857250
 20
6.098552
  0
VERTEX
  8
gto
 10
59.868930
 20
6.101592
  0
VERTEX
  8
gto
 10
59.879090
 20
6.107182
  0
VERTEX
  8
gto
 10
59.896360
 20
6.125472
  0
VERTEX
  8
gto
 10
59.905000
 20
6.146812
  0
VERTEX
  8
gto
 10
59.906020
 20
6.712213
  0
VERTEX
  8
gto
 10
60.322581
 20
6.712213
  0
VERTEX
  8
gto
 10
60.322581
 20
6.834134
  0
VERTEX
  8
gto
 10
59.906020
 20
6.834134
  0
VERTEX
  8
gto
 10
59.906020
 20
6.948434
  0
SEQEND
  8
gto
  0
POLYLINE
  8
gto
 62
1
 40
0.000000
 41
0.000000
 66
  1
  0
VERTEX
  8
gto
 10
59.352299
 20
5.868932
  0
VERTEX
  8
gto
 10
59.328929
 20
5.864362
  0
VERTEX
  8
gto
 10
59.309119
 20
5.851152
  0
VERTEX
  8
gto
 10
59.176018
 20
5.721611
  0
VERTEX
  8
gto
 10
59.169418
 20
5.711961
  0
VERTEX
  8
gto
 10
59.164338
 20
5.686051
  0
VERTEX
  8
gto
 10
59.164338
 20
5.211070
  0
VERTEX
  8
gto
 10
59.286259
 20
5.211070
  0
VERTEX
  8
gto
 10
59.286259
 20
5.658111
  0
VERTEX
  8
gto
 10
59.377699
 20
5.747011
  0
VERTEX
  8
gto
 10
60.068580
 20
5.747011
  0
VERTEX
  8
gto
 10
60.154940
 20
5.658111
  0
VERTEX
  8
gto
 10
60.154940
 20
5.208530
  0
VERTEX
  8
gto
 10
60.073660
 20
5.129790
  0
VERTEX
  8
gto
 10
59.375159
 20
5.129790
  0
VERTEX
  8
gto
 10
59.286259
 20
5.211070
  0
VERTEX
  8
gto
 10
59.164338
 20
5.211070
  0
VERTEX
  8
gto
 10
59.165858
 20
5.169920
  0
VERTEX
  8
gto
 10
59.169418
 20
5.158240
  0
VERTEX
  8
gto
 10
59.176018
 20
5.148080
  0
VERTEX
  8
gto
 10
59.309119
 20
5.023110
  0
VERTEX
  8
gto
 10
59.329439
 20
5.007870
  0
VERTEX
  8
gto
 10
59.339599
 20
5.003810
  0
VERTEX
  8
gto
 10
60.099060
 20
5.002790
  0
VERTEX
  8
gto
 10
60.124460
 20
5.006850
  0
VERTEX
  8
gto
 10
60.135630
 20
5.012440
  0
VERTEX
  8
gto
 10
60.261621
 20
5.139950
  0
VERTEX
  8
gto
 10
60.273301
 20
5.159250
  0
VERTEX
  8
gto
 10
60.276861
 20
5.183130
  0
VERTEX
  8
gto
 10
60.275841
 20
5.695701
  0
VERTEX
  8
gto
 10
60.272791
 20
5.706881
  0
VERTEX
  8
gto
 10
60.259081
 20
5.726691
  0
VERTEX
  8
gto
 10
60.129030
 20
5.858772
  0
VERTEX
  8
gto
 10
60.118870
 20
5.864362
  0
VERTEX
  8
gto
 10
60.093980
 20
5.868932
  0
SEQEND
  8
gto
  0
POLYLINE
  8
gto
 62
1
 40
0.000000
 41
0.000000
 66
  1
  0
VERTEX
  8
gto
 10
59.164338
 20
4.532889
  0
VERTEX
  8
gto
 10
59.164338
 20
4.162048
  0
VERTEX
  8
gto
 10
59.286259
 20
4.162048
  0
VERTEX
  8
gto
 10
59.286259
 20
4.286509
  0
VERTEX
  8
gto
 10
60.157480
 20
4.286509
  0
VERTEX
  8
gto
 10
60.157480
 20
4.162048
  0
VERTEX
  8
gto
 10
60.281941
 20
4.162048
  0
VERTEX
  8
gto
 10
60.281941
 20
4.532889
  0
VERTEX
  8
gto
 10
60.157480
 20
4.532889
  0
VERTEX
  8
gto
 10
60.157480
 20
4.408429
  0
VERTEX
  8
gto
 10
59.286259
 20
4.408429
  0
VERTEX
  8
gto
 10
59.286259
 20
4.532889
  0
SEQEND
  8
gto
  0
POLYLINE
  8
gto
 62
1
 40
0.000000
 41
0.000000
 66
  1
  0
VERTEX
  8
gto
 10
56.521203
 20
6.948434
  0
VERTEX
  8
gto
 10
56.521203
 20
6.224532
  0
VERTEX
  8
gto
 10
56.643123
 20
6.224532
  0
VERTEX
  8
gto
 10
56.643123
 20
6.826514
  0
VERTEX
  8
gto
 10
56.686303
 20
6.826514
  0
VERTEX
  8
gto
 10
57.034284
 20
6.475993
  0
VERTEX
  8
gto
 10
57.055114
 20
6.462273
  0
VERTEX
  8
gto
 10
57.077464
 20
6.458213
  0
VERTEX
  8
gto
 10
57.100834
 20
6.462273
  0
VERTEX
  8
gto
 10
57.120644
 20
6.475993
  0
VERTEX
  8
gto
 10
57.133854
 20
6.495293
  0
VERTEX
  8
gto
 10
57.137414
 20
6.506473
  0
VERTEX
  8
gto
 10
57.138424
 20
6.613153
  0
VERTEX
  8
gto
 10
57.351785
 20
6.826514
  0
VERTEX
  8
gto
 10
57.438145
 20
6.826514
  0
VERTEX
  8
gto
 10
57.638805
 20
6.623313
  0
VERTEX
  8
gto
 10
57.638805
 20
6.298193
  0
VERTEX
  8
gto
 10
57.521965
 20
6.183892
  0
VERTEX
  8
gto
 10
57.608325
 20
6.097532
  0
VERTEX
  8
gto
 10
57.750566
 20
6.241292
  0
VERTEX
  8
gto
 10
57.759716
 20
6.262633
  0
VERTEX
  8
gto
 10
57.759716
 20
6.660903
  0
VERTEX
  8
gto
 10
57.750566
 20
6.682243
  0
VERTEX
  8
gto
 10
57.742945
 20
6.691893
  0
VERTEX
  8
gto
 10
57.494535
 20
6.936754
  0
VERTEX
  8
gto
 10
57.484375
 20
6.943354
  0
VERTEX
  8
gto
 10
57.461005
 20
6.948434
  0
VERTEX
  8
gto
 10
57.326385
 20
6.948434
  0
VERTEX
  8
gto
 10
57.302515
 20
6.943354
  0
VERTEX
  8
gto
 10
57.283205
 20
6.928114
  0
VERTEX
  8
gto
 10
57.029714
 20
6.676653
  0
VERTEX
  8
gto
 10
57.024634
 20
6.666493
  0
VERTEX
  8
gto
 10
57.024124
 20
6.661413
  0
VERTEX
  8
gto
 10
56.752344
 20
6.930654
  0
VERTEX
  8
gto
 10
56.732533
 20
6.943864
  0
VERTEX
  8
gto
 10
56.709163
 20
6.948434
  0
SEQEND
  8
gto
  0
POLYLINE
  8
gto
 62
1
 40
0.000000
 41
0.000000
 66
  1
  0
VERTEX
  8
gto
 10
56.836164
 20
5.868932
  0
VERTEX
  8
gto
 10
56.812294
 20
5.864362
  0
VERTEX
  8
gto
 10
56.792984
 20
5.851152
  0
VERTEX
  8
gto
 10
56.659383
 20
5.721611
  0
VERTEX
  8
gto
 10
56.653283
 20
5.711961
  0
VERTEX
  8
gto
 10
56.649223
 20
5.699771
  0
VERTEX
  8
gto
 10
56.648203
 20
5.211070
  0
VERTEX
  8
gto
 10
56.770124
 20
5.211070
  0
VERTEX
  8
gto
 10
56.770124
 20
5.658111
  0
VERTEX
  8
gto
 10
56.861564
 20
5.747011
  0
VERTEX
  8
gto
 10
57.552445
 20
5.747011
  0
VERTEX
  8
gto
 10
57.638805
 20
5.658111
  0
VERTEX
  8
gto
 10
57.638805
 20
5.208530
  0
VERTEX
  8
gto
 10
57.557525
 20
5.129790
  0
VERTEX
  8
gto
 10
56.859024
 20
5.129790
  0
VERTEX
  8
gto
 10
56.770124
 20
5.211070
  0
VERTEX
  8
gto
 10
56.648203
 20
5.211070
  0
VERTEX
  8
gto
 10
56.649223
 20
5.169920
  0
VERTEX
  8
gto
 10
56.659383
 20
5.148080
  0
VERTEX
  8
gto
 10
56.792984
 20
5.023110
  0
VERTEX
  8
gto
 10
56.813304
 20
5.007870
  0
VERTEX
  8
gto
 10
56.823464
 20
5.003810
  0
VERTEX
  8
gto
 10
57.582925
 20
5.002790
  0
VERTEX
  8
gto
 10
57.608325
 20
5.006850
  0
VERTEX
  8
gto
 10
57.618995
 20
5.012440
  0
VERTEX
  8
gto
 10
57.745485
 20
5.139950
  0
VERTEX
  8
gto
 10
57.756666
 20
5.159250
  0
VERTEX
  8
gto
 10
57.760726
 20
5.183130
  0
VERTEX
  8
gto
 10
57.759716
 20
5.695701
  0
VERTEX
  8
gto
 10
57.750566
 20
5.717041
  0
VERTEX
  8
gto
 10
57.621025
 20
5.851152
  0
VERTEX
  8
gto
 10
57.602235
 20
5.864362
  0
VERTEX
  8
gto
 10
57.577845
 20
5.868932
  0
SEQEND
  8
gto
  0
POLYLINE
  8
gto
 62
1
 40
0.000000
 41
0.000000
 66
  1
  0
VERTEX
  8
gto
 10
56.648203
 20
4.532889
  0
VERTEX
  8
gto
 10
56.648203
 20
4.162048
  0
VERTEX
  8
gto
 10
56.770124
 20
4.162048
  0
VERTEX
  8
gto
 10
56.770124
 20
4.286509
  0
VERTEX
  8
gto
 10
57.641345
 20
4.286509
  0
VERTEX
  8
gto
 10
57.641345
 20
4.162048
  0
VERTEX
  8
gto
 10
57.765806
 20
4.162048
  0
VERTEX
  8
gto
 10
57.765806
 20
4.532889
  0
VERTEX
  8
gto
 10
57.641345
 20
4.532889
  0
VERTEX
  8
gto
 10
57.641345
 20
4.408429
  0
VERTEX
  8
gto
 10
56.770124
 20
4.408429
  0
VERTEX
  8
gto
 10
56.770124
 20
4.532889
  0
SEQEND
  8
gto
  0
POLYLINE
  8
gto
 62
1
 40
0.000000
 41
0.000000
 66
  1
  0
VERTEX
  8
gto
 10
54.189988
 20
6.948434
  0
VERTEX
  8
gto
 10
54.166618
 20
6.943864
  0
VERTEX
  8
gto
 10
54.146808
 20
6.930654
  0
VERTEX
  8
gto
 10
54.022348
 20
6.806194
  0
VERTEX
  8
gto
 10
54.009138
 20
6.786894
  0
VERTEX
  8
gto
 10
54.004568
 20
6.765554
  0
VERTEX
  8
gto
 10
54.005588
 20
6.392173
  0
VERTEX
  8
gto
 10
54.014728
 20
6.370833
  0
VERTEX
  8
gto
 10
54.271269
 20
6.115312
  0
VERTEX
  8
gto
 10
54.291079
 20
6.101592
  0
VERTEX
  8
gto
 10
54.314449
 20
6.097532
  0
VERTEX
  8
gto
 10
54.377949
 20
6.097532
  0
VERTEX
  8
gto
 10
54.377949
 20
6.219452
  0
VERTEX
  8
gto
 10
54.337309
 20
6.219452
  0
VERTEX
  8
gto
 10
54.126488
 20
6.430273
  0
VERTEX
  8
gto
 10
54.126488
 20
6.740153
  0
VERTEX
  8
gto
 10
54.212848
 20
6.826514
  0
VERTEX
  8
gto
 10
54.418589
 20
6.826514
  0
VERTEX
  8
gto
 10
55.152140
 20
6.107182
  0
VERTEX
  8
gto
 10
55.162300
 20
6.101592
  0
VERTEX
  8
gto
 10
55.185670
 20
6.097532
  0
VERTEX
  8
gto
 10
55.208020
 20
6.101592
  0
VERTEX
  8
gto
 10
55.228850
 20
6.115312
  0
VERTEX
  8
gto
 10
55.242060
 20
6.136142
  0
VERTEX
  8
gto
 10
55.245610
 20
6.146812
  0
VERTEX
  8
gto
 10
55.246630
 20
6.948434
  0
VERTEX
  8
gto
 10
55.124710
 20
6.948434
  0
VERTEX
  8
gto
 10
55.124710
 20
6.308353
  0
VERTEX
  8
gto
 10
54.487169
 20
6.930654
  0
VERTEX
  8
gto
 10
54.466339
 20
6.943864
  0
VERTEX
  8
gto
 10
54.443989
 20
6.948434
  0
SEQEND
  8
gto
  0
POLYLINE
  8
gto
 62
1
 40
0.000000
 41
0.000000
 66
  1
  0
VERTEX
  8
gto
 10
54.319529
 20
5.868932
  0
VERTEX
  8
gto
 10
54.296159
 20
5.864362
  0
VERTEX
  8
gto
 10
54.276349
 20
5.851152
  0
VERTEX
  8
gto
 10
54.143248
 20
5.721611
  0
VERTEX
  8
gto
 10
54.136648
 20
5.711961
  0
VERTEX
  8
gto
 10
54.131568
 20
5.686051
  0
VERTEX
  8
gto
 10
54.131568
 20
5.211070
  0
VERTEX
  8
gto
 10
54.253489
 20
5.211070
  0
VERTEX
  8
gto
 10
54.253489
 20
5.658111
  0
VERTEX
  8
gto
 10
54.344929
 20
5.747011
  0
VERTEX
  8
gto
 10
55.035810
 20
5.747011
  0
VERTEX
  8
gto
 10
55.122170
 20
5.658111
  0
VERTEX
  8
gto
 10
55.122170
 20
5.208530
  0
VERTEX
  8
gto
 10
55.040890
 20
5.129790
  0
VERTEX
  8
gto
 10
54.342389
 20
5.129790
  0
VERTEX
  8
gto
 10
54.253489
 20
5.211070
  0
VERTEX
  8
gto
 10
54.131568
 20
5.211070
  0
VERTEX
  8
gto
 10
54.133088
 20
5.169920
  0
VERTEX
  8
gto
 10
54.136648
 20
5.158240
  0
VERTEX
  8
gto
 10
54.143248
 20
5.148080
  0
VERTEX
  8
gto
 10
54.276349
 20
5.023110
  0
VERTEX
  8
gto
 10
54.296669
 20
5.007870
  0
VERTEX
  8
gto
 10
54.306829
 20
5.003810
  0
VERTEX
  8
gto
 10
55.066290
 20
5.002790
  0
VERTEX
  8
gto
 10
55.091690
 20
5.006850
  0
VERTEX
  8
gto
 10
55.102360
 20
5.012440
  0
VERTEX
  8
gto
 10
55.228850
 20
5.139950
  0
VERTEX
  8
gto
 10
55.240530
 20
5.159250
  0
VERTEX
  8
gto
 10
55.244090
 20
5.183130
  0
VERTEX
  8
gto
 10
55.243070
 20
5.695701
  0
VERTEX
  8
gto
 10
55.233930
 20
5.717041
  0
VERTEX
  8
gto
 10
55.096260
 20
5.858772
  0
VERTEX
  8
gto
 10
55.086100
 20
5.864362
  0
VERTEX
  8
gto
 10
55.061210
 20
5.868932
  0
SEQEND
  8
gto
  0
POLYLINE
  8
gto
 62
1
 40
0.000000
 41
0.000000
 66
  1
  0
VERTEX
  8
gto
 10
54.131568
 20
4.532889
  0
VERTEX
  8
gto
 10
54.131568
 20
4.162048
  0
VERTEX
  8
gto
 10
54.253489
 20
4.162048
  0
VERTEX
  8
gto
 10
54.253489
 20
4.286509
  0
VERTEX
  8
gto
 10
55.124710
 20
4.286509
  0
VERTEX
  8
gto
 10
55.124710
 20
4.162048
  0
VERTEX
  8
gto
 10
55.249170
 20
4.162048
  0
VERTEX
  8
gto
 10
55.249170
 20
4.532889
  0
VERTEX
  8
gto
 10
55.124710
 20
4.532889
  0
VERTEX
  8
gto
 10
55.124710
 20
4.408429
  0
VERTEX
  8
gto
 10
54.253489
 20
4.408429
  0
VERTEX
  8
gto
 10
54.253489
 20
4.532889
  0
SEQEND
  8
gto
  0
POLYLINE
  8
gto
 62
1
 40
0.000000
 41
0.000000
 66
  1
  0
VERTEX
  8
gto
 10
51.554483
 20
6.587753
  0
VERTEX
  8
gto
 10
51.536703
 20
6.585213
  0
VERTEX
  8
gto
 10
51.521963
 20
6.578613
  0
VERTEX
  8
gto
 10
51.509773
 20
6.567433
  0
VERTEX
  8
gto
 10
51.497583
 20
6.544063
  0
VERTEX
  8
gto
 10
51.494023
 20
6.532383
  0
VERTEX
  8
gto
 10
51.494533
 20
6.519173
  0
VERTEX
  8
gto
 10
51.504693
 20
6.498853
  0
VERTEX
  8
gto
 10
51.805944
 20
6.206752
  0
VERTEX
  8
gto
 10
51.884684
 20
6.290573
  0
VERTEX
  8
gto
 10
51.696723
 20
6.470913
  0
VERTEX
  8
gto
 10
52.730505
 20
6.470913
  0
VERTEX
  8
gto
 10
52.730505
 20
6.587753
  0
SEQEND
  8
gto
  0
POLYLINE
  8
gto
 62
1
 40
0.000000
 41
0.000000
 66
  1
  0
VERTEX
  8
gto
 10
51.803404
 20
5.868932
  0
VERTEX
  8
gto
 10
51.779524
 20
5.864362
  0
VERTEX
  8
gto
 10
51.760224
 20
5.851152
  0
VERTEX
  8
gto
 10
51.626613
 20
5.721611
  0
VERTEX
  8
gto
 10
51.620523
 20
5.711961
  0
VERTEX
  8
gto
 10
51.616453
 20
5.699771
  0
VERTEX
  8
gto
 10
51.615443
 20
5.211070
  0
VERTEX
  8
gto
 10
51.737363
 20
5.211070
  0
VERTEX
  8
gto
 10
51.737363
 20
5.658111
  0
VERTEX
  8
gto
 10
51.828804
 20
5.747011
  0
VERTEX
  8
gto
 10
52.519685
 20
5.747011
  0
VERTEX
  8
gto
 10
52.606045
 20
5.658111
  0
VERTEX
  8
gto
 10
52.606045
 20
5.208530
  0
VERTEX
  8
gto
 10
52.524765
 20
5.129790
  0
VERTEX
  8
gto
 10
51.826264
 20
5.129790
  0
VERTEX
  8
gto
 10
51.737363
 20
5.211070
  0
VERTEX
  8
gto
 10
51.615443
 20
5.211070
  0
VERTEX
  8
gto
 10
51.616453
 20
5.169920
  0
VERTEX
  8
gto
 10
51.626613
 20
5.148080
  0
VERTEX
  8
gto
 10
51.760224
 20
5.023110
  0
VERTEX
  8
gto
 10
51.780544
 20
5.007870
  0
VERTEX
  8
gto
 10
51.790704
 20
5.003810
  0
VERTEX
  8
gto
 10
52.550165
 20
5.002790
  0
VERTEX
  8
gto
 10
52.575565
 20
5.006850
  0
VERTEX
  8
gto
 10
52.586225
 20
5.012440
  0
VERTEX
  8
gto
 10
52.712725
 20
5.139950
  0
VERTEX
  8
gto
 10
52.723895
 20
5.159250
  0
VERTEX
  8
gto
 10
52.727965
 20
5.183130
  0
VERTEX
  8
gto
 10
52.727965
 20
5.683511
  0
VERTEX
  8
gto
 10
52.723385
 20
5.706881
  0
VERTEX
  8
gto
 10
52.710185
 20
5.726691
  0
VERTEX
  8
gto
 10
52.579625
 20
5.858772
  0
VERTEX
  8
gto
 10
52.569465
 20
5.864362
  0
VERTEX
  8
gto
 10
52.545085
 20
5.868932
  0
SEQEND
  8
gto
  0
POLYLINE
  8
gto
 62
1
 40
0.000000
 41
0.000000
 66
  1
  0
VERTEX
  8
gto
 10
51.615443
 20
4.532889
  0
VERTEX
  8
gto
 10
51.615443
 20
4.162048
  0
VERTEX
  8
gto
 10
51.737363
 20
4.162048
  0
VERTEX
  8
gto
 10
51.737363
 20
4.286509
  0
VERTEX
  8
gto
 10
52.608585
 20
4.286509
  0
VERTEX
  8
gto
 10
52.608585
 20
4.162048
  0
VERTEX
  8
gto
 10
52.733045
 20
4.162048
  0
VERTEX
  8
gto
 10
52.733045
 20
4.532889
  0
VERTEX
  8
gto
 10
52.608585
 20
4.532889
  0
VERTEX
  8
gto
 10
52.608585
 20
4.408429
  0
VERTEX
  8
gto
 10
51.737363
 20
4.408429
  0
VERTEX
  8
gto
 10
51.737363
 20
4.532889
  0
SEQEND
  8
gto
  0
POLYLINE
  8
gto
 62
1
 40
0.000000
 41
0.000000
 66
  1
  0
VERTEX
  8
gto
 10
49.281679
 20
6.948434
  0
VERTEX
  8
gto
 10
49.258819
 20
6.943864
  0
VERTEX
  8
gto
 10
49.241038
 20
6.930654
  0
VERTEX
  8
gto
 10
48.989578
 20
6.681733
  0
VERTEX
  8
gto
 10
48.976378
 20
6.661923
  0
VERTEX
  8
gto
 10
48.972818
 20
6.650743
  0
VERTEX
  8
gto
 10
48.971798
 20
6.435353
  0
VERTEX
  8
gto
 10
49.093718
 20
6.435353
  0
VERTEX
  8
gto
 10
49.093718
 20
6.613153
  0
VERTEX
  8
gto
 10
49.307079
 20
6.826514
  0
VERTEX
  8
gto
 10
49.883660
 20
6.826514
  0
VERTEX
  8
gto
 10
50.091940
 20
6.618233
  0
VERTEX
  8
gto
 10
50.091940
 20
6.430273
  0
VERTEX
  8
gto
 10
49.881120
 20
6.219452
  0
VERTEX
  8
gto
 10
49.307079
 20
6.219452
  0
VERTEX
  8
gto
 10
49.093718
 20
6.435353
  0
VERTEX
  8
gto
 10
48.971798
 20
6.435353
  0
VERTEX
  8
gto
 10
48.972818
 20
6.397763
  0
VERTEX
  8
gto
 10
48.981958
 20
6.377443
  0
VERTEX
  8
gto
 10
49.248158
 20
6.107182
  0
VERTEX
  8
gto
 10
49.257299
 20
6.101592
  0
VERTEX
  8
gto
 10
49.281679
 20
6.097532
  0
VERTEX
  8
gto
 10
49.916180
 20
6.098552
  0
VERTEX
  8
gto
 10
49.927350
 20
6.101592
  0
VERTEX
  8
gto
 10
49.938020
 20
6.107182
  0
VERTEX
  8
gto
 10
50.203700
 20
6.372363
  0
VERTEX
  8
gto
 10
50.212850
 20
6.394203
  0
VERTEX
  8
gto
 10
50.212850
 20
6.655823
  0
VERTEX
  8
gto
 10
50.203700
 20
6.677163
  0
VERTEX
  8
gto
 10
50.196080
 20
6.686813
  0
VERTEX
  8
gto
 10
49.943610
 20
6.938274
  0
VERTEX
  8
gto
 10
49.933960
 20
6.943864
  0
VERTEX
  8
gto
 10
49.909060
 20
6.948434
  0
SEQEND
  8
gto
  0
POLYLINE
  8
gto
 62
1
 40
0.000000
 41
0.000000
 66
  1
  0
VERTEX
  8
gto
 10
49.472179
 20
6.582673
  0
VERTEX
  8
gto
 10
49.448819
 20
6.577593
  0
VERTEX
  8
gto
 10
49.428999
 20
6.562353
  0
VERTEX
  8
gto
 10
49.415799
 20
6.543053
  0
VERTEX
  8
gto
 10
49.411219
 20
6.521713
  0
VERTEX
  8
gto
 10
49.412239
 20
6.507993
  0
VERTEX
  8
gto
 10
49.421379
 20
6.485133
  0
VERTEX
  8
gto
 10
49.438149
 20
6.468883
  0
VERTEX
  8
gto
 10
49.459989
 20
6.461263
  0
VERTEX
  8
gto
 10
49.733299
 20
6.461263
  0
VERTEX
  8
gto
 10
49.755140
 20
6.468883
  0
VERTEX
  8
gto
 10
49.771900
 20
6.485133
  0
VERTEX
  8
gto
 10
49.781050
 20
6.507993
  0
VERTEX
  8
gto
 10
49.781050
 20
6.532383
  0
VERTEX
  8
gto
 10
49.771900
 20
6.552703
  0
VERTEX
  8
gto
 10
49.755140
 20
6.570993
  0
VERTEX
  8
gto
 10
49.744469
 20
6.577593
  0
VERTEX
  8
gto
 10
49.721099
 20
6.582673
  0
SEQEND
  8
gto
  0
POLYLINE
  8
gto
 62
1
 40
0.000000
 41
0.000000
 66
  1
  0
VERTEX
  8
gto
 10
49.286759
 20
5.868932
  0
VERTEX
  8
gto
 10
49.263399
 20
5.864362
  0
VERTEX
  8
gto
 10
49.243578
 20
5.851152
  0
VERTEX
  8
gto
 10
49.110488
 20
5.721611
  0
VERTEX
  8
gto
 10
49.103878
 20
5.711961
  0
VERTEX
  8
gto
 10
49.098798
 20
5.686051
  0
VERTEX
  8
gto
 10
49.098798
 20
5.211070
  0
VERTEX
  8
gto
 10
49.220718
 20
5.211070
  0
VERTEX
  8
gto
 10
49.220718
 20
5.658111
  0
VERTEX
  8
gto
 10
49.312159
 20
5.747011
  0
VERTEX
  8
gto
 10
50.003040
 20
5.747011
  0
VERTEX
  8
gto
 10
50.089400
 20
5.658111
  0
VERTEX
  8
gto
 10
50.089400
 20
5.208530
  0
VERTEX
  8
gto
 10
50.008120
 20
5.129790
  0
VERTEX
  8
gto
 10
49.309619
 20
5.129790
  0
VERTEX
  8
gto
 10
49.220718
 20
5.211070
  0
VERTEX
  8
gto
 10
49.098798
 20
5.211070
  0
VERTEX
  8
gto
 10
49.100328
 20
5.169920
  0
VERTEX
  8
gto
 10
49.103878
 20
5.158240
  0
VERTEX
  8
gto
 10
49.110488
 20
5.148080
  0
VERTEX
  8
gto
 10
49.243578
 20
5.023110
  0
VERTEX
  8
gto
 10
49.263899
 20
5.007870
  0
VERTEX
  8
gto
 10
49.274059
 20
5.003810
  0
VERTEX
  8
gto
 10
50.033520
 20
5.002790
  0
VERTEX
  8
gto
 10
50.058920
 20
5.006850
  0
VERTEX
  8
gto
 10
50.069590
 20
5.012440
  0
VERTEX
  8
gto
 10
50.196080
 20
5.139950
  0
VERTEX
  8
gto
 10
50.207260
 20
5.159250
  0
VERTEX
  8
gto
 10
50.211320
 20
5.183130
  0
VERTEX
  8
gto
 10
50.210310
 20
5.695701
  0
VERTEX
  8
gto
 10
50.201160
 20
5.717041
  0
VERTEX
  8
gto
 10
50.071620
 20
5.851152
  0
VERTEX
  8
gto
 10
50.053340
 20
5.864362
  0
VERTEX
  8
gto
 10
50.028440
 20
5.868932
  0
SEQEND
  8
gto
  0
POLYLINE
  8
gto
 62
1
 40
0.000000
 41
0.000000
 66
  1
  0
VERTEX
  8
gto
 10
49.098798
 20
4.532889
  0
VERTEX
  8
gto
 10
49.098798
 20
4.162048
  0
VERTEX
  8
gto
 10
49.220718
 20
4.162048
  0
VERTEX
  8
gto
 10
49.220718
 20
4.286509
  0
VERTEX
  8
gto
 10
50.091940
 20
4.286509
  0
VERTEX
  8
gto
 10
50.091940
 20
4.162048
  0
VERTEX
  8
gto
 10
50.216400
 20
4.162048
  0
VERTEX
  8
gto
 10
50.216400
 20
4.532889
  0
VERTEX
  8
gto
 10
50.091940
 20
4.532889
  0
VERTEX
  8
gto
 10
50.091940
 20
4.408429
  0
VERTEX
  8
gto
 10
49.220718
 20
4.408429
  0
VERTEX
  8
gto
 10
49.220718
 20
4.532889
  0
SEQEND
  8
gto
  0
POLYLINE
  8
gto
 62
1
 40
0.000000
 41
0.000000
 66
  1
  0
VERTEX
  8
gto
 10
37.647945
 20
39.146558
  0
VERTEX
  8
gto
 10
37.647945
 20
39.024638
  0
VERTEX
  8
gto
 10
37.805436
 20
39.024638
  0
VERTEX
  8
gto
 10
38.117856
 20
38.714757
  0
VERTEX
  8
gto
 10
37.805436
 20
38.404867
  0
VERTEX
  8
gto
 10
37.647945
 20
38.404867
  0
VERTEX
  8
gto
 10
37.647945
 20
38.282947
  0
VERTEX
  8
gto
 10
37.842006
 20
38.283967
  0
VERTEX
  8
gto
 10
37.862326
 20
38.293117
  0
VERTEX
  8
gto
 10
38.206756
 20
38.628397
  0
VERTEX
  8
gto
 10
38.546097
 20
38.293117
  0
VERTEX
  8
gto
 10
38.567937
 20
38.283967
  0
VERTEX
  8
gto
 10
38.760478
 20
38.282947
  0
VERTEX
  8
gto
 10
38.760478
 20
38.404867
  0
VERTEX
  8
gto
 10
38.602997
 20
38.404867
  0
VERTEX
  8
gto
 10
38.290577
 20
38.714757
  0
VERTEX
  8
gto
 10
38.602997
 20
39.024638
  0
VERTEX
  8
gto
 10
38.760478
 20
39.024638
  0
VERTEX
  8
gto
 10
38.760478
 20
39.146558
  0
VERTEX
  8
gto
 10
38.567937
 20
39.145538
  0
VERTEX
  8
gto
 10
38.546097
 20
39.136398
  0
VERTEX
  8
gto
 10
38.204216
 20
38.801118
  0
VERTEX
  8
gto
 10
37.862326
 20
39.136398
  0
VERTEX
  8
gto
 10
37.842006
 20
39.145538
  0
SEQEND
  8
gto
  0
POLYLINE
  8
gto
 62
1
 40
0.000000
 41
0.000000
 66
  1
  0
VERTEX
  8
gto
 10
37.647945
 20
38.059436
  0
VERTEX
  8
gto
 10
37.647945
 20
37.193294
  0
VERTEX
  8
gto
 10
37.769866
 20
37.193294
  0
VERTEX
  8
gto
 10
37.769866
 20
37.564135
  0
VERTEX
  8
gto
 10
38.763018
 20
37.564135
  0
VERTEX
  8
gto
 10
38.763018
 20
37.688585
  0
VERTEX
  8
gto
 10
37.769866
 20
37.688585
  0
VERTEX
  8
gto
 10
37.769866
 20
38.059436
  0
SEQEND
  8
gto
  0
POLYLINE
  8
gto
 62
1
 40
0.000000
 41
0.000000
 66
  1
  0
VERTEX
  8
gto
 10
40.091440
 20
39.146558
  0
VERTEX
  8
gto
 10
40.091440
 20
39.024638
  0
VERTEX
  8
gto
 10
40.248920
 20
39.024638
  0
VERTEX
  8
gto
 10
40.561341
 20
38.714757
  0
VERTEX
  8
gto
 10
40.248920
 20
38.404867
  0
VERTEX
  8
gto
 10
40.091440
 20
38.404867
  0
VERTEX
  8
gto
 10
40.091440
 20
38.282947
  0
VERTEX
  8
gto
 10
40.285491
 20
38.283967
  0
VERTEX
  8
gto
 10
40.305811
 20
38.293117
  0
VERTEX
  8
gto
 10
40.650231
 20
38.628397
  0
VERTEX
  8
gto
 10
40.989582
 20
38.293117
  0
VERTEX
  8
gto
 10
41.011422
 20
38.283967
  0
VERTEX
  8
gto
 10
41.203952
 20
38.282947
  0
VERTEX
  8
gto
 10
41.203952
 20
38.404867
  0
VERTEX
  8
gto
 10
41.046482
 20
38.404867
  0
VERTEX
  8
gto
 10
40.734061
 20
38.714757
  0
VERTEX
  8
gto
 10
41.046482
 20
39.024638
  0
VERTEX
  8
gto
 10
41.203952
 20
39.024638
  0
VERTEX
  8
gto
 10
41.203952
 20
39.146558
  0
VERTEX
  8
gto
 10
41.011422
 20
39.145538
  0
VERTEX
  8
gto
 10
40.989582
 20
39.136398
  0
VERTEX
  8
gto
 10
40.647701
 20
38.801118
  0
VERTEX
  8
gto
 10
40.305811
 20
39.136398
  0
VERTEX
  8
gto
 10
40.285491
 20
39.145538
  0
SEQEND
  8
gto
  0
POLYLINE
  8
gto
 62
1
 40
0.000000
 41
0.000000
 66
  1
  0
VERTEX
  8
gto
 10
40.274321
 20
38.059436
  0
VERTEX
  8
gto
 10
40.263141
 20
38.058416
  0
VERTEX
  8
gto
 10
40.242820
 20
38.049276
  0
VERTEX
  8
gto
 10
40.102610
 20
37.908046
  0
VERTEX
  8
gto
 10
40.092450
 20
37.886206
  0
VERTEX
  8
gto
 10
40.091440
 20
37.315215
  0
VERTEX
  8
gto
 10
40.213360
 20
37.315215
  0
VERTEX
  8
gto
 10
40.213360
 20
37.851156
  0
VERTEX
  8
gto
 10
40.302261
 20
37.937516
  0
VERTEX
  8
gto
 10
40.500371
 20
37.937516
  0
VERTEX
  8
gto
 10
40.586731
 20
37.851156
  0
VERTEX
  8
gto
 10
40.586731
 20
37.315215
  0
VERTEX
  8
gto
 10
40.091440
 20
37.315215
  0
VERTEX
  8
gto
 10
40.091440
 20
37.193294
  0
VERTEX
  8
gto
 10
41.206502
 20
37.193294
  0
VERTEX
  8
gto
 10
41.206502
 20
37.315215
  0
VERTEX
  8
gto
 10
40.708661
 20
37.315215
  0
VERTEX
  8
gto
 10
40.708661
 20
37.475225
  0
VERTEX
  8
gto
 10
41.168402
 20
37.937516
  0
VERTEX
  8
gto
 10
41.206502
 20
37.937516
  0
VERTEX
  8
gto
 10
41.206502
 20
38.056896
  0
VERTEX
  8
gto
 10
41.133342
 20
38.055876
  0
VERTEX
  8
gto
 10
41.111502
 20
38.046726
  0
VERTEX
  8
gto
 10
40.708661
 20
37.647945
  0
VERTEX
  8
gto
 10
40.707641
 20
37.890266
  0
VERTEX
  8
gto
 10
40.698501
 20
37.912116
  0
VERTEX
  8
gto
 10
40.690871
 20
37.922276
  0
VERTEX
  8
gto
 10
40.568951
 20
38.041656
  0
VERTEX
  8
gto
 10
40.548131
 20
38.054856
  0
VERTEX
  8
gto
 10
40.525781
 20
38.059436
  0
SEQEND
  8
gto
  0
POLYLINE
  8
gto
 62
1
 40
0.000000
 41
0.000000
 66
  1
  0
VERTEX
  8
gto
 10
9.671319
 20
23.499617
  0
VERTEX
  8
gto
 10
9.671319
 20
22.384555
  0
VERTEX
  8
gto
 10
10.529841
 20
22.384555
  0
VERTEX
  8
gto
 10
10.529841
 20
22.506475
  0
VERTEX
  8
gto
 10
9.793240
 20
22.506475
  0
VERTEX
  8
gto
 10
9.793240
 20
22.879856
  0
VERTEX
  8
gto
 10
10.280921
 20
22.879856
  0
VERTEX
  8
gto
 10
10.280921
 20
23.004316
  0
VERTEX
  8
gto
 10
9.793240
 20
23.004316
  0
VERTEX
  8
gto
 10
9.793240
 20
23.377697
  0
VERTEX
  8
gto
 10
10.529841
 20
23.377697
  0
VERTEX
  8
gto
 10
10.529841
 20
23.499617
  0
SEQEND
  8
gto
  0
POLYLINE
  8
gto
 62
1
 40
0.000000
 41
0.000000
 66
  1
  0
VERTEX
  8
gto
 10
10.753362
 20
23.499617
  0
VERTEX
  8
gto
 10
10.753362
 20
23.377697
  0
VERTEX
  8
gto
 10
11.408683
 20
23.377697
  0
VERTEX
  8
gto
 10
11.497583
 20
23.288797
  0
VERTEX
  8
gto
 10
11.497583
 20
23.090676
  0
VERTEX
  8
gto
 10
11.411223
 20
23.004316
  0
VERTEX
  8
gto
 10
10.875282
 20
23.004316
  0
VERTEX
  8
gto
 10
10.875282
 20
23.377697
  0
VERTEX
  8
gto
 10
10.753362
 20
23.377697
  0
VERTEX
  8
gto
 10
10.753362
 20
22.384555
  0
VERTEX
  8
gto
 10
10.875282
 20
22.384555
  0
VERTEX
  8
gto
 10
10.875282
 20
22.882396
  0
VERTEX
  8
gto
 10
11.032762
 20
22.882396
  0
VERTEX
  8
gto
 10
11.497583
 20
22.422655
  0
VERTEX
  8
gto
 10
11.497583
 20
22.384555
  0
VERTEX
  8
gto
 10
11.616963
 20
22.384555
  0
VERTEX
  8
gto
 10
11.615943
 20
22.457705
  0
VERTEX
  8
gto
 10
11.606803
 20
22.479045
  0
VERTEX
  8
gto
 10
11.599183
 20
22.488695
  0
VERTEX
  8
gto
 10
11.208022
 20
22.882396
  0
VERTEX
  8
gto
 10
11.450343
 20
22.883406
  0
VERTEX
  8
gto
 10
11.470663
 20
22.892046
  0
VERTEX
  8
gto
 10
11.601723
 20
23.022096
  0
VERTEX
  8
gto
 10
11.614933
 20
23.042926
  0
VERTEX
  8
gto
 10
11.618483
 20
23.053586
  0
VERTEX
  8
gto
 10
11.618483
 20
23.327907
  0
VERTEX
  8
gto
 10
11.609343
 20
23.348227
  0
VERTEX
  8
gto
 10
11.477263
 20
23.479297
  0
VERTEX
  8
gto
 10
11.457453
 20
23.494537
  0
VERTEX
  8
gto
 10
11.434083
 20
23.499617
  0
SEQEND
  8
gto
  0
POLYLINE
  8
gto
 62
1
 40
0.000000
 41
0.000000
 66
  1
  0
VERTEX
  8
gto
 10
11.843024
 20
23.499617
  0
VERTEX
  8
gto
 10
11.843024
 20
23.377697
  0
VERTEX
  8
gto
 10
12.498345
 20
23.377697
  0
VERTEX
  8
gto
 10
12.587245
 20
23.288797
  0
VERTEX
  8
gto
 10
12.587245
 20
23.090676
  0
VERTEX
  8
gto
 10
12.500885
 20
23.004316
  0
VERTEX
  8
gto
 10
11.964944
 20
23.004316
  0
VERTEX
  8
gto
 10
11.964944
 20
23.377697
  0
VERTEX
  8
gto
 10
11.843024
 20
23.377697
  0
VERTEX
  8
gto
 10
11.843024
 20
22.384555
  0
VERTEX
  8
gto
 10
11.964944
 20
22.384555
  0
VERTEX
  8
gto
 10
11.964944
 20
22.882396
  0
VERTEX
  8
gto
 10
12.122424
 20
22.882396
  0
VERTEX
  8
gto
 10
12.587245
 20
22.422655
  0
VERTEX
  8
gto
 10
12.587245
 20
22.384555
  0
VERTEX
  8
gto
 10
12.706625
 20
22.384555
  0
VERTEX
  8
gto
 10
12.705605
 20
22.457705
  0
VERTEX
  8
gto
 10
12.696465
 20
22.479045
  0
VERTEX
  8
gto
 10
12.688845
 20
22.488695
  0
VERTEX
  8
gto
 10
12.297685
 20
22.882396
  0
VERTEX
  8
gto
 10
12.538475
 20
22.883406
  0
VERTEX
  8
gto
 10
12.549655
 20
22.886456
  0
VERTEX
  8
gto
 10
12.560325
 20
22.892046
  0
VERTEX
  8
gto
 10
12.688845
 20
23.022096
  0
VERTEX
  8
gto
 10
12.704085
 20
23.042926
  0
VERTEX
  8
gto
 10
12.708145
 20
23.053586
  0
VERTEX
  8
gto
 10
12.708145
 20
23.327907
  0
VERTEX
  8
gto
 10
12.697485
 20
23.348227
  0
VERTEX
  8
gto
 10
12.566925
 20
23.479297
  0
VERTEX
  8
gto
 10
12.546095
 20
23.494537
  0
VERTEX
  8
gto
 10
12.523745
 20
23.499617
  0
SEQEND
  8
gto
  0
POLYLINE
  8
gto
 62
1
 40
0.000000
 41
0.000000
 66
  1
  0
VERTEX
  8
gto
 10
9.671319
 20
25.817112
  0
VERTEX
  8
gto
 10
9.671319
 20
25.608831
  0
VERTEX
  8
gto
 10
10.044700
 20
24.737609
  0
VERTEX
  8
gto
 10
10.053840
 20
24.720849
  0
VERTEX
  8
gto
 10
10.066040
 20
24.709169
  0
VERTEX
  8
gto
 10
10.081780
 20
24.702049
  0
VERTEX
  8
gto
 10
10.100580
 20
24.699509
  0
VERTEX
  8
gto
 10
10.119380
 20
24.702049
  0
VERTEX
  8
gto
 10
10.135120
 20
24.709169
  0
VERTEX
  8
gto
 10
10.147320
 20
24.720849
  0
VERTEX
  8
gto
 10
10.156460
 20
24.737609
  0
VERTEX
  8
gto
 10
10.532381
 20
25.606291
  0
VERTEX
  8
gto
 10
10.537461
 20
25.631691
  0
VERTEX
  8
gto
 10
10.537461
 20
25.817112
  0
VERTEX
  8
gto
 10
10.415541
 20
25.817112
  0
VERTEX
  8
gto
 10
10.415541
 20
25.644391
  0
VERTEX
  8
gto
 10
10.100580
 20
24.917950
  0
VERTEX
  8
gto
 10
9.793240
 20
25.644391
  0
VERTEX
  8
gto
 10
9.793240
 20
25.817112
  0
SEQEND
  8
gto
  0
POLYLINE
  8
gto
 62
1
 40
0.000000
 41
0.000000
 66
  1
  0
VERTEX
  8
gto
 10
11.009902
 20
25.817112
  0
VERTEX
  8
gto
 10
11.009902
 20
25.695191
  0
VERTEX
  8
gto
 10
11.131822
 20
25.695191
  0
VERTEX
  8
gto
 10
11.131822
 20
24.823970
  0
VERTEX
  8
gto
 10
11.009902
 20
24.823970
  0
VERTEX
  8
gto
 10
11.009902
 20
24.699509
  0
VERTEX
  8
gto
 10
11.380743
 20
24.699509
  0
VERTEX
  8
gto
 10
11.380743
 20
24.823970
  0
VERTEX
  8
gto
 10
11.256283
 20
24.823970
  0
VERTEX
  8
gto
 10
11.256283
 20
25.695191
  0
VERTEX
  8
gto
 10
11.380743
 20
25.695191
  0
VERTEX
  8
gto
 10
11.380743
 20
25.817112
  0
SEQEND
  8
gto
  0
POLYLINE
  8
gto
 62
1
 40
0.000000
 41
0.000000
 66
  1
  0
VERTEX
  8
gto
 10
11.850644
 20
25.817112
  0
VERTEX
  8
gto
 10
11.850644
 20
24.704589
  0
VERTEX
  8
gto
 10
11.975104
 20
24.704589
  0
VERTEX
  8
gto
 10
11.975104
 20
25.634231
  0
VERTEX
  8
gto
 10
12.594865
 20
25.009390
  0
VERTEX
  8
gto
 10
12.594865
 20
24.704589
  0
VERTEX
  8
gto
 10
12.716785
 20
24.704589
  0
VERTEX
  8
gto
 10
12.716785
 20
25.817112
  0
VERTEX
  8
gto
 10
12.594865
 20
25.817112
  0
VERTEX
  8
gto
 10
12.594865
 20
25.197350
  0
VERTEX
  8
gto
 10
11.975104
 20
25.817112
  0
SEQEND
  8
gto
  0
POLYLINE
  8
gto
 62
1
 40
0.000000
 41
0.000000
 66
  1
  0
VERTEX
  8
gto
 10
9.671319
 20
28.262127
  0
VERTEX
  8
gto
 10
9.671319
 20
27.769366
  0
VERTEX
  8
gto
 10
10.192020
 20
27.769366
  0
VERTEX
  8
gto
 10
10.400301
 20
27.561085
  0
VERTEX
  8
gto
 10
10.400301
 20
27.355345
  0
VERTEX
  8
gto
 10
10.189480
 20
27.144524
  0
VERTEX
  8
gto
 10
9.676399
 20
27.144524
  0
VERTEX
  8
gto
 10
9.676399
 20
27.022604
  0
VERTEX
  8
gto
 10
10.228090
 20
27.023614
  0
VERTEX
  8
gto
 10
10.239770
 20
27.026664
  0
VERTEX
  8
gto
 10
10.249420
 20
27.032254
  0
VERTEX
  8
gto
 10
10.504441
 20
27.286765
  0
VERTEX
  8
gto
 10
10.517651
 20
27.306065
  0
VERTEX
  8
gto
 10
10.521201
 20
27.317755
  0
VERTEX
  8
gto
 10
10.521201
 20
27.599185
  0
VERTEX
  8
gto
 10
10.517651
 20
27.610355
  0
VERTEX
  8
gto
 10
10.512061
 20
27.619505
  0
VERTEX
  8
gto
 10
10.250441
 20
27.879596
  0
VERTEX
  8
gto
 10
10.239770
 20
27.886206
  0
VERTEX
  8
gto
 10
10.217420
 20
27.891286
  0
VERTEX
  8
gto
 10
9.793240
 20
27.891286
  0
VERTEX
  8
gto
 10
9.793240
 20
28.140206
  0
VERTEX
  8
gto
 10
10.522221
 20
28.140206
  0
VERTEX
  8
gto
 10
10.522221
 20
28.262127
  0
SEQEND
  8
gto
  0
POLYLINE
  8
gto
 62
1
 40
0.000000
 41
0.000000
 66
  1
  0
VERTEX
  8
gto
 10
10.753362
 20
28.135126
  0
VERTEX
  8
gto
 10
10.753362
 20
27.926846
  0
VERTEX
  8
gto
 10
11.124202
 20
27.055624
  0
VERTEX
  8
gto
 10
11.134362
 20
27.038854
  0
VERTEX
  8
gto
 10
11.147572
 20
27.026664
  0
VERTEX
  8
gto
 10
11.163822
 20
27.019554
  0
VERTEX
  8
gto
 10
11.182622
 20
27.017524
  0
VERTEX
  8
gto
 10
11.201422
 20
27.019554
  0
VERTEX
  8
gto
 10
11.216662
 20
27.026664
  0
VERTEX
  8
gto
 10
11.229362
 20
27.038854
  0
VERTEX
  8
gto
 10
11.238502
 20
27.055624
  0
VERTEX
  8
gto
 10
11.614423
 20
27.924306
  0
VERTEX
  8
gto
 10
11.619503
 20
27.949706
  0
VERTEX
  8
gto
 10
11.619503
 20
28.135126
  0
VERTEX
  8
gto
 10
11.497583
 20
28.135126
  0
VERTEX
  8
gto
 10
11.497583
 20
27.962406
  0
VERTEX
  8
gto
 10
11.182622
 20
27.235964
  0
VERTEX
  8
gto
 10
10.875282
 20
27.962406
  0
VERTEX
  8
gto
 10
10.875282
 20
28.135126
  0
SEQEND
  8
gto
  0
POLYLINE
  8
gto
 62
1
 40
0.000000
 41
0.000000
 66
  1
  0
VERTEX
  8
gto
 10
9.795780
 20
30.706621
  0
VERTEX
  8
gto
 10
9.795780
 20
30.584701
  0
VERTEX
  8
gto
 10
10.400301
 20
30.584701
  0
VERTEX
  8
gto
 10
10.400301
 20
30.541521
  0
VERTEX
  8
gto
 10
10.047240
 20
30.193540
  0
VERTEX
  8
gto
 10
10.034030
 20
30.172720
  0
VERTEX
  8
gto
 10
10.029460
 20
30.150360
  0
VERTEX
  8
gto
 10
10.030480
 20
30.138170
  0
VERTEX
  8
gto
 10
10.039620
 20
30.116840
  0
VERTEX
  8
gto
 10
10.047240
 20
30.107180
  0
VERTEX
  8
gto
 10
10.068070
 20
30.093980
  0
VERTEX
  8
gto
 10
10.090420
 20
30.089400
  0
VERTEX
  8
gto
 10
10.186940
 20
30.089400
  0
VERTEX
  8
gto
 10
10.397761
 20
29.876040
  0
VERTEX
  8
gto
 10
10.397761
 20
29.789680
  0
VERTEX
  8
gto
 10
10.197100
 20
29.589019
  0
VERTEX
  8
gto
 10
9.871980
 20
29.589019
  0
VERTEX
  8
gto
 10
9.755140
 20
29.705859
  0
VERTEX
  8
gto
 10
9.671319
 20
29.619499
  0
VERTEX
  8
gto
 10
9.803400
 20
29.484879
  0
VERTEX
  8
gto
 10
9.824230
 20
29.471679
  0
VERTEX
  8
gto
 10
9.846580
 20
29.467099
  0
VERTEX
  8
gto
 10
10.232150
 20
29.468119
  0
VERTEX
  8
gto
 10
10.254001
 20
29.477259
  0
VERTEX
  8
gto
 10
10.501901
 20
29.723639
  0
VERTEX
  8
gto
 10
10.515111
 20
29.743459
  0
VERTEX
  8
gto
 10
10.518661
 20
29.754630
  0
VERTEX
  8
gto
 10
10.518661
 20
29.913640
  0
VERTEX
  8
gto
 10
10.509521
 20
29.935480
  0
VERTEX
  8
gto
 10
10.252981
 20
30.193540
  0
VERTEX
  8
gto
 10
10.242820
 20
30.201160
  0
VERTEX
  8
gto
 10
10.232660
 20
30.203700
  0
VERTEX
  8
gto
 10
10.504441
 20
30.475481
  0
VERTEX
  8
gto
 10
10.517651
 20
30.495301
  0
VERTEX
  8
gto
 10
10.521201
 20
30.506471
  0
VERTEX
  8
gto
 10
10.522221
 20
30.706621
  0
SEQEND
  8
gto
  0
POLYLINE
  8
gto
 62
1
 40
0.000000
 41
0.000000
 66
  1
  0
VERTEX
  8
gto
 10
11.975104
 20
30.706621
  0
VERTEX
  8
gto
 10
11.975104
 20
30.584701
  0
VERTEX
  8
gto
 10
12.577085
 20
30.584701
  0
VERTEX
  8
gto
 10
12.577085
 20
30.541521
  0
VERTEX
  8
gto
 10
12.226564
 20
30.193540
  0
VERTEX
  8
gto
 10
12.213354
 20
30.172720
  0
VERTEX
  8
gto
 10
12.208784
 20
30.150360
  0
VERTEX
  8
gto
 10
12.209804
 20
30.138170
  0
VERTEX
  8
gto
 10
12.218944
 20
30.116840
  0
VERTEX
  8
gto
 10
12.235704
 20
30.099560
  0
VERTEX
  8
gto
 10
12.257555
 20
30.090420
  0
VERTEX
  8
gto
 10
12.363725
 20
30.089400
  0
VERTEX
  8
gto
 10
12.577085
 20
29.876040
  0
VERTEX
  8
gto
 10
12.577085
 20
29.789680
  0
VERTEX
  8
gto
 10
12.373885
 20
29.589019
  0
VERTEX
  8
gto
 10
12.048764
 20
29.589019
  0
VERTEX
  8
gto
 10
11.934464
 20
29.705859
  0
VERTEX
  8
gto
 10
11.848104
 20
29.619499
  0
VERTEX
  8
gto
 10
11.991864
 20
29.477259
  0
VERTEX
  8
gto
 10
12.013714
 20
29.468119
  0
VERTEX
  8
gto
 10
12.411475
 20
29.468119
  0
VERTEX
  8
gto
 10
12.433325
 20
29.477259
  0
VERTEX
  8
gto
 10
12.687825
 20
29.733299
  0
VERTEX
  8
gto
 10
12.697985
 20
29.754630
  0
VERTEX
  8
gto
 10
12.699005
 20
29.901440
  0
VERTEX
  8
gto
 10
12.693925
 20
29.924810
  0
VERTEX
  8
gto
 10
12.687825
 20
29.935480
  0
VERTEX
  8
gto
 10
12.432305
 20
30.193540
  0
VERTEX
  8
gto
 10
12.422145
 20
30.201160
  0
VERTEX
  8
gto
 10
12.411985
 20
30.203700
  0
VERTEX
  8
gto
 10
12.681225
 20
30.475481
  0
VERTEX
  8
gto
 10
12.694435
 20
30.495301
  0
VERTEX
  8
gto
 10
12.697985
 20
30.506471
  0
VERTEX
  8
gto
 10
12.699005
 20
30.706621
  0
SEQEND
  8
gto
  0
POLYLINE
  8
gto
 62
1
 40
0.000000
 41
0.000000
 66
  1
  0
VERTEX
  8
gto
 10
10.753362
 20
30.579621
  0
VERTEX
  8
gto
 10
10.753362
 20
30.371341
  0
VERTEX
  8
gto
 10
11.124202
 20
29.500119
  0
VERTEX
  8
gto
 10
11.134362
 20
29.483359
  0
VERTEX
  8
gto
 10
11.147572
 20
29.471679
  0
VERTEX
  8
gto
 10
11.163822
 20
29.464559
  0
VERTEX
  8
gto
 10
11.182622
 20
29.462019
  0
VERTEX
  8
gto
 10
11.201422
 20
29.464559
  0
VERTEX
  8
gto
 10
11.216662
 20
29.471679
  0
VERTEX
  8
gto
 10
11.229362
 20
29.483359
  0
VERTEX
  8
gto
 10
11.238502
 20
29.500119
  0
VERTEX
  8
gto
 10
11.614423
 20
30.368801
  0
VERTEX
  8
gto
 10
11.619503
 20
30.394201
  0
VERTEX
  8
gto
 10
11.619503
 20
30.579621
  0
VERTEX
  8
gto
 10
11.497583
 20
30.579621
  0
VERTEX
  8
gto
 10
11.497583
 20
30.406901
  0
VERTEX
  8
gto
 10
11.182622
 20
29.680459
  0
VERTEX
  8
gto
 10
10.875282
 20
30.406901
  0
VERTEX
  8
gto
 10
10.875282
 20
30.579621
  0
SEQEND
  8
gto
  0
POLYLINE
  8
gto
 62
1
 40
0.000000
 41
0.000000
 66
  1
  0
VERTEX
  8
gto
 10
12.023364
 20
33.149096
  0
VERTEX
  8
gto
 10
12.011684
 20
33.142486
  0
VERTEX
  8
gto
 10
11.879604
 20
32.992626
  0
VERTEX
  8
gto
 10
11.863854
 20
32.959106
  0
VERTEX
  8
gto
 10
11.863344
 20
32.740155
  0
VERTEX
  8
gto
 10
11.982724
 20
32.740155
  0
VERTEX
  8
gto
 10
11.982724
 20
32.935736
  0
VERTEX
  8
gto
 10
12.069084
 20
33.034796
  0
VERTEX
  8
gto
 10
12.267205
 20
33.034796
  0
VERTEX
  8
gto
 10
12.348485
 20
32.948436
  0
VERTEX
  8
gto
 10
12.348485
 20
32.740155
  0
VERTEX
  8
gto
 10
12.267205
 20
32.661415
  0
VERTEX
  8
gto
 10
12.071624
 20
32.661415
  0
VERTEX
  8
gto
 10
11.982724
 20
32.740155
  0
VERTEX
  8
gto
 10
11.863344
 20
32.740155
  0
VERTEX
  8
gto
 10
11.864364
 20
32.704595
  0
VERTEX
  8
gto
 10
11.874524
 20
32.681735
  0
VERTEX
  8
gto
 10
11.883664
 20
32.671575
  0
VERTEX
  8
gto
 10
11.962404
 20
32.602995
  0
VERTEX
  8
gto
 10
11.752604
 20
32.379475
  0
VERTEX
  8
gto
 10
11.742443
 20
32.360165
  0
VERTEX
  8
gto
 10
11.741423
 20
32.232154
  0
VERTEX
  8
gto
 10
11.863344
 20
32.232154
  0
VERTEX
  8
gto
 10
11.863344
 20
32.326135
  0
VERTEX
  8
gto
 10
12.074164
 20
32.547115
  0
VERTEX
  8
gto
 10
12.267205
 20
32.547115
  0
VERTEX
  8
gto
 10
12.475485
 20
32.326135
  0
VERTEX
  8
gto
 10
12.475485
 20
32.232154
  0
VERTEX
  8
gto
 10
12.267205
 20
32.021334
  0
VERTEX
  8
gto
 10
12.064004
 20
32.021334
  0
VERTEX
  8
gto
 10
11.863344
 20
32.232154
  0
VERTEX
  8
gto
 10
11.741423
 20
32.232154
  0
VERTEX
  8
gto
 10
11.742443
 20
32.195574
  0
VERTEX
  8
gto
 10
11.751584
 20
32.175254
  0
VERTEX
  8
gto
 10
11.997964
 20
31.924814
  0
VERTEX
  8
gto
 10
12.018284
 20
31.913634
  0
VERTEX
  8
gto
 10
12.033524
 20
31.910084
  0
VERTEX
  8
gto
 10
12.318005
 20
31.909574
  0
VERTEX
  8
gto
 10
12.328165
 20
31.924814
  0
VERTEX
  8
gto
 10
12.574545
 20
32.166114
  0
VERTEX
  8
gto
 10
12.589785
 20
32.194054
  0
VERTEX
  8
gto
 10
12.592325
 20
32.204214
  0
VERTEX
  8
gto
 10
12.591305
 20
32.360675
  0
VERTEX
  8
gto
 10
12.585215
 20
32.380995
  0
VERTEX
  8
gto
 10
12.579625
 20
32.389635
  0
VERTEX
  8
gto
 10
12.376425
 20
32.608075
  0
VERTEX
  8
gto
 10
12.450085
 20
32.676655
  0
VERTEX
  8
gto
 10
12.465325
 20
32.696975
  0
VERTEX
  8
gto
 10
12.470405
 20
32.717295
  0
VERTEX
  8
gto
 10
12.470405
 20
32.971296
  0
VERTEX
  8
gto
 10
12.465325
 20
32.992626
  0
VERTEX
  8
gto
 10
12.450085
 20
33.011936
  0
VERTEX
  8
gto
 10
12.333245
 20
33.133856
  0
VERTEX
  8
gto
 10
12.314955
 20
33.145026
  0
VERTEX
  8
gto
 10
12.290065
 20
33.149096
  0
SEQEND
  8
gto
  0
POLYLINE
  8
gto
 62
1
 40
0.000000
 41
0.000000
 66
  1
  0
VERTEX
  8
gto
 10
9.993900
 20
33.146556
  0
VERTEX
  8
gto
 10
9.973580
 20
33.141476
  0
VERTEX
  8
gto
 10
9.953260
 20
33.126236
  0
VERTEX
  8
gto
 10
9.671319
 20
32.834136
  0
VERTEX
  8
gto
 10
9.757680
 20
32.755396
  0
VERTEX
  8
gto
 10
9.938020
 20
32.943356
  0
VERTEX
  8
gto
 10
9.938020
 20
31.909574
  0
VERTEX
  8
gto
 10
10.052320
 20
31.909574
  0
VERTEX
  8
gto
 10
10.052320
 20
33.085596
  0
VERTEX
  8
gto
 10
10.050290
 20
33.102866
  0
VERTEX
  8
gto
 10
10.043180
 20
33.117596
  0
VERTEX
  8
gto
 10
10.032510
 20
33.129786
  0
VERTEX
  8
gto
 10
10.009650
 20
33.141986
  0
SEQEND
  8
gto
  0
POLYLINE
  8
gto
 62
1
 40
0.000000
 41
0.000000
 66
  1
  0
VERTEX
  8
gto
 10
10.646681
 20
33.024636
  0
VERTEX
  8
gto
 10
10.646681
 20
32.816356
  0
VERTEX
  8
gto
 10
11.017522
 20
31.945134
  0
VERTEX
  8
gto
 10
11.027682
 20
31.928364
  0
VERTEX
  8
gto
 10
11.040892
 20
31.916174
  0
VERTEX
  8
gto
 10
11.057142
 20
31.909064
  0
VERTEX
  8
gto
 10
11.075942
 20
31.907034
  0
VERTEX
  8
gto
 10
11.094742
 20
31.909064
  0
VERTEX
  8
gto
 10
11.109982
 20
31.916174
  0
VERTEX
  8
gto
 10
11.122682
 20
31.928364
  0
VERTEX
  8
gto
 10
11.131822
 20
31.945134
  0
VERTEX
  8
gto
 10
11.507743
 20
32.813816
  0
VERTEX
  8
gto
 10
11.512823
 20
32.839216
  0
VERTEX
  8
gto
 10
11.512823
 20
33.024636
  0
VERTEX
  8
gto
 10
11.390903
 20
33.024636
  0
VERTEX
  8
gto
 10
11.390903
 20
32.851916
  0
VERTEX
  8
gto
 10
11.075942
 20
32.125474
  0
VERTEX
  8
gto
 10
10.768602
 20
32.851916
  0
VERTEX
  8
gto
 10
10.768602
 20
33.024636
  0
SEQEND
  8
gto
  0
POLYLINE
  8
gto
 62
1
 40
0.000000
 41
0.000000
 66
  1
  0
VERTEX
  8
gto
 10
9.671319
 20
37.916176
  0
VERTEX
  8
gto
 10
9.671319
 20
37.794256
  0
VERTEX
  8
gto
 10
10.326641
 20
37.794256
  0
VERTEX
  8
gto
 10
10.415541
 20
37.707895
  0
VERTEX
  8
gto
 10
10.415541
 20
37.507235
  0
VERTEX
  8
gto
 10
10.329181
 20
37.423415
  0
VERTEX
  8
gto
 10
9.793240
 20
37.423415
  0
VERTEX
  8
gto
 10
9.793240
 20
37.794256
  0
VERTEX
  8
gto
 10
9.671319
 20
37.794256
  0
VERTEX
  8
gto
 10
9.671319
 20
36.803654
  0
VERTEX
  8
gto
 10
9.793240
 20
36.803654
  0
VERTEX
  8
gto
 10
9.793240
 20
37.301495
  0
VERTEX
  8
gto
 10
9.950720
 20
37.301495
  0
VERTEX
  8
gto
 10
10.415541
 20
36.839214
  0
VERTEX
  8
gto
 10
10.415541
 20
36.803654
  0
VERTEX
  8
gto
 10
10.534921
 20
36.803654
  0
VERTEX
  8
gto
 10
10.533901
 20
36.875284
  0
VERTEX
  8
gto
 10
10.524761
 20
36.895604
  0
VERTEX
  8
gto
 10
10.517141
 20
36.905254
  0
VERTEX
  8
gto
 10
10.125980
 20
37.301495
  0
VERTEX
  8
gto
 10
10.368301
 20
37.302515
  0
VERTEX
  8
gto
 10
10.388621
 20
37.311145
  0
VERTEX
  8
gto
 10
10.519681
 20
37.441195
  0
VERTEX
  8
gto
 10
10.532891
 20
37.460495
  0
VERTEX
  8
gto
 10
10.536441
 20
37.471675
  0
VERTEX
  8
gto
 10
10.536441
 20
37.745485
  0
VERTEX
  8
gto
 10
10.527301
 20
37.766826
  0
VERTEX
  8
gto
 10
10.519681
 20
37.776476
  0
VERTEX
  8
gto
 10
10.386081
 20
37.906016
  0
VERTEX
  8
gto
 10
10.375411
 20
37.911606
  0
VERTEX
  8
gto
 10
10.352041
 20
37.916176
  0
SEQEND
  8
gto
  0
POLYLINE
  8
gto
 62
1
 40
0.000000
 41
0.000000
 66
  1
  0
VERTEX
  8
gto
 10
10.760982
 20
37.916176
  0
VERTEX
  8
gto
 10
10.762002
 20
37.723135
  0
VERTEX
  8
gto
 10
10.771142
 20
37.701795
  0
VERTEX
  8
gto
 10
11.106422
 20
37.359915
  0
VERTEX
  8
gto
 10
10.778762
 20
37.027174
  0
VERTEX
  8
gto
 10
10.765552
 20
37.007864
  0
VERTEX
  8
gto
 10
10.760982
 20
36.986534
  0
VERTEX
  8
gto
 10
10.760982
 20
36.803654
  0
VERTEX
  8
gto
 10
10.882902
 20
36.803654
  0
VERTEX
  8
gto
 10
10.882902
 20
36.961134
  0
VERTEX
  8
gto
 10
11.190242
 20
37.273555
  0
VERTEX
  8
gto
 10
11.502663
 20
36.961134
  0
VERTEX
  8
gto
 10
11.502663
 20
36.803654
  0
VERTEX
  8
gto
 10
11.624583
 20
36.803654
  0
VERTEX
  8
gto
 10
11.623563
 20
36.997204
  0
VERTEX
  8
gto
 10
11.614423
 20
37.017524
  0
VERTEX
  8
gto
 10
11.279143
 20
37.362455
  0
VERTEX
  8
gto
 10
11.614423
 20
37.701795
  0
VERTEX
  8
gto
 10
11.623563
 20
37.723135
  0
VERTEX
  8
gto
 10
11.624583
 20
37.916176
  0
VERTEX
  8
gto
 10
11.502663
 20
37.916176
  0
VERTEX
  8
gto
 10
11.502663
 20
37.758696
  0
VERTEX
  8
gto
 10
11.192782
 20
37.446275
  0
VERTEX
  8
gto
 10
10.882902
 20
37.758696
  0
VERTEX
  8
gto
 10
10.882902
 20
37.916176
  0
SEQEND
  8
gto
  0
POLYLINE
  8
gto
 62
1
 40
0.000000
 41
0.000000
 66
  1
  0
VERTEX
  8
gto
 10
9.671319
 20
35.472691
  0
VERTEX
  8
gto
 10
9.671319
 20
35.350771
  0
VERTEX
  8
gto
 10
10.042160
 20
35.350771
  0
VERTEX
  8
gto
 10
10.042160
 20
34.357629
  0
VERTEX
  8
gto
 10
10.164080
 20
34.357629
  0
VERTEX
  8
gto
 10
10.164080
 20
35.350771
  0
VERTEX
  8
gto
 10
10.537461
 20
35.350771
  0
VERTEX
  8
gto
 10
10.537461
 20
35.472691
  0
SEQEND
  8
gto
  0
POLYLINE
  8
gto
 62
1
 40
0.000000
 41
0.000000
 66
  1
  0
VERTEX
  8
gto
 10
10.760982
 20
35.472691
  0
VERTEX
  8
gto
 10
10.762002
 20
35.278631
  0
VERTEX
  8
gto
 10
10.771142
 20
35.258311
  0
VERTEX
  8
gto
 10
11.106422
 20
34.913890
  0
VERTEX
  8
gto
 10
10.778762
 20
34.583689
  0
VERTEX
  8
gto
 10
10.765552
 20
34.563879
  0
VERTEX
  8
gto
 10
10.762002
 20
34.552699
  0
VERTEX
  8
gto
 10
10.760982
 20
34.360169
  0
VERTEX
  8
gto
 10
10.882902
 20
34.360169
  0
VERTEX
  8
gto
 10
10.882902
 20
34.517649
  0
VERTEX
  8
gto
 10
11.190242
 20
34.830070
  0
VERTEX
  8
gto
 10
11.502663
 20
34.517649
  0
VERTEX
  8
gto
 10
11.502663
 20
34.360169
  0
VERTEX
  8
gto
 10
11.624583
 20
34.360169
  0
VERTEX
  8
gto
 10
11.623563
 20
34.552699
  0
VERTEX
  8
gto
 10
11.614423
 20
34.574039
  0
VERTEX
  8
gto
 10
11.606803
 20
34.583689
  0
VERTEX
  8
gto
 10
11.279143
 20
34.916430
  0
VERTEX
  8
gto
 10
11.614423
 20
35.258311
  0
VERTEX
  8
gto
 10
11.623563
 20
35.278631
  0
VERTEX
  8
gto
 10
11.624583
 20
35.472691
  0
VERTEX
  8
gto
 10
11.502663
 20
35.472691
  0
VERTEX
  8
gto
 10
11.502663
 20
35.315211
  0
VERTEX
  8
gto
 10
11.192782
 20
35.002790
  0
VERTEX
  8
gto
 10
10.882902
 20
35.315211
  0
VERTEX
  8
gto
 10
10.882902
 20
35.472691
  0
SEQEND
  8
gto
  0
POLYLINE
  8
gto
 62
1
 40
0.000000
 41
0.000000
 66
  1
  0
VERTEX
  8
gto
 10
26.528313
 20
7.199894
  0
VERTEX
  8
gto
 10
26.504953
 20
7.195324
  0
VERTEX
  8
gto
 10
26.485133
 20
7.182114
  0
VERTEX
  8
gto
 10
26.236212
 20
6.938274
  0
VERTEX
  8
gto
 10
26.223012
 20
6.918464
  0
VERTEX
  8
gto
 10
26.219452
 20
6.907284
  0
VERTEX
  8
gto
 10
26.218432
 20
6.587243
  0
VERTEX
  8
gto
 10
26.337813
 20
6.587243
  0
VERTEX
  8
gto
 10
26.337813
 20
6.869694
  0
VERTEX
  8
gto
 10
26.551173
 20
7.077974
  0
VERTEX
  8
gto
 10
26.998214
 20
7.077974
  0
VERTEX
  8
gto
 10
27.209034
 20
6.869694
  0
VERTEX
  8
gto
 10
27.209034
 20
6.587243
  0
VERTEX
  8
gto
 10
26.218432
 20
6.587243
  0
VERTEX
  8
gto
 10
26.218432
 20
6.341373
  0
VERTEX
  8
gto
 10
26.337813
 20
6.341373
  0
VERTEX
  8
gto
 10
26.337813
 20
6.463293
  0
VERTEX
  8
gto
 10
27.211574
 20
6.463293
  0
VERTEX
  8
gto
 10
27.211574
 20
6.341373
  0
VERTEX
  8
gto
 10
27.333495
 20
6.341373
  0
VERTEX
  8
gto
 10
27.333495
 20
6.892554
  0
VERTEX
  8
gto
 10
27.328415
 20
6.914394
  0
VERTEX
  8
gto
 10
27.313175
 20
6.935734
  0
VERTEX
  8
gto
 10
27.069334
 20
7.182114
  0
VERTEX
  8
gto
 10
27.048004
 20
7.195324
  0
VERTEX
  8
gto
 10
27.023614
 20
7.199894
  0
SEQEND
  8
gto
  0
POLYLINE
  8
gto
 62
1
 40
0.000000
 41
0.000000
 66
  1
  0
VERTEX
  8
gto
 10
26.218432
 20
6.110232
  0
VERTEX
  8
gto
 10
26.218432
 20
5.988312
  0
VERTEX
  8
gto
 10
26.838194
 20
5.988312
  0
VERTEX
  8
gto
 10
26.218432
 20
5.368551
  0
VERTEX
  8
gto
 10
26.218432
 20
5.243580
  0
VERTEX
  8
gto
 10
27.330955
 20
5.243580
  0
VERTEX
  8
gto
 10
27.330955
 20
5.368551
  0
VERTEX
  8
gto
 10
26.398773
 20
5.368551
  0
VERTEX
  8
gto
 10
27.026154
 20
5.988312
  0
VERTEX
  8
gto
 10
27.330955
 20
5.988312
  0
VERTEX
  8
gto
 10
27.330955
 20
6.110232
  0
SEQEND
  8
gto
  0
POLYLINE
  8
gto
 62
1
 40
0.000000
 41
0.000000
 66
  1
  0
VERTEX
  8
gto
 10
26.835654
 20
5.023110
  0
VERTEX
  8
gto
 10
26.835654
 20
4.530349
  0
VERTEX
  8
gto
 10
26.960114
 20
4.530349
  0
VERTEX
  8
gto
 10
26.960114
 20
4.774190
  0
VERTEX
  8
gto
 10
27.206494
 20
4.774190
  0
VERTEX
  8
gto
 10
27.206494
 20
4.491739
  0
VERTEX
  8
gto
 10
27.000754
 20
4.283969
  0
VERTEX
  8
gto
 10
26.548633
 20
4.283969
  0
VERTEX
  8
gto
 10
26.337813
 20
4.491739
  0
VERTEX
  8
gto
 10
26.337813
 20
4.690369
  0
VERTEX
  8
gto
 10
26.444493
 20
4.794510
  0
VERTEX
  8
gto
 10
26.358133
 20
4.880870
  0
VERTEX
  8
gto
 10
26.228592
 20
4.750310
  0
VERTEX
  8
gto
 10
26.219452
 20
4.728469
  0
VERTEX
  8
gto
 10
26.219452
 20
4.450089
  0
VERTEX
  8
gto
 10
26.223012
 20
4.437889
  0
VERTEX
  8
gto
 10
26.228592
 20
4.428239
  0
VERTEX
  8
gto
 10
26.486153
 20
4.170178
  0
VERTEX
  8
gto
 10
26.509013
 20
4.162558
  0
VERTEX
  8
gto
 10
27.028694
 20
4.162048
  0
VERTEX
  8
gto
 10
27.050034
 20
4.166108
  0
VERTEX
  8
gto
 10
27.069334
 20
4.179318
  0
VERTEX
  8
gto
 10
27.313175
 20
4.423159
  0
VERTEX
  8
gto
 10
27.324355
 20
4.442969
  0
VERTEX
  8
gto
 10
27.328415
 20
4.466849
  0
VERTEX
  8
gto
 10
27.328415
 20
4.832610
  0
VERTEX
  8
gto
 10
27.323335
 20
4.858010
  0
VERTEX
  8
gto
 10
27.317245
 20
4.868680
  0
VERTEX
  8
gto
 10
27.298955
 20
4.885950
  0
VERTEX
  8
gto
 10
27.280155
 20
4.894590
  0
VERTEX
  8
gto
 10
27.269995
 20
4.896110
  0
VERTEX
  8
gto
 10
26.960114
 20
4.896110
  0
VERTEX
  8
gto
 10
26.960114
 20
5.023110
  0
SEQEND
  8
gto
  0
POLYLINE
  8
gto
 62
1
 40
0.000000
 41
0.000000
 66
  1
  0
VERTEX
  8
gto
 10
28.735577
 20
7.204974
  0
VERTEX
  8
gto
 10
28.735577
 20
6.346453
  0
VERTEX
  8
gto
 10
29.848100
 20
6.346453
  0
VERTEX
  8
gto
 10
29.848100
 20
6.468373
  0
VERTEX
  8
gto
 10
29.352799
 20
6.468373
  0
VERTEX
  8
gto
 10
29.352799
 20
7.083054
  0
VERTEX
  8
gto
 10
29.228338
 20
7.083054
  0
VERTEX
  8
gto
 10
29.228338
 20
6.468373
  0
VERTEX
  8
gto
 10
28.857498
 20
6.468373
  0
VERTEX
  8
gto
 10
28.857498
 20
7.204974
  0
SEQEND
  8
gto
  0
POLYLINE
  8
gto
 62
1
 40
0.000000
 41
0.000000
 66
  1
  0
VERTEX
  8
gto
 10
28.733037
 20
6.115312
  0
VERTEX
  8
gto
 10
28.733037
 20
5.256791
  0
VERTEX
  8
gto
 10
29.848100
 20
5.256791
  0
VERTEX
  8
gto
 10
29.848100
 20
6.115312
  0
VERTEX
  8
gto
 10
29.726179
 20
6.115312
  0
VERTEX
  8
gto
 10
29.726179
 20
5.381251
  0
VERTEX
  8
gto
 10
29.352799
 20
5.381251
  0
VERTEX
  8
gto
 10
29.352799
 20
5.868932
  0
VERTEX
  8
gto
 10
29.228338
 20
5.868932
  0
VERTEX
  8
gto
 10
29.228338
 20
5.381251
  0
VERTEX
  8
gto
 10
28.857498
 20
5.381251
  0
VERTEX
  8
gto
 10
28.857498
 20
6.115312
  0
SEQEND
  8
gto
  0
POLYLINE
  8
gto
 62
1
 40
0.000000
 41
0.000000
 66
  1
  0
VERTEX
  8
gto
 10
28.918458
 20
5.025650
  0
VERTEX
  8
gto
 10
28.895098
 20
5.021080
  0
VERTEX
  8
gto
 10
28.875278
 20
5.007870
  0
VERTEX
  8
gto
 10
28.745737
 20
4.873760
  0
VERTEX
  8
gto
 10
28.736597
 20
4.853440
  0
VERTEX
  8
gto
 10
28.735577
 20
4.283969
  0
VERTEX
  8
gto
 10
28.857498
 20
4.283969
  0
VERTEX
  8
gto
 10
28.857498
 20
4.817370
  0
VERTEX
  8
gto
 10
28.943858
 20
4.903730
  0
VERTEX
  8
gto
 10
29.144518
 20
4.903730
  0
VERTEX
  8
gto
 10
29.228338
 20
4.819910
  0
VERTEX
  8
gto
 10
29.228338
 20
4.283969
  0
VERTEX
  8
gto
 10
28.735577
 20
4.283969
  0
VERTEX
  8
gto
 10
28.735577
 20
4.162048
  0
VERTEX
  8
gto
 10
29.848100
 20
4.162048
  0
VERTEX
  8
gto
 10
29.848100
 20
4.283969
  0
VERTEX
  8
gto
 10
29.350259
 20
4.283969
  0
VERTEX
  8
gto
 10
29.350259
 20
4.441449
  0
VERTEX
  8
gto
 10
29.812540
 20
4.903730
  0
VERTEX
  8
gto
 10
29.848100
 20
4.903730
  0
VERTEX
  8
gto
 10
29.848100
 20
5.025650
  0
VERTEX
  8
gto
 10
29.787140
 20
5.025650
  0
VERTEX
  8
gto
 10
29.764790
 20
5.020570
  0
VERTEX
  8
gto
 10
29.743959
 20
5.005330
  0
VERTEX
  8
gto
 10
29.350259
 20
4.616709
  0
VERTEX
  8
gto
 10
29.349249
 20
4.857500
  0
VERTEX
  8
gto
 10
29.340099
 20
4.878840
  0
VERTEX
  8
gto
 10
29.332479
 20
4.888490
  0
VERTEX
  8
gto
 10
29.201418
 20
5.015490
  0
VERTEX
  8
gto
 10
29.190748
 20
5.021080
  0
VERTEX
  8
gto
 10
29.167378
 20
5.025650
  0
SEQEND
  8
gto
  0
POLYLINE
  8
gto
 62
1
 40
0.000000
 41
0.000000
 66
  1
  0
VERTEX
  8
gto
 10
31.252723
 20
7.204974
  0
VERTEX
  8
gto
 10
31.252723
 20
6.338833
  0
VERTEX
  8
gto
 10
31.374643
 20
6.338833
  0
VERTEX
  8
gto
 10
31.374643
 20
6.709673
  0
VERTEX
  8
gto
 10
32.365245
 20
6.709673
  0
VERTEX
  8
gto
 10
32.365245
 20
6.834134
  0
VERTEX
  8
gto
 10
31.374643
 20
6.834134
  0
VERTEX
  8
gto
 10
31.374643
 20
7.204974
  0
SEQEND
  8
gto
  0
POLYLINE
  8
gto
 62
1
 40
0.000000
 41
0.000000
 66
  1
  0
VERTEX
  8
gto
 10
31.427983
 20
6.115312
  0
VERTEX
  8
gto
 10
31.405633
 20
6.110742
  0
VERTEX
  8
gto
 10
31.384803
 20
6.097532
  0
VERTEX
  8
gto
 10
31.267963
 20
5.980692
  0
VERTEX
  8
gto
 10
31.256793
 20
5.960882
  0
VERTEX
  8
gto
 10
31.252723
 20
5.937512
  0
VERTEX
  8
gto
 10
31.253743
 20
5.429001
  0
VERTEX
  8
gto
 10
31.261363
 20
5.407161
  0
VERTEX
  8
gto
 10
31.401573
 20
5.266441
  0
VERTEX
  8
gto
 10
31.412243
 20
5.260851
  0
VERTEX
  8
gto
 10
31.435603
 20
5.256791
  0
VERTEX
  8
gto
 10
31.557523
 20
5.256791
  0
VERTEX
  8
gto
 10
31.572263
 20
5.258311
  0
VERTEX
  8
gto
 10
31.585463
 20
5.262891
  0
VERTEX
  8
gto
 10
31.597663
 20
5.271011
  0
VERTEX
  8
gto
 10
31.608323
 20
5.282191
  0
VERTEX
  8
gto
 10
32.090924
 20
5.990852
  0
VERTEX
  8
gto
 10
32.154424
 20
5.990852
  0
VERTEX
  8
gto
 10
32.243324
 20
5.909572
  0
VERTEX
  8
gto
 10
32.243324
 20
5.459991
  0
VERTEX
  8
gto
 10
32.156964
 20
5.371091
  0
VERTEX
  8
gto
 10
32.118864
 20
5.371091
  0
VERTEX
  8
gto
 10
32.118864
 20
5.249170
  0
VERTEX
  8
gto
 10
32.194564
 20
5.250191
  0
VERTEX
  8
gto
 10
32.216404
 20
5.260351
  0
VERTEX
  8
gto
 10
32.350005
 20
5.391411
  0
VERTEX
  8
gto
 10
32.363215
 20
5.412241
  0
VERTEX
  8
gto
 10
32.366775
 20
5.422911
  0
VERTEX
  8
gto
 10
32.367785
 20
5.934972
  0
VERTEX
  8
gto
 10
32.362205
 20
5.957832
  0
VERTEX
  8
gto
 10
32.344925
 20
5.980692
  0
VERTEX
  8
gto
 10
32.207764
 20
6.102612
  0
VERTEX
  8
gto
 10
32.187444
 20
6.111252
  0
VERTEX
  8
gto
 10
32.177284
 20
6.112772
  0
VERTEX
  8
gto
 10
32.057904
 20
6.112772
  0
VERTEX
  8
gto
 10
32.042164
 20
6.110742
  0
VERTEX
  8
gto
 10
32.028954
 20
6.105662
  0
VERTEX
  8
gto
 10
32.016764
 20
6.097022
  0
VERTEX
  8
gto
 10
31.524503
 20
5.378711
  0
VERTEX
  8
gto
 10
31.458463
 20
5.378711
  0
VERTEX
  8
gto
 10
31.372103
 20
5.465071
  0
VERTEX
  8
gto
 10
31.372103
 20
5.912112
  0
VERTEX
  8
gto
 10
31.453383
 20
5.990852
  0
VERTEX
  8
gto
 10
31.494023
 20
5.990852
  0
VERTEX
  8
gto
 10
31.494023
 20
6.115312
  0
SEQEND
  8
gto
  0
POLYLINE
  8
gto
 62
1
 40
0.000000
 41
0.000000
 66
  1
  0
VERTEX
  8
gto
 10
31.435603
 20
5.025650
  0
VERTEX
  8
gto
 10
31.412243
 20
5.021080
  0
VERTEX
  8
gto
 10
31.392423
 20
5.007870
  0
VERTEX
  8
gto
 10
31.262883
 20
4.873760
  0
VERTEX
  8
gto
 10
31.253743
 20
4.853440
  0
VERTEX
  8
gto
 10
31.252723
 20
4.283969
  0
VERTEX
  8
gto
 10
31.374643
 20
4.283969
  0
VERTEX
  8
gto
 10
31.374643
 20
4.817370
  0
VERTEX
  8
gto
 10
31.461003
 20
4.903730
  0
VERTEX
  8
gto
 10
31.659123
 20
4.903730
  0
VERTEX
  8
gto
 10
31.745483
 20
4.819910
  0
VERTEX
  8
gto
 10
31.745483
 20
4.283969
  0
VERTEX
  8
gto
 10
31.252723
 20
4.283969
  0
VERTEX
  8
gto
 10
31.252723
 20
4.162048
  0
VERTEX
  8
gto
 10
32.365245
 20
4.162048
  0
VERTEX
  8
gto
 10
32.365245
 20
4.283969
  0
VERTEX
  8
gto
 10
31.867404
 20
4.283969
  0
VERTEX
  8
gto
 10
31.867404
 20
4.441449
  0
VERTEX
  8
gto
 10
32.329685
 20
4.903730
  0
VERTEX
  8
gto
 10
32.365245
 20
4.903730
  0
VERTEX
  8
gto
 10
32.365245
 20
5.025650
  0
VERTEX
  8
gto
 10
32.292095
 20
5.024130
  0
VERTEX
  8
gto
 10
32.280925
 20
5.020570
  0
VERTEX
  8
gto
 10
32.261105
 20
5.005330
  0
VERTEX
  8
gto
 10
31.867404
 20
4.616709
  0
VERTEX
  8
gto
 10
31.866394
 20
4.857500
  0
VERTEX
  8
gto
 10
31.857244
 20
4.878840
  0
VERTEX
  8
gto
 10
31.849624
 20
4.888490
  0
VERTEX
  8
gto
 10
31.718563
 20
5.015490
  0
VERTEX
  8
gto
 10
31.707893
 20
5.021080
  0
VERTEX
  8
gto
 10
31.684523
 20
5.025650
  0
SEQEND
  8
gto
  0
POLYLINE
  8
gto
 62
1
 40
0.000000
 41
0.000000
 66
  1
  0
VERTEX
  8
gto
 10
33.640327
 20
7.192274
  0
VERTEX
  8
gto
 10
33.640327
 20
6.465323
  0
VERTEX
  8
gto
 10
33.762248
 20
6.465323
  0
VERTEX
  8
gto
 10
33.762248
 20
7.070354
  0
VERTEX
  8
gto
 10
33.805428
 20
7.070354
  0
VERTEX
  8
gto
 10
34.153408
 20
6.717293
  0
VERTEX
  8
gto
 10
34.174238
 20
6.703573
  0
VERTEX
  8
gto
 10
34.196588
 20
6.699513
  0
VERTEX
  8
gto
 10
34.219958
 20
6.703573
  0
VERTEX
  8
gto
 10
34.230628
 20
6.709163
  0
VERTEX
  8
gto
 10
34.247388
 20
6.727453
  0
VERTEX
  8
gto
 10
34.256539
 20
6.748793
  0
VERTEX
  8
gto
 10
34.257549
 20
6.856484
  0
VERTEX
  8
gto
 10
34.470909
 20
7.067814
  0
VERTEX
  8
gto
 10
34.557269
 20
7.067814
  0
VERTEX
  8
gto
 10
34.757930
 20
6.867154
  0
VERTEX
  8
gto
 10
34.757930
 20
6.542033
  0
VERTEX
  8
gto
 10
34.641089
 20
6.425193
  0
VERTEX
  8
gto
 10
34.727449
 20
6.341373
  0
VERTEX
  8
gto
 10
34.862070
 20
6.473453
  0
VERTEX
  8
gto
 10
34.875280
 20
6.494283
  0
VERTEX
  8
gto
 10
34.878840
 20
6.504953
  0
VERTEX
  8
gto
 10
34.878840
 20
6.902204
  0
VERTEX
  8
gto
 10
34.869690
 20
6.923544
  0
VERTEX
  8
gto
 10
34.862070
 20
6.933194
  0
VERTEX
  8
gto
 10
34.614169
 20
7.179574
  0
VERTEX
  8
gto
 10
34.603499
 20
7.185164
  0
VERTEX
  8
gto
 10
34.580129
 20
7.189734
  0
VERTEX
  8
gto
 10
34.445509
 20
7.189734
  0
VERTEX
  8
gto
 10
34.422149
 20
7.185164
  0
VERTEX
  8
gto
 10
34.402329
 20
7.171954
  0
VERTEX
  8
gto
 10
34.148838
 20
6.917954
  0
VERTEX
  8
gto
 10
34.143758
 20
6.907794
  0
VERTEX
  8
gto
 10
34.143248
 20
6.902714
  0
VERTEX
  8
gto
 10
33.862328
 20
7.182114
  0
VERTEX
  8
gto
 10
33.851658
 20
7.187704
  0
VERTEX
  8
gto
 10
33.828288
 20
7.192274
  0
SEQEND
  8
gto
  0
POLYLINE
  8
gto
 62
1
 40
0.000000
 41
0.000000
 66
  1
  0
VERTEX
  8
gto
 10
33.767328
 20
6.110232
  0
VERTEX
  8
gto
 10
33.767328
 20
5.988312
  0
VERTEX
  8
gto
 10
33.940048
 20
5.988312
  0
VERTEX
  8
gto
 10
34.666489
 20
5.673351
  0
VERTEX
  8
gto
 10
33.940048
 20
5.366011
  0
VERTEX
  8
gto
 10
33.767328
 20
5.366011
  0
VERTEX
  8
gto
 10
33.767328
 20
5.243580
  0
VERTEX
  8
gto
 10
33.975608
 20
5.243580
  0
VERTEX
  8
gto
 10
34.846830
 20
5.617471
  0
VERTEX
  8
gto
 10
34.863600
 20
5.626611
  0
VERTEX
  8
gto
 10
34.875280
 20
5.638811
  0
VERTEX
  8
gto
 10
34.882390
 20
5.654551
  0
VERTEX
  8
gto
 10
34.884930
 20
5.673351
  0
VERTEX
  8
gto
 10
34.882390
 20
5.692151
  0
VERTEX
  8
gto
 10
34.875280
 20
5.707891
  0
VERTEX
  8
gto
 10
34.863600
 20
5.721101
  0
VERTEX
  8
gto
 10
34.846830
 20
5.731771
  0
VERTEX
  8
gto
 10
33.978148
 20
6.107692
  0
VERTEX
  8
gto
 10
33.952748
 20
6.110232
  0
SEQEND
  8
gto
  0
POLYLINE
  8
gto
 62
1
 40
0.000000
 41
0.000000
 66
  1
  0
VERTEX
  8
gto
 10
33.640327
 20
5.012950
  0
VERTEX
  8
gto
 10
33.640327
 20
4.289049
  0
VERTEX
  8
gto
 10
33.762248
 20
4.289049
  0
VERTEX
  8
gto
 10
33.762248
 20
4.891030
  0
VERTEX
  8
gto
 10
33.805428
 20
4.891030
  0
VERTEX
  8
gto
 10
34.153408
 20
4.540509
  0
VERTEX
  8
gto
 10
34.174238
 20
4.526789
  0
VERTEX
  8
gto
 10
34.196588
 20
4.522729
  0
VERTEX
  8
gto
 10
34.219958
 20
4.526789
  0
VERTEX
  8
gto
 10
34.230628
 20
4.532379
  0
VERTEX
  8
gto
 10
34.247388
 20
4.549649
  0
VERTEX
  8
gto
 10
34.256539
 20
4.570989
  0
VERTEX
  8
gto
 10
34.257549
 20
4.677159
  0
VERTEX
  8
gto
 10
34.470909
 20
4.887980
  0
VERTEX
  8
gto
 10
34.557269
 20
4.887980
  0
VERTEX
  8
gto
 10
34.757930
 20
4.687319
  0
VERTEX
  8
gto
 10
34.757930
 20
4.362709
  0
VERTEX
  8
gto
 10
34.641089
 20
4.247898
  0
VERTEX
  8
gto
 10
34.727449
 20
4.162048
  0
VERTEX
  8
gto
 10
34.862070
 20
4.296159
  0
VERTEX
  8
gto
 10
34.875280
 20
4.315969
  0
VERTEX
  8
gto
 10
34.878840
 20
4.327149
  0
VERTEX
  8
gto
 10
34.878840
 20
4.724409
  0
VERTEX
  8
gto
 10
34.869690
 20
4.745739
  0
VERTEX
  8
gto
 10
34.862070
 20
4.755900
  0
VERTEX
  8
gto
 10
34.614169
 20
5.000250
  0
VERTEX
  8
gto
 10
34.603499
 20
5.005840
  0
VERTEX
  8
gto
 10
34.580129
 20
5.009900
  0
VERTEX
  8
gto
 10
34.433319
 20
5.008890
  0
VERTEX
  8
gto
 10
34.422149
 20
5.005840
  0
VERTEX
  8
gto
 10
34.402329
 20
4.992630
  0
VERTEX
  8
gto
 10
34.148838
 20
4.740659
  0
VERTEX
  8
gto
 10
34.143758
 20
4.731009
  0
VERTEX
  8
gto
 10
34.143248
 20
4.725929
  0
VERTEX
  8
gto
 10
33.862328
 20
5.002790
  0
VERTEX
  8
gto
 10
33.851658
 20
5.008380
  0
VERTEX
  8
gto
 10
33.828288
 20
5.012950
  0
SEQEND
  8
gto
  0
POLYLINE
  8
gto
 62
1
 40
0.000000
 41
0.000000
 66
  1
  0
VERTEX
  8
gto
 10
36.284473
 20
6.110232
  0
VERTEX
  8
gto
 10
36.284473
 20
5.988312
  0
VERTEX
  8
gto
 10
36.457193
 20
5.988312
  0
VERTEX
  8
gto
 10
37.183634
 20
5.673351
  0
VERTEX
  8
gto
 10
36.454653
 20
5.366011
  0
VERTEX
  8
gto
 10
36.284473
 20
5.366011
  0
VERTEX
  8
gto
 10
36.284473
 20
5.243580
  0
VERTEX
  8
gto
 10
36.492753
 20
5.243580
  0
VERTEX
  8
gto
 10
37.363975
 20
5.617471
  0
VERTEX
  8
gto
 10
37.379725
 20
5.626611
  0
VERTEX
  8
gto
 10
37.390395
 20
5.638811
  0
VERTEX
  8
gto
 10
37.397505
 20
5.654551
  0
VERTEX
  8
gto
 10
37.399535
 20
5.673351
  0
VERTEX
  8
gto
 10
37.397505
 20
5.692151
  0
VERTEX
  8
gto
 10
37.390395
 20
5.707891
  0
VERTEX
  8
gto
 10
37.379725
 20
5.721101
  0
VERTEX
  8
gto
 10
37.363975
 20
5.731771
  0
VERTEX
  8
gto
 10
36.492753
 20
6.107692
  0
VERTEX
  8
gto
 10
36.469893
 20
6.110232
  0
SEQEND
  8
gto
  0
POLYLINE
  8
gto
 62
1
 40
0.000000
 41
0.000000
 66
  1
  0
VERTEX
  8
gto
 10
36.157472
 20
5.012950
  0
VERTEX
  8
gto
 10
36.157472
 20
4.162048
  0
VERTEX
  8
gto
 10
36.650233
 20
4.162048
  0
VERTEX
  8
gto
 10
36.650233
 20
4.685289
  0
VERTEX
  8
gto
 10
36.858514
 20
4.891030
  0
VERTEX
  8
gto
 10
37.061714
 20
4.891030
  0
VERTEX
  8
gto
 10
37.275075
 20
4.682239
  0
VERTEX
  8
gto
 10
37.275075
 20
4.167128
  0
VERTEX
  8
gto
 10
37.396995
 20
4.167128
  0
VERTEX
  8
gto
 10
37.396995
 20
4.705609
  0
VERTEX
  8
gto
 10
37.391915
 20
4.731519
  0
VERTEX
  8
gto
 10
37.385315
 20
4.741169
  0
VERTEX
  8
gto
 10
37.132834
 20
4.994660
  0
VERTEX
  8
gto
 10
37.112014
 20
5.008380
  0
VERTEX
  8
gto
 10
37.089654
 20
5.012950
  0
VERTEX
  8
gto
 10
36.833114
 20
5.012950
  0
VERTEX
  8
gto
 10
36.808224
 20
5.008380
  0
VERTEX
  8
gto
 10
36.798574
 20
5.002790
  0
VERTEX
  8
gto
 10
36.546093
 20
4.750820
  0
VERTEX
  8
gto
 10
36.532893
 20
4.731519
  0
VERTEX
  8
gto
 10
36.529333
 20
4.720339
  0
VERTEX
  8
gto
 10
36.528313
 20
4.283969
  0
VERTEX
  8
gto
 10
36.279393
 20
4.283969
  0
VERTEX
  8
gto
 10
36.279393
 20
5.012950
  0
SEQEND
  8
gto
  0
POLYLINE
  8
gto
 62
1
 40
0.000000
 41
0.000000
 66
  1
  0
VERTEX
  8
gto
 10
39.149598
 20
7.199894
  0
VERTEX
  8
gto
 10
39.128268
 20
7.195324
  0
VERTEX
  8
gto
 10
39.108958
 20
7.182114
  0
VERTEX
  8
gto
 10
38.860038
 20
6.938274
  0
VERTEX
  8
gto
 10
38.846838
 20
6.918464
  0
VERTEX
  8
gto
 10
38.843278
 20
6.907284
  0
VERTEX
  8
gto
 10
38.842258
 20
6.587243
  0
VERTEX
  8
gto
 10
38.961638
 20
6.587243
  0
VERTEX
  8
gto
 10
38.961638
 20
6.869694
  0
VERTEX
  8
gto
 10
39.174998
 20
7.077974
  0
VERTEX
  8
gto
 10
39.622039
 20
7.077974
  0
VERTEX
  8
gto
 10
39.830320
 20
6.869694
  0
VERTEX
  8
gto
 10
39.830320
 20
6.587243
  0
VERTEX
  8
gto
 10
38.842258
 20
6.587243
  0
VERTEX
  8
gto
 10
38.842258
 20
6.341373
  0
VERTEX
  8
gto
 10
38.961638
 20
6.341373
  0
VERTEX
  8
gto
 10
38.961638
 20
6.463293
  0
VERTEX
  8
gto
 10
39.832860
 20
6.463293
  0
VERTEX
  8
gto
 10
39.832860
 20
6.341373
  0
VERTEX
  8
gto
 10
39.954780
 20
6.341373
  0
VERTEX
  8
gto
 10
39.953770
 20
6.903734
  0
VERTEX
  8
gto
 10
39.943610
 20
6.925064
  0
VERTEX
  8
gto
 10
39.690619
 20
7.182114
  0
VERTEX
  8
gto
 10
39.670809
 20
7.195324
  0
VERTEX
  8
gto
 10
39.647439
 20
7.199894
  0
SEQEND
  8
gto
  0
POLYLINE
  8
gto
 62
1
 40
0.000000
 41
0.000000
 66
  1
  0
VERTEX
  8
gto
 10
38.842258
 20
6.110232
  0
VERTEX
  8
gto
 10
38.842258
 20
5.988312
  0
VERTEX
  8
gto
 10
39.462019
 20
5.988312
  0
VERTEX
  8
gto
 10
38.842258
 20
5.368551
  0
VERTEX
  8
gto
 10
38.842258
 20
5.243580
  0
VERTEX
  8
gto
 10
39.952240
 20
5.243580
  0
VERTEX
  8
gto
 10
39.952240
 20
5.368551
  0
VERTEX
  8
gto
 10
39.022598
 20
5.368551
  0
VERTEX
  8
gto
 10
39.647439
 20
5.988312
  0
VERTEX
  8
gto
 10
39.952240
 20
5.988312
  0
VERTEX
  8
gto
 10
39.952240
 20
6.110232
  0
SEQEND
  8
gto
  0
POLYLINE
  8
gto
 62
1
 40
0.000000
 41
0.000000
 66
  1
  0
VERTEX
  8
gto
 10
39.459479
 20
5.023110
  0
VERTEX
  8
gto
 10
39.459479
 20
4.530349
  0
VERTEX
  8
gto
 10
39.583939
 20
4.530349
  0
VERTEX
  8
gto
 10
39.583939
 20
4.774190
  0
VERTEX
  8
gto
 10
39.830320
 20
4.774190
  0
VERTEX
  8
gto
 10
39.830320
 20
4.491739
  0
VERTEX
  8
gto
 10
39.624579
 20
4.283969
  0
VERTEX
  8
gto
 10
39.169918
 20
4.283969
  0
VERTEX
  8
gto
 10
38.961638
 20
4.491739
  0
VERTEX
  8
gto
 10
38.961638
 20
4.690369
  0
VERTEX
  8
gto
 10
39.068318
 20
4.794510
  0
VERTEX
  8
gto
 10
38.981958
 20
4.880870
  0
VERTEX
  8
gto
 10
38.857498
 20
4.758950
  0
VERTEX
  8
gto
 10
38.845818
 20
4.740149
  0
VERTEX
  8
gto
 10
38.842258
 20
4.715769
  0
VERTEX
  8
gto
 10
38.843278
 20
4.450089
  0
VERTEX
  8
gto
 10
38.845818
 20
4.437889
  0
VERTEX
  8
gto
 10
38.850898
 20
4.428239
  0
VERTEX
  8
gto
 10
39.098798
 20
4.177288
  0
VERTEX
  8
gto
 10
39.108448
 20
4.170178
  0
VERTEX
  8
gto
 10
39.132838
 20
4.162558
  0
VERTEX
  8
gto
 10
39.649979
 20
4.162048
  0
VERTEX
  8
gto
 10
39.673349
 20
4.166108
  0
VERTEX
  8
gto
 10
39.693159
 20
4.179318
  0
VERTEX
  8
gto
 10
39.934460
 20
4.423159
  0
VERTEX
  8
gto
 10
39.947670
 20
4.442969
  0
VERTEX
  8
gto
 10
39.951230
 20
4.454149
  0
VERTEX
  8
gto
 10
39.952240
 20
4.832610
  0
VERTEX
  8
gto
 10
39.947160
 20
4.858010
  0
VERTEX
  8
gto
 10
39.931920
 20
4.877820
  0
VERTEX
  8
gto
 10
39.911600
 20
4.891540
  0
VERTEX
  8
gto
 10
39.891280
 20
4.896110
  0
VERTEX
  8
gto
 10
39.583939
 20
4.896110
  0
VERTEX
  8
gto
 10
39.583939
 20
5.023110
  0
SEQEND
  8
gto
  0
POLYLINE
  8
gto
 62
1
 40
0.000000
 41
0.000000
 66
  1
  0
VERTEX
  8
gto
 10
41.666743
 20
7.199894
  0
VERTEX
  8
gto
 10
41.643373
 20
7.195324
  0
VERTEX
  8
gto
 10
41.623563
 20
7.182114
  0
VERTEX
  8
gto
 10
41.368043
 20
6.928624
  0
VERTEX
  8
gto
 10
41.357883
 20
6.907284
  0
VERTEX
  8
gto
 10
41.356863
 20
6.587243
  0
VERTEX
  8
gto
 10
41.478783
 20
6.587243
  0
VERTEX
  8
gto
 10
41.478783
 20
6.869694
  0
VERTEX
  8
gto
 10
41.692143
 20
7.077974
  0
VERTEX
  8
gto
 10
42.139184
 20
7.077974
  0
VERTEX
  8
gto
 10
42.347465
 20
6.869694
  0
VERTEX
  8
gto
 10
42.347465
 20
6.587243
  0
VERTEX
  8
gto
 10
41.356863
 20
6.587243
  0
VERTEX
  8
gto
 10
41.356863
 20
6.341373
  0
VERTEX
  8
gto
 10
41.478783
 20
6.341373
  0
VERTEX
  8
gto
 10
41.478783
 20
6.463293
  0
VERTEX
  8
gto
 10
42.350005
 20
6.463293
  0
VERTEX
  8
gto
 10
42.350005
 20
6.341373
  0
VERTEX
  8
gto
 10
42.471925
 20
6.341373
  0
VERTEX
  8
gto
 10
42.471925
 20
6.892554
  0
VERTEX
  8
gto
 10
42.466845
 20
6.914394
  0
VERTEX
  8
gto
 10
42.451605
 20
6.935734
  0
VERTEX
  8
gto
 10
42.207764
 20
7.182114
  0
VERTEX
  8
gto
 10
42.187444
 20
7.195324
  0
VERTEX
  8
gto
 10
42.162044
 20
7.199894
  0
SEQEND
  8
gto
  0
POLYLINE
  8
gto
 62
1
 40
0.000000
 41
0.000000
 66
  1
  0
VERTEX
  8
gto
 10
41.356863
 20
6.110232
  0
VERTEX
  8
gto
 10
41.356863
 20
5.988312
  0
VERTEX
  8
gto
 10
41.976624
 20
5.988312
  0
VERTEX
  8
gto
 10
41.356863
 20
5.368551
  0
VERTEX
  8
gto
 10
41.356863
 20
5.243580
  0
VERTEX
  8
gto
 10
42.469385
 20
5.243580
  0
VERTEX
  8
gto
 10
42.469385
 20
5.368551
  0
VERTEX
  8
gto
 10
41.539743
 20
5.368551
  0
VERTEX
  8
gto
 10
42.164584
 20
5.988312
  0
VERTEX
  8
gto
 10
42.469385
 20
5.988312
  0
VERTEX
  8
gto
 10
42.469385
 20
6.110232
  0
SEQEND
  8
gto
  0
POLYLINE
  8
gto
 62
1
 40
0.000000
 41
0.000000
 66
  1
  0
VERTEX
  8
gto
 10
41.976624
 20
5.023110
  0
VERTEX
  8
gto
 10
41.976624
 20
4.530349
  0
VERTEX
  8
gto
 10
42.098544
 20
4.530349
  0
VERTEX
  8
gto
 10
42.098544
 20
4.774190
  0
VERTEX
  8
gto
 10
42.344925
 20
4.774190
  0
VERTEX
  8
gto
 10
42.344925
 20
4.491739
  0
VERTEX
  8
gto
 10
42.139184
 20
4.283969
  0
VERTEX
  8
gto
 10
41.687063
 20
4.283969
  0
VERTEX
  8
gto
 10
41.478783
 20
4.491739
  0
VERTEX
  8
gto
 10
41.478783
 20
4.690369
  0
VERTEX
  8
gto
 10
41.582923
 20
4.794510
  0
VERTEX
  8
gto
 10
41.499103
 20
4.880870
  0
VERTEX
  8
gto
 10
41.367023
 20
4.750310
  0
VERTEX
  8
gto
 10
41.357883
 20
4.728469
  0
VERTEX
  8
gto
 10
41.357883
 20
4.450089
  0
VERTEX
  8
gto
 10
41.361443
 20
4.437889
  0
VERTEX
  8
gto
 10
41.367023
 20
4.428239
  0
VERTEX
  8
gto
 10
41.624583
 20
4.170178
  0
VERTEX
  8
gto
 10
41.647443
 20
4.162558
  0
VERTEX
  8
gto
 10
42.167124
 20
4.162048
  0
VERTEX
  8
gto
 10
42.189484
 20
4.166108
  0
VERTEX
  8
gto
 10
42.210304
 20
4.179318
  0
VERTEX
  8
gto
 10
42.451605
 20
4.423159
  0
VERTEX
  8
gto
 10
42.462785
 20
4.442969
  0
VERTEX
  8
gto
 10
42.466845
 20
4.466849
  0
VERTEX
  8
gto
 10
42.465835
 20
4.845820
  0
VERTEX
  8
gto
 10
42.456685
 20
4.868680
  0
VERTEX
  8
gto
 10
42.438905
 20
4.885950
  0
VERTEX
  8
gto
 10
42.418585
 20
4.894590
  0
VERTEX
  8
gto
 10
42.408425
 20
4.896110
  0
VERTEX
  8
gto
 10
42.098544
 20
4.896110
  0
VERTEX
  8
gto
 10
42.098544
 20
5.023110
  0
SEQEND
  8
gto
  0
POLYLINE
  8
gto
 62
1
 40
0.000000
 41
0.000000
 66
  1
  0
VERTEX
  8
gto
 10
44.125468
 20
7.204974
  0
VERTEX
  8
gto
 10
44.125468
 20
7.083054
  0
VERTEX
  8
gto
 10
44.745229
 20
7.083054
  0
VERTEX
  8
gto
 10
44.125468
 20
6.463293
  0
VERTEX
  8
gto
 10
44.125468
 20
6.338833
  0
VERTEX
  8
gto
 10
45.237990
 20
6.338833
  0
VERTEX
  8
gto
 10
45.237990
 20
6.463293
  0
VERTEX
  8
gto
 10
44.305809
 20
6.463293
  0
VERTEX
  8
gto
 10
44.933190
 20
7.083054
  0
VERTEX
  8
gto
 10
45.237990
 20
7.083054
  0
VERTEX
  8
gto
 10
45.237990
 20
7.204974
  0
SEQEND
  8
gto
  0
POLYLINE
  8
gto
 62
1
 40
0.000000
 41
0.000000
 66
  1
  0
VERTEX
  8
gto
 10
44.125468
 20
5.868932
  0
VERTEX
  8
gto
 10
44.125468
 20
5.498091
  0
VERTEX
  8
gto
 10
44.247388
 20
5.498091
  0
VERTEX
  8
gto
 10
44.247388
 20
5.622551
  0
VERTEX
  8
gto
 10
45.118610
 20
5.622551
  0
VERTEX
  8
gto
 10
45.118610
 20
5.498091
  0
VERTEX
  8
gto
 10
45.240530
 20
5.498091
  0
VERTEX
  8
gto
 10
45.240530
 20
5.868932
  0
VERTEX
  8
gto
 10
45.118610
 20
5.868932
  0
VERTEX
  8
gto
 10
45.118610
 20
5.747011
  0
VERTEX
  8
gto
 10
44.247388
 20
5.747011
  0
VERTEX
  8
gto
 10
44.247388
 20
5.868932
  0
SEQEND
  8
gto
  0
POLYLINE
  8
gto
 62
1
 40
0.000000
 41
0.000000
 66
  1
  0
VERTEX
  8
gto
 10
44.125468
 20
5.025650
  0
VERTEX
  8
gto
 10
44.125468
 20
4.903730
  0
VERTEX
  8
gto
 10
44.298189
 20
4.903730
  0
VERTEX
  8
gto
 10
45.024630
 20
4.588769
  0
VERTEX
  8
gto
 10
44.295649
 20
4.283969
  0
VERTEX
  8
gto
 10
44.125468
 20
4.283969
  0
VERTEX
  8
gto
 10
44.125468
 20
4.162048
  0
VERTEX
  8
gto
 10
44.333749
 20
4.162048
  0
VERTEX
  8
gto
 10
45.204970
 20
4.532889
  0
VERTEX
  8
gto
 10
45.220720
 20
4.542029
  0
VERTEX
  8
gto
 10
45.231390
 20
4.554229
  0
VERTEX
  8
gto
 10
45.238500
 20
4.569969
  0
VERTEX
  8
gto
 10
45.240530
 20
4.588769
  0
VERTEX
  8
gto
 10
45.238500
 20
4.607569
  0
VERTEX
  8
gto
 10
45.231390
 20
4.623309
  0
VERTEX
  8
gto
 10
45.220720
 20
4.636519
  0
VERTEX
  8
gto
 10
45.204970
 20
4.647189
  0
VERTEX
  8
gto
 10
44.336289
 20
5.023110
  0
VERTEX
  8
gto
 10
44.310889
 20
5.025650
  0
SEQEND
  8
gto
  0
POLYLINE
  8
gto
 62
1
 40
0.000000
 41
0.000000
 66
  1
  0
VERTEX
  8
gto
 10
97.383795
 20
51.257303
  0
VERTEX
  8
gto
 10
97.383795
 20
50.883922
  0
VERTEX
  8
gto
 10
97.010414
 20
50.883922
  0
VERTEX
  8
gto
 10
97.010414
 20
50.759462
  0
VERTEX
  8
gto
 10
97.383795
 20
50.759462
  0
VERTEX
  8
gto
 10
97.383795
 20
50.386081
  0
VERTEX
  8
gto
 10
97.505715
 20
50.386081
  0
VERTEX
  8
gto
 10
97.505715
 20
50.759462
  0
VERTEX
  8
gto
 10
97.879096
 20
50.759462
  0
VERTEX
  8
gto
 10
97.879096
 20
50.883922
  0
VERTEX
  8
gto
 10
97.505715
 20
50.883922
  0
VERTEX
  8
gto
 10
97.505715
 20
51.257303
  0
SEQEND
  8
gto
  0
POLYLINE
  8
gto
 62
1
 40
0.000000
 41
0.000000
 66
  1
  0
VERTEX
  8
gto
 10
17.074414
 20
21.098802
  0
VERTEX
  8
gto
 10
17.074414
 20
20.232660
  0
VERTEX
  8
gto
 10
17.196334
 20
20.232660
  0
VERTEX
  8
gto
 10
17.196334
 20
20.603501
  0
VERTEX
  8
gto
 10
18.189476
 20
20.603501
  0
VERTEX
  8
gto
 10
18.189476
 20
20.727961
  0
VERTEX
  8
gto
 10
17.196334
 20
20.727961
  0
VERTEX
  8
gto
 10
17.196334
 20
21.098802
  0
SEQEND
  8
gto
  0
POLYLINE
  8
gto
 62
1
 40
0.000000
 41
0.000000
 66
  1
  0
VERTEX
  8
gto
 10
17.252215
 20
20.009140
  0
VERTEX
  8
gto
 10
17.228854
 20
20.004570
  0
VERTEX
  8
gto
 10
17.218184
 20
19.998980
  0
VERTEX
  8
gto
 10
17.092194
 20
19.874010
  0
VERTEX
  8
gto
 10
17.078994
 20
19.854710
  0
VERTEX
  8
gto
 10
17.075434
 20
19.843530
  0
VERTEX
  8
gto
 10
17.075434
 20
19.322829
  0
VERTEX
  8
gto
 10
17.084574
 20
19.300989
  0
VERTEX
  8
gto
 10
17.214114
 20
19.168398
  0
VERTEX
  8
gto
 10
17.234944
 20
19.154678
  0
VERTEX
  8
gto
 10
17.257295
 20
19.150108
  0
VERTEX
  8
gto
 10
17.379215
 20
19.150108
  0
VERTEX
  8
gto
 10
17.394965
 20
19.152138
  0
VERTEX
  8
gto
 10
17.408175
 20
19.156718
  0
VERTEX
  8
gto
 10
17.420365
 20
19.164838
  0
VERTEX
  8
gto
 10
17.430015
 20
19.175508
  0
VERTEX
  8
gto
 10
17.915156
 20
19.884680
  0
VERTEX
  8
gto
 10
17.976116
 20
19.884680
  0
VERTEX
  8
gto
 10
18.067556
 20
19.803400
  0
VERTEX
  8
gto
 10
18.067556
 20
19.353819
  0
VERTEX
  8
gto
 10
17.981196
 20
19.267459
  0
VERTEX
  8
gto
 10
17.943096
 20
19.267459
  0
VERTEX
  8
gto
 10
17.943096
 20
19.145538
  0
VERTEX
  8
gto
 10
18.017776
 20
19.146558
  0
VERTEX
  8
gto
 10
18.028446
 20
19.149598
  0
VERTEX
  8
gto
 10
18.047236
 20
19.163318
  0
VERTEX
  8
gto
 10
18.171696
 20
19.287269
  0
VERTEX
  8
gto
 10
18.184906
 20
19.306579
  0
VERTEX
  8
gto
 10
18.188466
 20
19.317239
  0
VERTEX
  8
gto
 10
18.189476
 20
19.828800
  0
VERTEX
  8
gto
 10
18.184396
 20
19.851660
  0
VERTEX
  8
gto
 10
18.169156
 20
19.874010
  0
VERTEX
  8
gto
 10
18.031996
 20
19.996440
  0
VERTEX
  8
gto
 10
18.011676
 20
20.005080
  0
VERTEX
  8
gto
 10
18.001516
 20
20.006600
  0
VERTEX
  8
gto
 10
17.882136
 20
20.006600
  0
VERTEX
  8
gto
 10
17.866396
 20
20.004570
  0
VERTEX
  8
gto
 10
17.852676
 20
19.999490
  0
VERTEX
  8
gto
 10
17.840996
 20
19.990850
  0
VERTEX
  8
gto
 10
17.346195
 20
19.272539
  0
VERTEX
  8
gto
 10
17.282695
 20
19.272539
  0
VERTEX
  8
gto
 10
17.193794
 20
19.358899
  0
VERTEX
  8
gto
 10
17.193794
 20
19.805430
  0
VERTEX
  8
gto
 10
17.275075
 20
19.884680
  0
VERTEX
  8
gto
 10
17.315715
 20
19.884680
  0
VERTEX
  8
gto
 10
17.315715
 20
20.009140
  0
SEQEND
  8
gto
  0
POLYLINE
  8
gto
 62
1
 40
0.000000
 41
0.000000
 66
  1
  0
VERTEX
  8
gto
 10
17.257295
 20
18.921508
  0
VERTEX
  8
gto
 10
17.246124
 20
18.920498
  0
VERTEX
  8
gto
 10
17.224274
 20
18.910338
  0
VERTEX
  8
gto
 10
17.092194
 20
18.779268
  0
VERTEX
  8
gto
 10
17.078994
 20
18.758438
  0
VERTEX
  8
gto
 10
17.075434
 20
18.747777
  0
VERTEX
  8
gto
 10
17.074414
 20
18.177796
  0
VERTEX
  8
gto
 10
17.196334
 20
18.177796
  0
VERTEX
  8
gto
 10
17.196334
 20
18.710687
  0
VERTEX
  8
gto
 10
17.285235
 20
18.800098
  0
VERTEX
  8
gto
 10
17.483355
 20
18.800098
  0
VERTEX
  8
gto
 10
17.569715
 20
18.713737
  0
VERTEX
  8
gto
 10
17.569715
 20
18.177796
  0
VERTEX
  8
gto
 10
17.074414
 20
18.177796
  0
VERTEX
  8
gto
 10
17.074414
 20
18.055876
  0
VERTEX
  8
gto
 10
18.189476
 20
18.055876
  0
VERTEX
  8
gto
 10
18.189476
 20
18.177796
  0
VERTEX
  8
gto
 10
17.691635
 20
18.177796
  0
VERTEX
  8
gto
 10
17.691635
 20
18.334767
  0
VERTEX
  8
gto
 10
18.151376
 20
18.800098
  0
VERTEX
  8
gto
 10
18.189476
 20
18.800098
  0
VERTEX
  8
gto
 10
18.189476
 20
18.919478
  0
VERTEX
  8
gto
 10
18.116326
 20
18.917958
  0
VERTEX
  8
gto
 10
18.105156
 20
18.914908
  0
VERTEX
  8
gto
 10
18.094486
 20
18.909318
  0
VERTEX
  8
gto
 10
17.691635
 20
18.510537
  0
VERTEX
  8
gto
 10
17.691635
 20
18.739137
  0
VERTEX
  8
gto
 10
17.686555
 20
18.762508
  0
VERTEX
  8
gto
 10
17.671315
 20
18.782318
  0
VERTEX
  8
gto
 10
17.540255
 20
18.910338
  0
VERTEX
  8
gto
 10
17.519935
 20
18.920498
  0
SEQEND
  8
gto
  0
POLYLINE
  8
gto
 62
1
 40
0.000000
 41
0.000000
 66
  1
  0
VERTEX
  8
gto
 10
17.569715
 20
17.712975
  0
VERTEX
  8
gto
 10
17.569715
 20
17.090674
  0
VERTEX
  8
gto
 10
17.691635
 20
17.090674
  0
VERTEX
  8
gto
 10
17.691635
 20
17.712975
  0
SEQEND
  8
gto
  0
POLYLINE
  8
gto
 62
1
 40
0.000000
 41
0.000000
 66
  1
  0
VERTEX
  8
gto
 10
17.257295
 20
16.742183
  0
VERTEX
  8
gto
 10
17.234944
 20
16.738123
  0
VERTEX
  8
gto
 10
17.214114
 20
16.724913
  0
VERTEX
  8
gto
 10
17.084574
 20
16.590803
  0
VERTEX
  8
gto
 10
17.075434
 20
16.569463
  0
VERTEX
  8
gto
 10
17.074414
 20
15.998472
  0
VERTEX
  8
gto
 10
17.196334
 20
15.998472
  0
VERTEX
  8
gto
 10
17.196334
 20
16.534413
  0
VERTEX
  8
gto
 10
17.285235
 20
16.620263
  0
VERTEX
  8
gto
 10
17.483355
 20
16.620263
  0
VERTEX
  8
gto
 10
17.569715
 20
16.534413
  0
VERTEX
  8
gto
 10
17.569715
 20
15.998472
  0
VERTEX
  8
gto
 10
17.074414
 20
15.998472
  0
VERTEX
  8
gto
 10
17.074414
 20
15.876552
  0
VERTEX
  8
gto
 10
18.189476
 20
15.876552
  0
VERTEX
  8
gto
 10
18.189476
 20
15.998472
  0
VERTEX
  8
gto
 10
17.691635
 20
15.998472
  0
VERTEX
  8
gto
 10
17.691635
 20
16.158492
  0
VERTEX
  8
gto
 10
18.151376
 20
16.620263
  0
VERTEX
  8
gto
 10
18.189476
 20
16.620263
  0
VERTEX
  8
gto
 10
18.189476
 20
16.740153
  0
VERTEX
  8
gto
 10
18.116326
 20
16.738633
  0
VERTEX
  8
gto
 10
18.105156
 20
16.735583
  0
VERTEX
  8
gto
 10
18.085336
 20
16.722373
  0
VERTEX
  8
gto
 10
17.691635
 20
16.331213
  0
VERTEX
  8
gto
 10
17.691635
 20
16.561843
  0
VERTEX
  8
gto
 10
17.686555
 20
16.584193
  0
VERTEX
  8
gto
 10
17.671315
 20
16.605533
  0
VERTEX
  8
gto
 10
17.540255
 20
16.732533
  0
VERTEX
  8
gto
 10
17.519935
 20
16.741173
  0
SEQEND
  8
gto
  0
POLYLINE
  8
gto
 62
1
 40
0.000000
 41
0.000000
 66
  1
  0
VERTEX
  8
gto
 10
17.074414
 20
15.653031
  0
VERTEX
  8
gto
 10
17.074414
 20
14.786890
  0
VERTEX
  8
gto
 10
17.196334
 20
14.786890
  0
VERTEX
  8
gto
 10
17.196334
 20
15.157730
  0
VERTEX
  8
gto
 10
18.189476
 20
15.157730
  0
VERTEX
  8
gto
 10
18.189476
 20
15.281681
  0
VERTEX
  8
gto
 10
17.196334
 20
15.281681
  0
VERTEX
  8
gto
 10
17.196334
 20
15.653031
  0
SEQEND
  8
gto
  0
POLYLINE
  8
gto
 62
1
 40
0.000000
 41
0.000000
 66
  1
  0
VERTEX
  8
gto
 10
17.384295
 20
14.563369
  0
VERTEX
  8
gto
 10
17.360925
 20
14.558799
  0
VERTEX
  8
gto
 10
17.341115
 20
14.545589
  0
VERTEX
  8
gto
 10
17.092194
 20
14.301749
  0
VERTEX
  8
gto
 10
17.078994
 20
14.281939
  0
VERTEX
  8
gto
 10
17.075434
 20
14.270759
  0
VERTEX
  8
gto
 10
17.074414
 20
13.953258
  0
VERTEX
  8
gto
 10
17.193794
 20
13.953258
  0
VERTEX
  8
gto
 10
17.193794
 20
14.233168
  0
VERTEX
  8
gto
 10
17.407155
 20
14.441449
  0
VERTEX
  8
gto
 10
17.854196
 20
14.441449
  0
VERTEX
  8
gto
 10
18.065016
 20
14.233168
  0
VERTEX
  8
gto
 10
18.065016
 20
13.953258
  0
VERTEX
  8
gto
 10
17.074414
 20
13.953258
  0
VERTEX
  8
gto
 10
17.074414
 20
13.704337
  0
VERTEX
  8
gto
 10
17.193794
 20
13.704337
  0
VERTEX
  8
gto
 10
17.193794
 20
13.829308
  0
VERTEX
  8
gto
 10
18.067556
 20
13.829308
  0
VERTEX
  8
gto
 10
18.067556
 20
13.704337
  0
VERTEX
  8
gto
 10
18.189476
 20
13.704337
  0
VERTEX
  8
gto
 10
18.189476
 20
14.258569
  0
VERTEX
  8
gto
 10
18.184396
 20
14.278889
  0
VERTEX
  8
gto
 10
18.169156
 20
14.299209
  0
VERTEX
  8
gto
 10
17.925316
 20
14.545589
  0
VERTEX
  8
gto
 10
17.903986
 20
14.558799
  0
VERTEX
  8
gto
 10
17.879596
 20
14.563369
  0
SEQEND
  8
gto
  0
POLYLINE
  8
gto
 62
1
 40
0.000000
 41
0.000000
 66
  1
  0
VERTEX
  8
gto
 10
77.234434
 20
27.321815
  0
VERTEX
  8
gto
 10
77.059174
 20
27.319275
  0
VERTEX
  8
gto
 10
77.038854
 20
27.314195
  0
VERTEX
  8
gto
 10
77.018534
 20
27.298955
  0
VERTEX
  8
gto
 10
76.835654
 20
27.116074
  0
VERTEX
  8
gto
 10
76.820414
 20
27.094734
  0
VERTEX
  8
gto
 10
76.815334
 20
27.072894
  0
VERTEX
  8
gto
 10
76.816354
 20
26.537973
  0
VERTEX
  8
gto
 10
76.825494
 20
26.516633
  0
VERTEX
  8
gto
 10
76.833114
 20
26.506473
  0
VERTEX
  8
gto
 10
77.022604
 20
26.318003
  0
VERTEX
  8
gto
 10
77.033274
 20
26.312413
  0
VERTEX
  8
gto
 10
77.056634
 20
26.308353
  0
VERTEX
  8
gto
 10
77.593085
 20
26.313943
  0
VERTEX
  8
gto
 10
77.614425
 20
26.321563
  0
VERTEX
  8
gto
 10
77.813556
 20
26.520693
  0
VERTEX
  8
gto
 10
77.822706
 20
26.543553
  0
VERTEX
  8
gto
 10
77.821176
 20
26.735073
  0
VERTEX
  8
gto
 10
77.696715
 20
26.732533
  0
VERTEX
  8
gto
 10
77.701795
 20
26.580133
  0
VERTEX
  8
gto
 10
77.554475
 20
26.432813
  0
VERTEX
  8
gto
 10
77.082034
 20
26.430273
  0
VERTEX
  8
gto
 10
76.937254
 20
26.577593
  0
VERTEX
  8
gto
 10
76.937254
 20
27.047494
  0
VERTEX
  8
gto
 10
77.087114
 20
27.197354
  0
VERTEX
  8
gto
 10
77.234434
 20
27.199894
  0
SEQEND
  8
gto
  0
POLYLINE
  8
gto
 62
1
 40
0.000000
 41
0.000000
 66
  1
  0
VERTEX
  8
gto
 10
75.847592
 20
26.128012
  0
VERTEX
  8
gto
 10
75.758692
 20
26.041652
  0
VERTEX
  8
gto
 10
76.546093
 20
25.254251
  0
VERTEX
  8
gto
 10
77.155694
 20
25.861312
  0
VERTEX
  8
gto
 10
77.069334
 20
25.947672
  0
VERTEX
  8
gto
 10
76.548633
 20
25.426971
  0
SEQEND
  8
gto
  0
POLYLINE
  8
gto
 62
1
 40
0.000000
 41
0.000000
 66
  1
  0
VERTEX
  8
gto
 10
75.517391
 20
25.797812
  0
VERTEX
  8
gto
 10
75.253231
 20
25.533651
  0
VERTEX
  8
gto
 10
75.339591
 20
25.447291
  0
VERTEX
  8
gto
 10
75.428491
 20
25.536191
  0
VERTEX
  8
gto
 10
75.979672
 20
24.985010
  0
VERTEX
  8
gto
 10
75.982212
 20
24.863090
  0
VERTEX
  8
gto
 10
75.839972
 20
24.720849
  0
VERTEX
  8
gto
 10
75.715511
 20
24.715769
  0
VERTEX
  8
gto
 10
75.601211
 20
24.832610
  0
VERTEX
  8
gto
 10
75.517391
 20
24.748789
  0
VERTEX
  8
gto
 10
75.663191
 20
24.603499
  0
VERTEX
  8
gto
 10
75.672841
 20
24.597909
  0
VERTEX
  8
gto
 10
75.697731
 20
24.593849
  0
VERTEX
  8
gto
 10
75.876552
 20
24.599949
  0
VERTEX
  8
gto
 10
75.887732
 20
24.602989
  0
VERTEX
  8
gto
 10
75.908552
 20
24.616709
  0
VERTEX
  8
gto
 10
76.093972
 20
24.803650
  0
VERTEX
  8
gto
 10
76.103122
 20
24.826510
  0
VERTEX
  8
gto
 10
76.100582
 20
25.022600
  0
VERTEX
  8
gto
 10
76.091432
 20
25.043940
  0
VERTEX
  8
gto
 10
76.083812
 20
25.053590
  0
VERTEX
  8
gto
 10
75.514851
 20
25.622551
  0
VERTEX
  8
gto
 10
75.603751
 20
25.711451
  0
SEQEND
  8
gto
  0
POLYLINE
  8
gto
 62
1
 40
0.000000
 41
0.000000
 66
  1
  0
VERTEX
  8
gto
 10
74.925570
 20
25.010410
  0
VERTEX
  8
gto
 10
74.747769
 20
25.007870
  0
VERTEX
  8
gto
 10
74.727449
 20
25.002790
  0
VERTEX
  8
gto
 10
74.707129
 20
24.987550
  0
VERTEX
  8
gto
 10
74.524249
 20
24.804670
  0
VERTEX
  8
gto
 10
74.511049
 20
24.785370
  0
VERTEX
  8
gto
 10
74.506469
 20
24.764030
  0
VERTEX
  8
gto
 10
74.504949
 20
24.227068
  0
VERTEX
  8
gto
 10
74.514089
 20
24.206748
  0
VERTEX
  8
gto
 10
74.713229
 20
24.007618
  0
VERTEX
  8
gto
 10
74.734569
 20
23.999998
  0
VERTEX
  8
gto
 10
75.268471
 20
24.002028
  0
VERTEX
  8
gto
 10
75.293371
 20
24.006088
  0
VERTEX
  8
gto
 10
75.303021
 20
24.011678
  0
VERTEX
  8
gto
 10
75.503681
 20
24.210308
  0
VERTEX
  8
gto
 10
75.513841
 20
24.233168
  0
VERTEX
  8
gto
 10
75.514851
 20
24.245868
  0
VERTEX
  8
gto
 10
75.509771
 20
24.426209
  0
VERTEX
  8
gto
 10
75.385311
 20
24.423669
  0
VERTEX
  8
gto
 10
75.390391
 20
24.268729
  0
VERTEX
  8
gto
 10
75.243070
 20
24.121408
  0
VERTEX
  8
gto
 10
74.770630
 20
24.121408
  0
VERTEX
  8
gto
 10
74.625849
 20
24.266189
  0
VERTEX
  8
gto
 10
74.625849
 20
24.736089
  0
VERTEX
  8
gto
 10
74.775710
 20
24.885950
  0
VERTEX
  8
gto
 10
74.925570
 20
24.888490
  0
SEQEND
  8
gto
  0
POLYLINE
  8
gto
 62
1
 40
0.000000
 41
0.000000
 66
  1
  0
VERTEX
  8
gto
 10
73.536187
 20
23.816608
  0
VERTEX
  8
gto
 10
73.449827
 20
23.730247
  0
VERTEX
  8
gto
 10
74.237228
 20
22.942846
  0
VERTEX
  8
gto
 10
74.844290
 20
23.549907
  0
VERTEX
  8
gto
 10
74.757930
 20
23.636267
  0
VERTEX
  8
gto
 10
74.237228
 20
23.115566
  0
SEQEND
  8
gto
  0
POLYLINE
  8
gto
 62
1
 40
0.000000
 41
0.000000
 66
  1
  0
VERTEX
  8
gto
 10
73.205986
 20
23.486407
  0
VERTEX
  8
gto
 10
72.944366
 20
23.224786
  0
VERTEX
  8
gto
 10
73.030726
 20
23.138426
  0
VERTEX
  8
gto
 10
73.117086
 20
23.224786
  0
VERTEX
  8
gto
 10
73.668267
 20
22.673605
  0
VERTEX
  8
gto
 10
73.670807
 20
22.551685
  0
VERTEX
  8
gto
 10
73.528567
 20
22.409445
  0
VERTEX
  8
gto
 10
73.406647
 20
22.404365
  0
VERTEX
  8
gto
 10
73.289807
 20
22.521205
  0
VERTEX
  8
gto
 10
73.205986
 20
22.437385
  0
VERTEX
  8
gto
 10
73.352297
 20
22.294635
  0
VERTEX
  8
gto
 10
73.362957
 20
22.289045
  0
VERTEX
  8
gto
 10
73.386327
 20
22.284985
  0
VERTEX
  8
gto
 10
73.567687
 20
22.288545
  0
VERTEX
  8
gto
 10
73.578357
 20
22.291585
  0
VERTEX
  8
gto
 10
73.597147
 20
22.305305
  0
VERTEX
  8
gto
 10
73.783588
 20
22.493265
  0
VERTEX
  8
gto
 10
73.790188
 20
22.504445
  0
VERTEX
  8
gto
 10
73.795268
 20
22.528825
  0
VERTEX
  8
gto
 10
73.789178
 20
22.712215
  0
VERTEX
  8
gto
 10
73.780028
 20
22.732535
  0
VERTEX
  8
gto
 10
73.772408
 20
22.742185
  0
VERTEX
  8
gto
 10
73.203446
 20
23.311147
  0
VERTEX
  8
gto
 10
73.292347
 20
23.400047
  0
SEQEND
  8
gto
  0
POLYLINE
  8
gto
 62
1
 40
0.000000
 41
0.000000
 66
  1
  0
VERTEX
  8
gto
 10
72.438905
 20
22.699005
  0
VERTEX
  8
gto
 10
72.418585
 20
22.693925
  0
VERTEX
  8
gto
 10
72.398265
 20
22.678685
  0
VERTEX
  8
gto
 10
72.212844
 20
22.493265
  0
VERTEX
  8
gto
 10
72.199644
 20
22.473965
  0
VERTEX
  8
gto
 10
72.195064
 20
22.452625
  0
VERTEX
  8
gto
 10
72.192524
 20
21.929384
  0
VERTEX
  8
gto
 10
72.197604
 20
21.905504
  0
VERTEX
  8
gto
 10
72.212844
 20
21.886204
  0
VERTEX
  8
gto
 10
72.402335
 20
21.697733
  0
VERTEX
  8
gto
 10
72.413005
 20
21.692143
  0
VERTEX
  8
gto
 10
72.436365
 20
21.688083
  0
VERTEX
  8
gto
 10
72.971296
 20
21.693673
  0
VERTEX
  8
gto
 10
72.994156
 20
21.701293
  0
VERTEX
  8
gto
 10
73.185666
 20
21.891284
  0
VERTEX
  8
gto
 10
73.198876
 20
21.910584
  0
VERTEX
  8
gto
 10
73.202436
 20
21.921764
  0
VERTEX
  8
gto
 10
73.203446
 20
21.934464
  0
VERTEX
  8
gto
 10
73.198366
 20
22.114804
  0
VERTEX
  8
gto
 10
73.076446
 20
22.112264
  0
VERTEX
  8
gto
 10
73.078986
 20
21.957324
  0
VERTEX
  8
gto
 10
72.934206
 20
21.812544
  0
VERTEX
  8
gto
 10
72.461765
 20
21.810004
  0
VERTEX
  8
gto
 10
72.314445
 20
21.954784
  0
VERTEX
  8
gto
 10
72.314445
 20
22.427225
  0
VERTEX
  8
gto
 10
72.464305
 20
22.577085
  0
VERTEX
  8
gto
 10
72.614165
 20
22.579625
  0
VERTEX
  8
gto
 10
72.614165
 20
22.699005
  0
SEQEND
  8
gto
  0
POLYLINE
  8
gto
 62
1
 40
0.000000
 41
0.000000
 66
  1
  0
VERTEX
  8
gto
 10
71.227322
 20
21.507743
  0
VERTEX
  8
gto
 10
71.138422
 20
21.418843
  0
VERTEX
  8
gto
 10
71.925824
 20
20.631441
  0
VERTEX
  8
gto
 10
72.532885
 20
21.241042
  0
VERTEX
  8
gto
 10
72.446525
 20
21.327403
  0
VERTEX
  8
gto
 10
71.928364
 20
20.806702
  0
SEQEND
  8
gto
  0
POLYLINE
  8
gto
 62
1
 40
0.000000
 41
0.000000
 66
  1
  0
VERTEX
  8
gto
 10
70.897122
 20
21.177542
  0
VERTEX
  8
gto
 10
70.632961
 20
20.913382
  0
VERTEX
  8
gto
 10
70.719321
 20
20.827022
  0
VERTEX
  8
gto
 10
70.805682
 20
20.915922
  0
VERTEX
  8
gto
 10
71.359403
 20
20.362201
  0
VERTEX
  8
gto
 10
71.359403
 20
20.240280
  0
VERTEX
  8
gto
 10
71.217162
 20
20.098040
  0
VERTEX
  8
gto
 10
71.095242
 20
20.095500
  0
VERTEX
  8
gto
 10
70.978402
 20
20.212340
  0
VERTEX
  8
gto
 10
70.897122
 20
20.128520
  0
VERTEX
  8
gto
 10
71.040892
 20
19.983230
  0
VERTEX
  8
gto
 10
71.051562
 20
19.977640
  0
VERTEX
  8
gto
 10
71.074922
 20
19.973580
  0
VERTEX
  8
gto
 10
71.256283
 20
19.977140
  0
VERTEX
  8
gto
 10
71.276603
 20
19.987290
  0
VERTEX
  8
gto
 10
71.466083
 20
20.174240
  0
VERTEX
  8
gto
 10
71.479293
 20
20.193540
  0
VERTEX
  8
gto
 10
71.482853
 20
20.204720
  0
VERTEX
  8
gto
 10
71.481323
 20
20.390141
  0
VERTEX
  8
gto
 10
71.476243
 20
20.411981
  0
VERTEX
  8
gto
 10
71.461003
 20
20.433321
  0
VERTEX
  8
gto
 10
70.892042
 20
21.002282
  0
VERTEX
  8
gto
 10
70.980942
 20
21.091182
  0
SEQEND
  8
gto
  0
POLYLINE
  8
gto
 62
1
 40
0.000000
 41
0.000000
 66
  1
  0
VERTEX
  8
gto
 10
70.302761
 20
20.390141
  0
VERTEX
  8
gto
 10
70.127500
 20
20.387601
  0
VERTEX
  8
gto
 10
70.107180
 20
20.382521
  0
VERTEX
  8
gto
 10
70.086860
 20
20.367281
  0
VERTEX
  8
gto
 10
69.903980
 20
20.184400
  0
VERTEX
  8
gto
 10
69.888740
 20
20.163060
  0
VERTEX
  8
gto
 10
69.883660
 20
20.141220
  0
VERTEX
  8
gto
 10
69.884680
 20
19.606799
  0
VERTEX
  8
gto
 10
69.893820
 20
19.586479
  0
VERTEX
  8
gto
 10
70.090930
 20
19.386329
  0
VERTEX
  8
gto
 10
70.101600
 20
19.380739
  0
VERTEX
  8
gto
 10
70.124960
 20
19.376679
  0
VERTEX
  8
gto
 10
70.661411
 20
19.382269
  0
VERTEX
  8
gto
 10
70.682751
 20
19.389889
  0
VERTEX
  8
gto
 10
70.874262
 20
19.579879
  0
VERTEX
  8
gto
 10
70.887472
 20
19.601219
  0
VERTEX
  8
gto
 10
70.891032
 20
19.612899
  0
VERTEX
  8
gto
 10
70.889502
 20
19.803400
  0
VERTEX
  8
gto
 10
70.765042
 20
19.800860
  0
VERTEX
  8
gto
 10
70.770122
 20
19.648459
  0
VERTEX
  8
gto
 10
70.622801
 20
19.501139
  0
VERTEX
  8
gto
 10
70.150360
 20
19.501139
  0
VERTEX
  8
gto
 10
70.005580
 20
19.645919
  0
VERTEX
  8
gto
 10
70.005580
 20
20.115820
  0
VERTEX
  8
gto
 10
70.155440
 20
20.265681
  0
VERTEX
  8
gto
 10
70.302761
 20
20.268221
  0
SEQEND
  8
gto
  0
POLYLINE
  8
gto
 62
1
 40
0.000000
 41
0.000000
 66
  1
  0
VERTEX
  8
gto
 10
68.915918
 20
19.196338
  0
VERTEX
  8
gto
 10
68.829558
 20
19.109978
  0
VERTEX
  8
gto
 10
69.616959
 20
18.322577
  0
VERTEX
  8
gto
 10
70.224020
 20
18.929638
  0
VERTEX
  8
gto
 10
70.137660
 20
19.015998
  0
VERTEX
  8
gto
 10
69.616959
 20
18.495297
  0
SEQEND
  8
gto
  0
POLYLINE
  8
gto
 62
1
 40
0.000000
 41
0.000000
 66
  1
  0
VERTEX
  8
gto
 10
68.585717
 20
18.866138
  0
VERTEX
  8
gto
 10
68.321557
 20
18.604517
  0
VERTEX
  8
gto
 10
68.407917
 20
18.518157
  0
VERTEX
  8
gto
 10
68.496817
 20
18.604517
  0
VERTEX
  8
gto
 10
69.047998
 20
18.053336
  0
VERTEX
  8
gto
 10
69.050538
 20
17.931416
  0
VERTEX
  8
gto
 10
68.908298
 20
17.789176
  0
VERTEX
  8
gto
 10
68.786378
 20
17.784096
  0
VERTEX
  8
gto
 10
68.669537
 20
17.900936
  0
VERTEX
  8
gto
 10
68.585717
 20
17.817116
  0
VERTEX
  8
gto
 10
68.731517
 20
17.672845
  0
VERTEX
  8
gto
 10
68.752858
 20
17.665225
  0
VERTEX
  8
gto
 10
68.933698
 20
17.667255
  0
VERTEX
  8
gto
 10
68.956058
 20
17.671315
  0
VERTEX
  8
gto
 10
68.976878
 20
17.685035
  0
VERTEX
  8
gto
 10
69.154678
 20
17.862836
  0
VERTEX
  8
gto
 10
69.167888
 20
17.884176
  0
VERTEX
  8
gto
 10
69.171448
 20
17.895856
  0
VERTEX
  8
gto
 10
69.169918
 20
18.081276
  0
VERTEX
  8
gto
 10
69.165348
 20
18.102606
  0
VERTEX
  8
gto
 10
69.152138
 20
18.121916
  0
VERTEX
  8
gto
 10
68.583177
 20
18.690877
  0
VERTEX
  8
gto
 10
68.672077
 20
18.779778
  0
SEQEND
  8
gto
  0
POLYLINE
  8
gto
 62
1
 40
0.000000
 41
0.000000
 66
  1
  0
VERTEX
  8
gto
 10
48.954528
 20
30.077210
  0
VERTEX
  8
gto
 10
48.936238
 20
30.075690
  0
VERTEX
  8
gto
 10
48.918968
 20
30.071120
  0
VERTEX
  8
gto
 10
48.903218
 20
30.062990
  0
VERTEX
  8
gto
 10
48.888488
 20
30.052320
  0
VERTEX
  8
gto
 10
48.520187
 20
29.678939
  0
VERTEX
  8
gto
 10
48.507997
 20
29.664209
  0
VERTEX
  8
gto
 10
48.499357
 20
29.648969
  0
VERTEX
  8
gto
 10
48.494277
 20
29.632709
  0
VERTEX
  8
gto
 10
48.492247
 20
29.615439
  0
VERTEX
  8
gto
 10
48.492247
 20
29.518919
  0
VERTEX
  8
gto
 10
48.675127
 20
29.518919
  0
VERTEX
  8
gto
 10
48.675127
 20
29.579369
  0
VERTEX
  8
gto
 10
48.992628
 20
29.894840
  0
VERTEX
  8
gto
 10
49.457449
 20
29.894840
  0
VERTEX
  8
gto
 10
49.586989
 20
29.764790
  0
VERTEX
  8
gto
 10
49.586989
 20
29.457449
  0
VERTEX
  8
gto
 10
48.507997
 20
28.357117
  0
VERTEX
  8
gto
 10
48.499357
 20
28.341877
  0
VERTEX
  8
gto
 10
48.494277
 20
28.325117
  0
VERTEX
  8
gto
 10
48.492247
 20
28.307337
  0
VERTEX
  8
gto
 10
48.494277
 20
28.289557
  0
VERTEX
  8
gto
 10
48.499357
 20
28.273297
  0
VERTEX
  8
gto
 10
48.507997
 20
28.258057
  0
VERTEX
  8
gto
 10
48.520187
 20
28.243836
  0
VERTEX
  8
gto
 10
48.534917
 20
28.231136
  0
VERTEX
  8
gto
 10
48.550157
 20
28.222496
  0
VERTEX
  8
gto
 10
48.566417
 20
28.217416
  0
VERTEX
  8
gto
 10
48.583687
 20
28.215896
  0
VERTEX
  8
gto
 10
49.769870
 20
28.215896
  0
VERTEX
  8
gto
 10
49.769870
 20
28.398777
  0
VERTEX
  8
gto
 10
48.807208
 20
28.398777
  0
VERTEX
  8
gto
 10
49.754120
 20
29.370579
  0
VERTEX
  8
gto
 10
49.763270
 20
29.385819
  0
VERTEX
  8
gto
 10
49.768350
 20
29.402079
  0
VERTEX
  8
gto
 10
49.769870
 20
29.419859
  0
VERTEX
  8
gto
 10
49.769870
 20
29.800860
  0
VERTEX
  8
gto
 10
49.768350
 20
29.818640
  0
VERTEX
  8
gto
 10
49.763270
 20
29.835400
  0
VERTEX
  8
gto
 10
49.754120
 20
29.850640
  0
VERTEX
  8
gto
 10
49.556509
 20
30.052320
  0
VERTEX
  8
gto
 10
49.542289
 20
30.062990
  0
VERTEX
  8
gto
 10
49.527049
 20
30.071120
  0
VERTEX
  8
gto
 10
49.510279
 20
30.075690
  0
VERTEX
  8
gto
 10
49.493009
 20
30.077210
  0
SEQEND
  8
gto
  0
POLYLINE
  8
gto
 62
1
 40
0.000000
 41
0.000000
 66
  1
  0
VERTEX
  8
gto
 10
51.057652
 20
30.075180
  0
VERTEX
  8
gto
 10
51.057652
 20
29.513839
  0
VERTEX
  8
gto
 10
50.580131
 20
29.513839
  0
VERTEX
  8
gto
 10
50.548641
 20
29.507239
  0
VERTEX
  8
gto
 10
50.519171
 20
29.488439
  0
VERTEX
  8
gto
 10
50.153410
 20
29.117598
  0
VERTEX
  8
gto
 10
50.142740
 20
29.103878
  0
VERTEX
  8
gto
 10
50.134620
 20
29.088638
  0
VERTEX
  8
gto
 10
50.130040
 20
29.071878
  0
VERTEX
  8
gto
 10
50.128010
 20
29.054098
  0
VERTEX
  8
gto
 10
50.128010
 20
28.716277
  0
VERTEX
  8
gto
 10
50.305811
 20
28.716277
  0
VERTEX
  8
gto
 10
50.305811
 20
29.018028
  0
VERTEX
  8
gto
 10
50.620771
 20
29.335529
  0
VERTEX
  8
gto
 10
51.057652
 20
29.335529
  0
VERTEX
  8
gto
 10
51.057652
 20
28.398777
  0
VERTEX
  8
gto
 10
50.630931
 20
28.398777
  0
VERTEX
  8
gto
 10
50.305811
 20
28.716277
  0
VERTEX
  8
gto
 10
50.128010
 20
28.716277
  0
VERTEX
  8
gto
 10
50.128010
 20
28.680207
  0
VERTEX
  8
gto
 10
50.130040
 20
28.661917
  0
VERTEX
  8
gto
 10
50.134620
 20
28.645157
  0
VERTEX
  8
gto
 10
50.142740
 20
28.628897
  0
VERTEX
  8
gto
 10
50.153410
 20
28.614677
  0
VERTEX
  8
gto
 10
50.529331
 20
28.245866
  0
VERTEX
  8
gto
 10
50.543051
 20
28.236216
  0
VERTEX
  8
gto
 10
50.558291
 20
28.229106
  0
VERTEX
  8
gto
 10
50.574541
 20
28.224536
  0
VERTEX
  8
gto
 10
51.240532
 20
28.223516
  0
VERTEX
  8
gto
 10
51.240532
 20
30.075180
  0
SEQEND
  8
gto
  0
POLYLINE
  8
gto
 62
1
 40
0.000000
 41
0.000000
 66
  1
  0
VERTEX
  8
gto
 10
53.943098
 20
30.075180
  0
VERTEX
  8
gto
 10
53.943098
 20
29.889760
  0
VERTEX
  8
gto
 10
54.128518
 20
29.889760
  0
VERTEX
  8
gto
 10
54.128518
 20
30.075180
  0
SEQEND
  8
gto
  0
POLYLINE
  8
gto
 62
1
 40
0.000000
 41
0.000000
 66
  1
  0
VERTEX
  8
gto
 10
46.851404
 20
29.886710
  0
VERTEX
  8
gto
 10
46.851404
 20
29.704339
  0
VERTEX
  8
gto
 10
47.651505
 20
29.704339
  0
VERTEX
  8
gto
 10
47.966466
 20
29.399029
  0
VERTEX
  8
gto
 10
47.966466
 20
29.280159
  0
VERTEX
  8
gto
 10
47.648965
 20
28.960118
  0
VERTEX
  8
gto
 10
47.039364
 20
28.960118
  0
VERTEX
  8
gto
 10
47.039364
 20
29.704339
  0
VERTEX
  8
gto
 10
46.851404
 20
29.704339
  0
VERTEX
  8
gto
 10
46.851404
 20
28.213356
  0
VERTEX
  8
gto
 10
47.039364
 20
28.213356
  0
VERTEX
  8
gto
 10
47.039364
 20
28.772158
  0
VERTEX
  8
gto
 10
47.689605
 20
28.772158
  0
VERTEX
  8
gto
 10
47.705355
 20
28.774188
  0
VERTEX
  8
gto
 10
47.721105
 20
28.780288
  0
VERTEX
  8
gto
 10
47.736855
 20
28.790448
  0
VERTEX
  8
gto
 10
48.121406
 20
29.178558
  0
VERTEX
  8
gto
 10
48.132586
 20
29.191768
  0
VERTEX
  8
gto
 10
48.140716
 20
29.207518
  0
VERTEX
  8
gto
 10
48.145286
 20
29.224788
  0
VERTEX
  8
gto
 10
48.146806
 20
29.244598
  0
VERTEX
  8
gto
 10
48.146806
 20
29.437129
  0
VERTEX
  8
gto
 10
48.145286
 20
29.454399
  0
VERTEX
  8
gto
 10
48.140206
 20
29.470659
  0
VERTEX
  8
gto
 10
48.131056
 20
29.484879
  0
VERTEX
  8
gto
 10
47.753106
 20
29.861820
  0
VERTEX
  8
gto
 10
47.739895
 20
29.872490
  0
VERTEX
  8
gto
 10
47.724655
 20
29.880620
  0
VERTEX
  8
gto
 10
47.707895
 20
29.885190
  0
VERTEX
  8
gto
 10
47.689605
 20
29.886710
  0
SEQEND
  8
gto
  0
POLYLINE
  8
gto
 62
1
 40
0.000000
 41
0.000000
 66
  1
  0
VERTEX
  8
gto
 10
56.940304
 20
29.520949
  0
VERTEX
  8
gto
 10
56.921514
 20
29.519939
  0
VERTEX
  8
gto
 10
56.904744
 20
29.515359
  0
VERTEX
  8
gto
 10
56.891034
 20
29.508249
  0
VERTEX
  8
gto
 10
56.879344
 20
29.498599
  0
VERTEX
  8
gto
 10
56.678173
 20
29.292859
  0
VERTEX
  8
gto
 10
56.668523
 20
29.277619
  0
VERTEX
  8
gto
 10
56.662933
 20
29.262379
  0
VERTEX
  8
gto
 10
56.660903
 20
29.246628
  0
VERTEX
  8
gto
 10
56.660903
 20
28.530857
  0
VERTEX
  8
gto
 10
56.843784
 20
28.530857
  0
VERTEX
  8
gto
 10
56.843784
 20
29.206498
  0
VERTEX
  8
gto
 10
56.975864
 20
29.341119
  0
VERTEX
  8
gto
 10
57.473705
 20
29.341119
  0
VERTEX
  8
gto
 10
57.590545
 20
29.206498
  0
VERTEX
  8
gto
 10
57.590545
 20
28.530857
  0
VERTEX
  8
gto
 10
57.468625
 20
28.401317
  0
VERTEX
  8
gto
 10
56.975864
 20
28.401317
  0
VERTEX
  8
gto
 10
56.843784
 20
28.530857
  0
VERTEX
  8
gto
 10
56.660903
 20
28.530857
  0
VERTEX
  8
gto
 10
56.660903
 20
28.492757
  0
VERTEX
  8
gto
 10
56.662933
 20
28.472947
  0
VERTEX
  8
gto
 10
56.668013
 20
28.455677
  0
VERTEX
  8
gto
 10
56.676653
 20
28.439927
  0
VERTEX
  8
gto
 10
56.688843
 20
28.426207
  0
VERTEX
  8
gto
 10
56.879344
 20
28.248916
  0
VERTEX
  8
gto
 10
56.893064
 20
28.239776
  0
VERTEX
  8
gto
 10
56.907284
 20
28.233676
  0
VERTEX
  8
gto
 10
56.923544
 20
28.229616
  0
VERTEX
  8
gto
 10
57.528065
 20
28.229616
  0
VERTEX
  8
gto
 10
57.545845
 20
28.233676
  0
VERTEX
  8
gto
 10
57.559555
 20
28.239776
  0
VERTEX
  8
gto
 10
57.748025
 20
28.429257
  0
VERTEX
  8
gto
 10
57.759206
 20
28.443477
  0
VERTEX
  8
gto
 10
57.767336
 20
28.458717
  0
VERTEX
  8
gto
 10
57.771906
 20
28.474977
  0
VERTEX
  8
gto
 10
57.773426
 20
28.492757
  0
VERTEX
  8
gto
 10
57.772416
 20
29.256279
  0
VERTEX
  8
gto
 10
57.767836
 20
29.271519
  0
VERTEX
  8
gto
 10
57.760726
 20
29.285239
  0
VERTEX
  8
gto
 10
57.580385
 20
29.490979
  0
VERTEX
  8
gto
 10
57.564635
 20
29.504189
  0
VERTEX
  8
gto
 10
57.548385
 20
29.513839
  0
VERTEX
  8
gto
 10
57.530605
 20
29.519429
  0
VERTEX
  8
gto
 10
57.511805
 20
29.520949
  0
SEQEND
  8
gto
  0
POLYLINE
  8
gto
 62
1
 40
0.000000
 41
0.000000
 66
  1
  0
VERTEX
  8
gto
 10
51.763774
 20
29.518919
  0
VERTEX
  8
gto
 10
51.763774
 20
28.487677
  0
VERTEX
  8
gto
 10
51.765804
 20
28.469897
  0
VERTEX
  8
gto
 10
51.770884
 20
28.453637
  0
VERTEX
  8
gto
 10
51.779524
 20
28.438397
  0
VERTEX
  8
gto
 10
51.791714
 20
28.424177
  0
VERTEX
  8
gto
 10
51.972054
 20
28.245866
  0
VERTEX
  8
gto
 10
51.984754
 20
28.236216
  0
VERTEX
  8
gto
 10
51.998984
 20
28.229106
  0
VERTEX
  8
gto
 10
52.015234
 20
28.224536
  0
VERTEX
  8
gto
 10
52.586735
 20
28.223516
  0
VERTEX
  8
gto
 10
52.604005
 20
28.225036
  0
VERTEX
  8
gto
 10
52.620775
 20
28.229616
  0
VERTEX
  8
gto
 10
52.636015
 20
28.237736
  0
VERTEX
  8
gto
 10
52.650235
 20
28.248916
  0
VERTEX
  8
gto
 10
52.723895
 20
28.322577
  0
VERTEX
  8
gto
 10
52.813306
 20
28.236216
  0
VERTEX
  8
gto
 10
52.827526
 20
28.229106
  0
VERTEX
  8
gto
 10
52.845306
 20
28.224536
  0
VERTEX
  8
gto
 10
53.054096
 20
28.223516
  0
VERTEX
  8
gto
 10
53.054096
 20
28.398777
  0
VERTEX
  8
gto
 10
52.904236
 20
28.398777
  0
VERTEX
  8
gto
 10
52.848356
 20
28.459737
  0
VERTEX
  8
gto
 10
52.858006
 20
28.484117
  0
VERTEX
  8
gto
 10
52.861056
 20
28.497837
  0
VERTEX
  8
gto
 10
52.861056
 20
29.518919
  0
VERTEX
  8
gto
 10
52.678175
 20
29.518919
  0
VERTEX
  8
gto
 10
52.678175
 20
28.533397
  0
VERTEX
  8
gto
 10
52.551175
 20
28.398777
  0
VERTEX
  8
gto
 10
52.068574
 20
28.398777
  0
VERTEX
  8
gto
 10
51.944114
 20
28.523237
  0
VERTEX
  8
gto
 10
51.944114
 20
29.518919
  0
SEQEND
  8
gto
  0
POLYLINE
  8
gto
 62
1
 40
0.000000
 41
0.000000
 66
  1
  0
VERTEX
  8
gto
 10
53.943098
 20
29.518919
  0
VERTEX
  8
gto
 10
53.943098
 20
28.215896
  0
VERTEX
  8
gto
 10
54.128518
 20
28.215896
  0
VERTEX
  8
gto
 10
54.128518
 20
29.518919
  0
SEQEND
  8
gto
  0
POLYLINE
  8
gto
 62
1
 40
0.000000
 41
0.000000
 66
  1
  0
VERTEX
  8
gto
 10
55.027680
 20
29.518919
  0
VERTEX
  8
gto
 10
55.027680
 20
29.338579
  0
VERTEX
  8
gto
 10
55.177540
 20
29.338579
  0
VERTEX
  8
gto
 10
55.233420
 20
29.277619
  0
VERTEX
  8
gto
 10
55.220720
 20
29.239518
  0
VERTEX
  8
gto
 10
55.220720
 20
28.218436
  0
VERTEX
  8
gto
 10
55.403601
 20
28.218436
  0
VERTEX
  8
gto
 10
55.403601
 20
29.203448
  0
VERTEX
  8
gto
 10
55.530601
 20
29.338579
  0
VERTEX
  8
gto
 10
55.835402
 20
29.338579
  0
VERTEX
  8
gto
 10
55.967482
 20
29.214118
  0
VERTEX
  8
gto
 10
55.967482
 20
28.223516
  0
VERTEX
  8
gto
 10
56.140202
 20
28.223516
  0
VERTEX
  8
gto
 10
56.140202
 20
29.249678
  0
VERTEX
  8
gto
 10
56.138682
 20
29.266949
  0
VERTEX
  8
gto
 10
56.133602
 20
29.283209
  0
VERTEX
  8
gto
 10
56.124452
 20
29.298449
  0
VERTEX
  8
gto
 10
56.112262
 20
29.313179
  0
VERTEX
  8
gto
 10
55.934462
 20
29.490979
  0
VERTEX
  8
gto
 10
55.921252
 20
29.500629
  0
VERTEX
  8
gto
 10
55.906522
 20
29.507739
  0
VERTEX
  8
gto
 10
55.890772
 20
29.512319
  0
VERTEX
  8
gto
 10
55.873502
 20
29.513839
  0
VERTEX
  8
gto
 10
55.495041
 20
29.513839
  0
VERTEX
  8
gto
 10
55.476751
 20
29.511809
  0
VERTEX
  8
gto
 10
55.460501
 20
29.507239
  0
VERTEX
  8
gto
 10
55.445261
 20
29.499109
  0
VERTEX
  8
gto
 10
55.431541
 20
29.488439
  0
VERTEX
  8
gto
 10
55.357881
 20
29.414779
  0
VERTEX
  8
gto
 10
55.266951
 20
29.503169
  0
VERTEX
  8
gto
 10
55.253231
 20
29.511809
  0
VERTEX
  8
gto
 10
55.237990
 20
29.516889
  0
VERTEX
  8
gto
 10
55.220720
 20
29.518919
  0
SEQEND
  8
gto
  0
POLYLINE
  8
gto
 62
1
 40
0.000000
 41
0.000000
 66
  1
  0
VERTEX
  8
gto
 10
9.582929
 20
50.778252
  0
VERTEX
  8
gto
 10
9.582929
 20
49.912620
  0
VERTEX
  8
gto
 10
9.704849
 20
49.912620
  0
VERTEX
  8
gto
 10
9.704849
 20
50.283461
  0
VERTEX
  8
gto
 10
10.695451
 20
50.283461
  0
VERTEX
  8
gto
 10
10.695451
 20
50.407411
  0
VERTEX
  8
gto
 10
9.704849
 20
50.407411
  0
VERTEX
  8
gto
 10
9.704849
 20
50.778252
  0
SEQEND
  8
gto
  0
POLYLINE
  8
gto
 62
1
 40
0.000000
 41
0.000000
 66
  1
  0
VERTEX
  8
gto
 10
9.758190
 20
49.689099
  0
VERTEX
  8
gto
 10
9.735839
 20
49.684529
  0
VERTEX
  8
gto
 10
9.715009
 20
49.671319
  0
VERTEX
  8
gto
 10
9.598169
 20
49.554479
  0
VERTEX
  8
gto
 10
9.586479
 20
49.534669
  0
VERTEX
  8
gto
 10
9.582929
 20
49.511299
  0
VERTEX
  8
gto
 10
9.583939
 20
49.002788
  0
VERTEX
  8
gto
 10
9.586479
 20
48.991108
  0
VERTEX
  8
gto
 10
9.598169
 20
48.972818
  0
VERTEX
  8
gto
 10
9.731769
 20
48.840228
  0
VERTEX
  8
gto
 10
9.742439
 20
48.834638
  0
VERTEX
  8
gto
 10
9.765810
 20
48.830068
  0
VERTEX
  8
gto
 10
9.887730
 20
48.830068
  0
VERTEX
  8
gto
 10
9.902460
 20
48.832098
  0
VERTEX
  8
gto
 10
9.915670
 20
48.836678
  0
VERTEX
  8
gto
 10
9.927860
 20
48.844798
  0
VERTEX
  8
gto
 10
9.938530
 20
48.855978
  0
VERTEX
  8
gto
 10
10.421131
 20
49.564639
  0
VERTEX
  8
gto
 10
10.484631
 20
49.564639
  0
VERTEX
  8
gto
 10
10.573531
 20
49.483359
  0
VERTEX
  8
gto
 10
10.573531
 20
49.033778
  0
VERTEX
  8
gto
 10
10.487171
 20
48.944878
  0
VERTEX
  8
gto
 10
10.449071
 20
48.944878
  0
VERTEX
  8
gto
 10
10.449071
 20
48.822958
  0
VERTEX
  8
gto
 10
10.524761
 20
48.823978
  0
VERTEX
  8
gto
 10
10.546601
 20
48.834138
  0
VERTEX
  8
gto
 10
10.680211
 20
48.965198
  0
VERTEX
  8
gto
 10
10.693421
 20
48.986028
  0
VERTEX
  8
gto
 10
10.696971
 20
48.996698
  0
VERTEX
  8
gto
 10
10.697991
 20
49.508249
  0
VERTEX
  8
gto
 10
10.692401
 20
49.531619
  0
VERTEX
  8
gto
 10
10.675131
 20
49.554479
  0
VERTEX
  8
gto
 10
10.537971
 20
49.676399
  0
VERTEX
  8
gto
 10
10.517651
 20
49.685039
  0
VERTEX
  8
gto
 10
10.507491
 20
49.686559
  0
VERTEX
  8
gto
 10
10.388111
 20
49.686559
  0
VERTEX
  8
gto
 10
10.372361
 20
49.684529
  0
VERTEX
  8
gto
 10
10.358641
 20
49.679449
  0
VERTEX
  8
gto
 10
10.346961
 20
49.670809
  0
VERTEX
  8
gto
 10
9.854710
 20
48.951988
  0
VERTEX
  8
gto
 10
9.788670
 20
48.951988
  0
VERTEX
  8
gto
 10
9.702309
 20
49.038858
  0
VERTEX
  8
gto
 10
9.702309
 20
49.485899
  0
VERTEX
  8
gto
 10
9.783590
 20
49.564639
  0
VERTEX
  8
gto
 10
9.824230
 20
49.564639
  0
VERTEX
  8
gto
 10
9.824230
 20
49.689099
  0
SEQEND
  8
gto
  0
POLYLINE
  8
gto
 62
1
 40
0.000000
 41
0.000000
 66
  1
  0
VERTEX
  8
gto
 10
9.765810
 20
48.599437
  0
VERTEX
  8
gto
 10
9.742439
 20
48.594867
  0
VERTEX
  8
gto
 10
9.722629
 20
48.581657
  0
VERTEX
  8
gto
 10
9.593089
 20
48.447547
  0
VERTEX
  8
gto
 10
9.583939
 20
48.427227
  0
VERTEX
  8
gto
 10
9.582929
 20
47.857246
  0
VERTEX
  8
gto
 10
9.704849
 20
47.857246
  0
VERTEX
  8
gto
 10
9.704849
 20
48.391157
  0
VERTEX
  8
gto
 10
9.791210
 20
48.477517
  0
VERTEX
  8
gto
 10
9.989330
 20
48.477517
  0
VERTEX
  8
gto
 10
10.075690
 20
48.393697
  0
VERTEX
  8
gto
 10
10.075690
 20
47.857246
  0
VERTEX
  8
gto
 10
9.582929
 20
47.857246
  0
VERTEX
  8
gto
 10
9.582929
 20
47.735325
  0
VERTEX
  8
gto
 10
10.695451
 20
47.735325
  0
VERTEX
  8
gto
 10
10.695451
 20
47.857246
  0
VERTEX
  8
gto
 10
10.197610
 20
47.857246
  0
VERTEX
  8
gto
 10
10.197610
 20
48.015236
  0
VERTEX
  8
gto
 10
10.659891
 20
48.477517
  0
VERTEX
  8
gto
 10
10.695451
 20
48.477517
  0
VERTEX
  8
gto
 10
10.695451
 20
48.599437
  0
VERTEX
  8
gto
 10
10.622301
 20
48.597917
  0
VERTEX
  8
gto
 10
10.611121
 20
48.594357
  0
VERTEX
  8
gto
 10
10.591311
 20
48.579117
  0
VERTEX
  8
gto
 10
10.197610
 20
48.189986
  0
VERTEX
  8
gto
 10
10.196590
 20
48.431287
  0
VERTEX
  8
gto
 10
10.187450
 20
48.452627
  0
VERTEX
  8
gto
 10
10.179830
 20
48.462277
  0
VERTEX
  8
gto
 10
10.048760
 20
48.589277
  0
VERTEX
  8
gto
 10
10.038100
 20
48.594867
  0
VERTEX
  8
gto
 10
10.014730
 20
48.599437
  0
SEQEND
  8
gto
  0
POLYLINE
  8
gto
 62
1
 40
0.000000
 41
0.000000
 66
  1
  0
VERTEX
  8
gto
 10
47.031744
 20
27.756156
  0
VERTEX
  8
gto
 10
47.006344
 20
27.751586
  0
VERTEX
  8
gto
 10
46.986024
 20
27.738375
  0
VERTEX
  8
gto
 10
46.863094
 20
27.601215
  0
VERTEX
  8
gto
 10
46.856484
 20
27.591055
  0
VERTEX
  8
gto
 10
46.851404
 20
27.570735
  0
VERTEX
  8
gto
 10
46.851404
 20
26.846834
  0
VERTEX
  8
gto
 10
46.975864
 20
26.846834
  0
VERTEX
  8
gto
 10
46.975864
 20
27.547875
  0
VERTEX
  8
gto
 10
47.057144
 20
27.636775
  0
VERTEX
  8
gto
 10
47.506725
 20
27.636775
  0
VERTEX
  8
gto
 10
47.595625
 20
27.545335
  0
VERTEX
  8
gto
 10
47.595625
 20
26.854454
  0
VERTEX
  8
gto
 10
47.506725
 20
26.765554
  0
VERTEX
  8
gto
 10
47.057144
 20
26.765554
  0
VERTEX
  8
gto
 10
46.975864
 20
26.846834
  0
VERTEX
  8
gto
 10
46.851404
 20
26.846834
  0
VERTEX
  8
gto
 10
46.852424
 20
26.808734
  0
VERTEX
  8
gto
 10
46.861564
 20
26.785874
  0
VERTEX
  8
gto
 10
46.869184
 20
26.775714
  0
VERTEX
  8
gto
 10
46.998214
 20
26.653283
  0
VERTEX
  8
gto
 10
47.008374
 20
26.647693
  0
VERTEX
  8
gto
 10
47.031744
 20
26.643633
  0
VERTEX
  8
gto
 10
47.543305
 20
26.644653
  0
VERTEX
  8
gto
 10
47.565145
 20
26.654813
  0
VERTEX
  8
gto
 10
47.697225
 20
26.785874
  0
VERTEX
  8
gto
 10
47.706375
 20
26.792984
  0
VERTEX
  8
gto
 10
47.712465
 20
26.802134
  0
VERTEX
  8
gto
 10
47.716535
 20
26.813304
  0
VERTEX
  8
gto
 10
47.717545
 20
27.568195
  0
VERTEX
  8
gto
 10
47.713485
 20
27.592575
  0
VERTEX
  8
gto
 10
47.707895
 20
27.602735
  0
VERTEX
  8
gto
 10
47.570735
 20
27.745995
  0
VERTEX
  8
gto
 10
47.560575
 20
27.751586
  0
VERTEX
  8
gto
 10
47.534665
 20
27.756156
  0
SEQEND
  8
gto
  0
POLYLINE
  8
gto
 62
1
 40
0.000000
 41
0.000000
 66
  1
  0
VERTEX
  8
gto
 10
52.487675
 20
27.756156
  0
VERTEX
  8
gto
 10
52.464305
 20
27.752096
  0
VERTEX
  8
gto
 10
52.444495
 20
27.740915
  0
VERTEX
  8
gto
 10
52.320035
 20
27.616455
  0
VERTEX
  8
gto
 10
52.306825
 20
27.596645
  0
VERTEX
  8
gto
 10
52.303275
 20
27.585465
  0
VERTEX
  8
gto
 10
52.302255
 20
27.451355
  0
VERTEX
  8
gto
 10
52.304285
 20
27.435605
  0
VERTEX
  8
gto
 10
52.309365
 20
27.421895
  0
VERTEX
  8
gto
 10
52.318005
 20
27.410205
  0
VERTEX
  8
gto
 10
53.036316
 20
26.917954
  0
VERTEX
  8
gto
 10
53.036316
 20
26.854454
  0
VERTEX
  8
gto
 10
52.955036
 20
26.765554
  0
VERTEX
  8
gto
 10
52.505455
 20
26.765554
  0
VERTEX
  8
gto
 10
52.419095
 20
26.849374
  0
VERTEX
  8
gto
 10
52.419095
 20
26.887474
  0
VERTEX
  8
gto
 10
52.297175
 20
26.887474
  0
VERTEX
  8
gto
 10
52.298195
 20
26.813814
  0
VERTEX
  8
gto
 10
52.307335
 20
26.792474
  0
VERTEX
  8
gto
 10
52.439415
 20
26.658873
  0
VERTEX
  8
gto
 10
52.459225
 20
26.645153
  0
VERTEX
  8
gto
 10
52.482595
 20
26.641093
  0
VERTEX
  8
gto
 10
52.992126
 20
26.642113
  0
VERTEX
  8
gto
 10
53.014986
 20
26.653793
  0
VERTEX
  8
gto
 10
53.142996
 20
26.788414
  0
VERTEX
  8
gto
 10
53.154686
 20
26.808734
  0
VERTEX
  8
gto
 10
53.158236
 20
26.829054
  0
VERTEX
  8
gto
 10
53.158236
 20
26.948434
  0
VERTEX
  8
gto
 10
53.156716
 20
26.963674
  0
VERTEX
  8
gto
 10
53.152146
 20
26.977394
  0
VERTEX
  8
gto
 10
53.144016
 20
26.989074
  0
VERTEX
  8
gto
 10
53.132836
 20
26.999234
  0
VERTEX
  8
gto
 10
52.424175
 20
27.484375
  0
VERTEX
  8
gto
 10
52.424175
 20
27.547875
  0
VERTEX
  8
gto
 10
52.513075
 20
27.636775
  0
VERTEX
  8
gto
 10
52.960116
 20
27.636775
  0
VERTEX
  8
gto
 10
53.036316
 20
27.555495
  0
VERTEX
  8
gto
 10
53.036316
 20
27.514855
  0
VERTEX
  8
gto
 10
53.163316
 20
27.514855
  0
VERTEX
  8
gto
 10
53.162306
 20
27.590545
  0
VERTEX
  8
gto
 10
53.152146
 20
27.611885
  0
VERTEX
  8
gto
 10
53.018026
 20
27.747515
  0
VERTEX
  8
gto
 10
52.996186
 20
27.755136
  0
SEQEND
  8
gto
  0
POLYLINE
  8
gto
 62
1
 40
0.000000
 41
0.000000
 66
  1
  0
VERTEX
  8
gto
 10
47.946146
 20
27.514855
  0
VERTEX
  8
gto
 10
47.946146
 20
27.405635
  0
VERTEX
  8
gto
 10
48.352547
 20
27.405635
  0
VERTEX
  8
gto
 10
48.568447
 20
27.199894
  0
VERTEX
  8
gto
 10
48.568447
 20
26.976374
  0
VERTEX
  8
gto
 10
48.357627
 20
26.765554
  0
VERTEX
  8
gto
 10
48.068066
 20
26.765554
  0
VERTEX
  8
gto
 10
48.068066
 20
27.405635
  0
VERTEX
  8
gto
 10
47.946146
 20
27.405635
  0
VERTEX
  8
gto
 10
47.946146
 20
26.270253
  0
VERTEX
  8
gto
 10
48.068066
 20
26.270253
  0
VERTEX
  8
gto
 10
48.068066
 20
26.643633
  0
VERTEX
  8
gto
 10
48.396747
 20
26.644653
  0
VERTEX
  8
gto
 10
48.417067
 20
26.654813
  0
VERTEX
  8
gto
 10
48.670047
 20
26.907794
  0
VERTEX
  8
gto
 10
48.678177
 20
26.917954
  0
VERTEX
  8
gto
 10
48.686817
 20
26.939294
  0
VERTEX
  8
gto
 10
48.686817
 20
27.234944
  0
VERTEX
  8
gto
 10
48.678177
 20
27.256285
  0
VERTEX
  8
gto
 10
48.670047
 20
27.265935
  0
VERTEX
  8
gto
 10
48.414017
 20
27.510285
  0
VERTEX
  8
gto
 10
48.401317
 20
27.514345
  0
SEQEND
  8
gto
  0
POLYLINE
  8
gto
 62
1
 40
0.000000
 41
0.000000
 66
  1
  0
VERTEX
  8
gto
 10
53.577337
 20
27.512315
  0
VERTEX
  8
gto
 10
53.553467
 20
27.508255
  0
VERTEX
  8
gto
 10
53.536697
 20
27.497075
  0
VERTEX
  8
gto
 10
53.403607
 20
27.359915
  0
VERTEX
  8
gto
 10
53.396997
 20
27.349755
  0
VERTEX
  8
gto
 10
53.391917
 20
27.329435
  0
VERTEX
  8
gto
 10
53.391917
 20
26.851914
  0
VERTEX
  8
gto
 10
53.513837
 20
26.851914
  0
VERTEX
  8
gto
 10
53.513837
 20
27.304035
  0
VERTEX
  8
gto
 10
53.600197
 20
27.392935
  0
VERTEX
  8
gto
 10
53.932938
 20
27.392935
  0
VERTEX
  8
gto
 10
54.011678
 20
27.304035
  0
VERTEX
  8
gto
 10
54.011678
 20
26.851914
  0
VERTEX
  8
gto
 10
53.930398
 20
26.765554
  0
VERTEX
  8
gto
 10
53.600197
 20
26.765554
  0
VERTEX
  8
gto
 10
53.513837
 20
26.851914
  0
VERTEX
  8
gto
 10
53.391917
 20
26.851914
  0
VERTEX
  8
gto
 10
53.392937
 20
26.813304
  0
VERTEX
  8
gto
 10
53.402077
 20
26.791464
  0
VERTEX
  8
gto
 10
53.536697
 20
26.663953
  0
VERTEX
  8
gto
 10
53.556007
 20
26.654303
  0
VERTEX
  8
gto
 10
53.577337
 20
26.651253
  0
VERTEX
  8
gto
 10
53.970028
 20
26.651763
  0
VERTEX
  8
gto
 10
53.990348
 20
26.658363
  0
VERTEX
  8
gto
 10
54.123948
 20
26.795014
  0
VERTEX
  8
gto
 10
54.132588
 20
26.815334
  0
VERTEX
  8
gto
 10
54.133598
 20
27.324355
  0
VERTEX
  8
gto
 10
54.130048
 20
27.345695
  0
VERTEX
  8
gto
 10
54.118358
 20
27.364995
  0
VERTEX
  8
gto
 10
54.004058
 20
27.491995
  0
VERTEX
  8
gto
 10
53.982728
 20
27.507235
  0
VERTEX
  8
gto
 10
53.958338
 20
27.512315
  0
SEQEND
  8
gto
  0
POLYLINE
  8
gto
 62
1
 40
0.000000
 41
0.000000
 66
  1
  0
VERTEX
  8
gto
 10
49.223768
 20
27.509775
  0
VERTEX
  8
gto
 10
49.212598
 20
27.508255
  0
VERTEX
  8
gto
 10
49.201418
 20
27.503675
  0
VERTEX
  8
gto
 10
49.180588
 20
27.486915
  0
VERTEX
  8
gto
 10
49.047498
 20
27.349755
  0
VERTEX
  8
gto
 10
49.040888
 20
27.339595
  0
VERTEX
  8
gto
 10
49.035808
 20
27.319275
  0
VERTEX
  8
gto
 10
49.035808
 20
27.138934
  0
VERTEX
  8
gto
 10
49.157728
 20
27.138934
  0
VERTEX
  8
gto
 10
49.157728
 20
27.293875
  0
VERTEX
  8
gto
 10
49.246628
 20
27.385315
  0
VERTEX
  8
gto
 10
49.566669
 20
27.385315
  0
VERTEX
  8
gto
 10
49.655569
 20
27.296415
  0
VERTEX
  8
gto
 10
49.655569
 20
27.138934
  0
VERTEX
  8
gto
 10
49.035808
 20
27.138934
  0
VERTEX
  8
gto
 10
49.036828
 20
26.814324
  0
VERTEX
  8
gto
 10
49.044448
 20
26.794004
  0
VERTEX
  8
gto
 10
49.178048
 20
26.663953
  0
VERTEX
  8
gto
 10
49.195828
 20
26.650233
  0
VERTEX
  8
gto
 10
49.218688
 20
26.646173
  0
VERTEX
  8
gto
 10
49.777490
 20
26.646173
  0
VERTEX
  8
gto
 10
49.777490
 20
26.760474
  0
VERTEX
  8
gto
 10
49.241548
 20
26.760474
  0
VERTEX
  8
gto
 10
49.155188
 20
26.851914
  0
VERTEX
  8
gto
 10
49.155188
 20
27.011934
  0
VERTEX
  8
gto
 10
49.772410
 20
27.011934
  0
VERTEX
  8
gto
 10
49.771400
 20
27.332485
  0
VERTEX
  8
gto
 10
49.768350
 20
27.343155
  0
VERTEX
  8
gto
 10
49.754630
 20
27.362455
  0
VERTEX
  8
gto
 10
49.635249
 20
27.486915
  0
VERTEX
  8
gto
 10
49.613409
 20
27.503675
  0
VERTEX
  8
gto
 10
49.602739
 20
27.508255
  0
VERTEX
  8
gto
 10
49.592069
 20
27.509775
  0
SEQEND
  8
gto
  0
POLYLINE
  8
gto
 62
1
 40
0.000000
 41
0.000000
 66
  1
  0
VERTEX
  8
gto
 10
50.125470
 20
27.509775
  0
VERTEX
  8
gto
 10
50.125470
 20
27.390395
  0
VERTEX
  8
gto
 10
50.224530
 20
27.390395
  0
VERTEX
  8
gto
 10
50.260091
 20
27.349755
  0
VERTEX
  8
gto
 10
50.252471
 20
27.324355
  0
VERTEX
  8
gto
 10
50.252471
 20
26.643633
  0
VERTEX
  8
gto
 10
50.374391
 20
26.643633
  0
VERTEX
  8
gto
 10
50.374391
 20
27.301495
  0
VERTEX
  8
gto
 10
50.460751
 20
27.390395
  0
VERTEX
  8
gto
 10
50.663951
 20
27.390395
  0
VERTEX
  8
gto
 10
50.750312
 20
27.306575
  0
VERTEX
  8
gto
 10
50.750312
 20
26.646173
  0
VERTEX
  8
gto
 10
50.867152
 20
26.646173
  0
VERTEX
  8
gto
 10
50.866142
 20
27.343155
  0
VERTEX
  8
gto
 10
50.855982
 20
27.364485
  0
VERTEX
  8
gto
 10
50.727451
 20
27.491995
  0
VERTEX
  8
gto
 10
50.709671
 20
27.503175
  0
VERTEX
  8
gto
 10
50.686811
 20
27.507235
  0
VERTEX
  8
gto
 10
50.435351
 20
27.507235
  0
VERTEX
  8
gto
 10
50.411981
 20
27.502665
  0
VERTEX
  8
gto
 10
50.392171
 20
27.489455
  0
VERTEX
  8
gto
 10
50.343911
 20
27.441195
  0
VERTEX
  8
gto
 10
50.283461
 20
27.499615
  0
VERTEX
  8
gto
 10
50.274821
 20
27.505205
  0
VERTEX
  8
gto
 10
50.252471
 20
27.509775
  0
SEQEND
  8
gto
  0
POLYLINE
  8
gto
 62
1
 40
0.000000
 41
0.000000
 66
  1
  0
VERTEX
  8
gto
 10
54.484119
 20
27.509775
  0
VERTEX
  8
gto
 10
54.485139
 20
26.811274
  0
VERTEX
  8
gto
 10
54.494279
 20
26.789934
  0
VERTEX
  8
gto
 10
54.629409
 20
26.655823
  0
VERTEX
  8
gto
 10
54.639059
 20
26.650233
  0
VERTEX
  8
gto
 10
54.661919
 20
26.646173
  0
VERTEX
  8
gto
 10
55.043940
 20
26.647193
  0
VERTEX
  8
gto
 10
55.054610
 20
26.650233
  0
VERTEX
  8
gto
 10
55.073400
 20
26.663953
  0
VERTEX
  8
gto
 10
55.124200
 20
26.714753
  0
VERTEX
  8
gto
 10
55.182620
 20
26.655823
  0
VERTEX
  8
gto
 10
55.192270
 20
26.650233
  0
VERTEX
  8
gto
 10
55.218180
 20
26.646173
  0
VERTEX
  8
gto
 10
55.342641
 20
26.646173
  0
VERTEX
  8
gto
 10
55.342641
 20
26.765554
  0
VERTEX
  8
gto
 10
55.243580
 20
26.765554
  0
VERTEX
  8
gto
 10
55.205480
 20
26.806194
  0
VERTEX
  8
gto
 10
55.215640
 20
26.829054
  0
VERTEX
  8
gto
 10
55.215640
 20
27.509775
  0
VERTEX
  8
gto
 10
55.093720
 20
27.509775
  0
VERTEX
  8
gto
 10
55.093720
 20
26.854454
  0
VERTEX
  8
gto
 10
55.007360
 20
26.765554
  0
VERTEX
  8
gto
 10
54.687319
 20
26.765554
  0
VERTEX
  8
gto
 10
54.603499
 20
26.846834
  0
VERTEX
  8
gto
 10
54.603499
 20
27.509775
  0
SEQEND
  8
gto
  0
POLYLINE
  8
gto
 62
1
 40
0.000000
 41
0.000000
 66
  1
  0
VERTEX
  8
gto
 10
55.571241
 20
27.509775
  0
VERTEX
  8
gto
 10
55.571241
 20
27.385315
  0
VERTEX
  8
gto
 10
55.619501
 20
27.383795
  0
VERTEX
  8
gto
 10
55.631191
 20
27.380745
  0
VERTEX
  8
gto
 10
55.652521
 20
27.367535
  0
VERTEX
  8
gto
 10
55.660651
 20
27.357885
  0
VERTEX
  8
gto
 10
55.669291
 20
27.336545
  0
VERTEX
  8
gto
 10
55.672841
 20
26.643633
  0
VERTEX
  8
gto
 10
55.792222
 20
26.643633
  0
VERTEX
  8
gto
 10
55.792222
 20
27.179574
  0
VERTEX
  8
gto
 10
56.000502
 20
27.385315
  0
VERTEX
  8
gto
 10
56.099562
 20
27.385315
  0
VERTEX
  8
gto
 10
56.191002
 20
27.298955
  0
VERTEX
  8
gto
 10
56.191002
 20
27.263395
  0
VERTEX
  8
gto
 10
56.312923
 20
27.263395
  0
VERTEX
  8
gto
 10
56.311913
 20
27.336545
  0
VERTEX
  8
gto
 10
56.301753
 20
27.357885
  0
VERTEX
  8
gto
 10
56.157472
 20
27.499615
  0
VERTEX
  8
gto
 10
56.147312
 20
27.505205
  0
VERTEX
  8
gto
 10
56.122422
 20
27.509775
  0
VERTEX
  8
gto
 10
55.975102
 20
27.509775
  0
VERTEX
  8
gto
 10
55.952752
 20
27.504695
  0
VERTEX
  8
gto
 10
55.931922
 20
27.489455
  0
VERTEX
  8
gto
 10
55.792222
 20
27.347215
  0
VERTEX
  8
gto
 10
55.792222
 20
27.385315
  0
VERTEX
  8
gto
 10
55.789682
 20
27.407665
  0
VERTEX
  8
gto
 10
55.781052
 20
27.429515
  0
VERTEX
  8
gto
 10
55.766822
 20
27.450845
  0
VERTEX
  8
gto
 10
55.746501
 20
27.471675
  0
VERTEX
  8
gto
 10
55.704851
 20
27.500125
  0
VERTEX
  8
gto
 10
55.686561
 20
27.507235
  0
VERTEX
  8
gto
 10
55.670301
 20
27.509775
  0
SEQEND
  8
gto
  0
POLYLINE
  8
gto
 62
1
 40
0.000000
 41
0.000000
 66
  1
  0
VERTEX
  8
gto
 10
57.938526
 20
27.509775
  0
VERTEX
  8
gto
 10
57.927356
 20
27.508255
  0
VERTEX
  8
gto
 10
57.904496
 20
27.496565
  0
VERTEX
  8
gto
 10
57.892806
 20
27.486915
  0
VERTEX
  8
gto
 10
57.759716
 20
27.349755
  0
VERTEX
  8
gto
 10
57.753106
 20
27.339595
  0
VERTEX
  8
gto
 10
57.748025
 20
27.319275
  0
VERTEX
  8
gto
 10
57.748025
 20
27.138934
  0
VERTEX
  8
gto
 10
57.869946
 20
27.138934
  0
VERTEX
  8
gto
 10
57.869946
 20
27.293875
  0
VERTEX
  8
gto
 10
57.958846
 20
27.385315
  0
VERTEX
  8
gto
 10
58.281427
 20
27.385315
  0
VERTEX
  8
gto
 10
58.367787
 20
27.296415
  0
VERTEX
  8
gto
 10
58.367787
 20
27.138934
  0
VERTEX
  8
gto
 10
57.748025
 20
27.138934
  0
VERTEX
  8
gto
 10
57.749045
 20
26.814324
  0
VERTEX
  8
gto
 10
57.758186
 20
26.794004
  0
VERTEX
  8
gto
 10
57.899416
 20
26.655823
  0
VERTEX
  8
gto
 10
57.919736
 20
26.647193
  0
VERTEX
  8
gto
 10
58.489707
 20
26.646173
  0
VERTEX
  8
gto
 10
58.489707
 20
26.760474
  0
VERTEX
  8
gto
 10
57.956306
 20
26.760474
  0
VERTEX
  8
gto
 10
57.867406
 20
26.851914
  0
VERTEX
  8
gto
 10
57.867406
 20
27.011934
  0
VERTEX
  8
gto
 10
58.487167
 20
27.011934
  0
VERTEX
  8
gto
 10
58.486157
 20
27.332485
  0
VERTEX
  8
gto
 10
58.475997
 20
27.352805
  0
VERTEX
  8
gto
 10
58.347467
 20
27.486915
  0
VERTEX
  8
gto
 10
58.325117
 20
27.503675
  0
VERTEX
  8
gto
 10
58.314957
 20
27.508255
  0
VERTEX
  8
gto
 10
58.304287
 20
27.509775
  0
SEQEND
  8
gto
  0
POLYLINE
  8
gto
 62
1
 40
0.000000
 41
0.000000
 66
  1
  0
VERTEX
  8
gto
 10
56.963164
 20
27.507235
  0
VERTEX
  8
gto
 10
56.941834
 20
27.502665
  0
VERTEX
  8
gto
 10
56.922524
 20
27.489455
  0
VERTEX
  8
gto
 10
56.670053
 20
27.233424
  0
VERTEX
  8
gto
 10
56.663443
 20
27.223774
  0
VERTEX
  8
gto
 10
56.658363
 20
27.202434
  0
VERTEX
  8
gto
 10
56.658363
 20
26.950974
  0
VERTEX
  8
gto
 10
56.663443
 20
26.928624
  0
VERTEX
  8
gto
 10
56.678683
 20
26.907794
  0
VERTEX
  8
gto
 10
56.936244
 20
26.655823
  0
VERTEX
  8
gto
 10
56.945894
 20
26.650233
  0
VERTEX
  8
gto
 10
56.970784
 20
26.646173
  0
VERTEX
  8
gto
 10
57.400045
 20
26.646173
  0
VERTEX
  8
gto
 10
57.400045
 20
26.765554
  0
VERTEX
  8
gto
 10
56.993644
 20
26.765554
  0
VERTEX
  8
gto
 10
56.780284
 20
26.976374
  0
VERTEX
  8
gto
 10
56.780284
 20
27.177034
  0
VERTEX
  8
gto
 10
56.988564
 20
27.387855
  0
VERTEX
  8
gto
 10
57.400045
 20
27.387855
  0
VERTEX
  8
gto
 10
57.400045
 20
27.507235
  0
SEQEND
  8
gto
  0
POLYLINE
  8
gto
 62
1
 40
0.000000
 41
0.000000
 66
  1
  0
VERTEX
  8
gto
 10
48.253487
 20
26.291083
  0
VERTEX
  8
gto
 10
48.241296
 20
26.290063
  0
VERTEX
  8
gto
 10
48.219956
 20
26.281433
  0
VERTEX
  8
gto
 10
47.963926
 20
26.026922
  0
VERTEX
  8
gto
 10
47.950716
 20
26.006092
  0
VERTEX
  8
gto
 10
47.946146
 20
25.983742
  0
VERTEX
  8
gto
 10
47.946146
 20
25.917702
  0
VERTEX
  8
gto
 10
48.068066
 20
25.917702
  0
VERTEX
  8
gto
 10
48.068066
 20
25.958342
  0
VERTEX
  8
gto
 10
48.278887
 20
26.169162
  0
VERTEX
  8
gto
 10
48.588767
 20
26.169162
  0
VERTEX
  8
gto
 10
48.675127
 20
26.082802
  0
VERTEX
  8
gto
 10
48.675127
 20
25.877062
  0
VERTEX
  8
gto
 10
47.956306
 20
25.144010
  0
VERTEX
  8
gto
 10
47.947166
 20
25.123690
  0
VERTEX
  8
gto
 10
47.947166
 20
25.100330
  0
VERTEX
  8
gto
 10
47.956306
 20
25.078990
  0
VERTEX
  8
gto
 10
47.963926
 20
25.069340
  0
VERTEX
  8
gto
 10
47.984756
 20
25.056130
  0
VERTEX
  8
gto
 10
48.007106
 20
25.051560
  0
VERTEX
  8
gto
 10
48.797048
 20
25.051560
  0
VERTEX
  8
gto
 10
48.797048
 20
25.173480
  0
VERTEX
  8
gto
 10
48.156966
 20
25.173480
  0
VERTEX
  8
gto
 10
48.787398
 20
25.820672
  0
VERTEX
  8
gto
 10
48.796038
 20
25.842012
  0
VERTEX
  8
gto
 10
48.797048
 20
26.108202
  0
VERTEX
  8
gto
 10
48.792988
 20
26.130042
  0
VERTEX
  8
gto
 10
48.779268
 20
26.148842
  0
VERTEX
  8
gto
 10
48.645667
 20
26.281433
  0
VERTEX
  8
gto
 10
48.625347
 20
26.290063
  0
SEQEND
  8
gto
  0
POLYLINE
  8
gto
 62
1
 40
0.000000
 41
0.000000
 66
  1
  0
VERTEX
  8
gto
 10
50.407411
 20
26.291083
  0
VERTEX
  8
gto
 10
50.382011
 20
26.270763
  0
VERTEX
  8
gto
 10
50.263141
 20
26.133602
  0
VERTEX
  8
gto
 10
50.247390
 20
26.098042
  0
VERTEX
  8
gto
 10
50.247390
 20
25.882142
  0
VERTEX
  8
gto
 10
50.366771
 20
25.882142
  0
VERTEX
  8
gto
 10
50.366771
 20
26.077722
  0
VERTEX
  8
gto
 10
50.453131
 20
26.174242
  0
VERTEX
  8
gto
 10
50.648711
 20
26.174242
  0
VERTEX
  8
gto
 10
50.732531
 20
26.087882
  0
VERTEX
  8
gto
 10
50.732531
 20
25.882142
  0
VERTEX
  8
gto
 10
50.651251
 20
25.803402
  0
VERTEX
  8
gto
 10
50.453131
 20
25.803402
  0
VERTEX
  8
gto
 10
50.366771
 20
25.882142
  0
VERTEX
  8
gto
 10
50.247390
 20
25.882142
  0
VERTEX
  8
gto
 10
50.248920
 20
25.845562
  0
VERTEX
  8
gto
 10
50.252471
 20
25.834392
  0
VERTEX
  8
gto
 10
50.267711
 20
25.813562
  0
VERTEX
  8
gto
 10
50.343911
 20
25.742441
  0
VERTEX
  8
gto
 10
50.137160
 20
25.519431
  0
VERTEX
  8
gto
 10
50.127000
 20
25.500121
  0
VERTEX
  8
gto
 10
50.125470
 20
25.490981
  0
VERTEX
  8
gto
 10
50.125470
 20
25.371601
  0
VERTEX
  8
gto
 10
50.247390
 20
25.371601
  0
VERTEX
  8
gto
 10
50.247390
 20
25.468121
  0
VERTEX
  8
gto
 10
50.455671
 20
25.689101
  0
VERTEX
  8
gto
 10
50.648711
 20
25.689101
  0
VERTEX
  8
gto
 10
50.859532
 20
25.468121
  0
VERTEX
  8
gto
 10
50.859532
 20
25.374141
  0
VERTEX
  8
gto
 10
50.648711
 20
25.163320
  0
VERTEX
  8
gto
 10
50.448051
 20
25.163320
  0
VERTEX
  8
gto
 10
50.247390
 20
25.371601
  0
VERTEX
  8
gto
 10
50.125470
 20
25.371601
  0
VERTEX
  8
gto
 10
50.126490
 20
25.336041
  0
VERTEX
  8
gto
 10
50.135630
 20
25.315721
  0
VERTEX
  8
gto
 10
50.143250
 20
25.305561
  0
VERTEX
  8
gto
 10
50.382011
 20
25.064260
  0
VERTEX
  8
gto
 10
50.400811
 20
25.056130
  0
VERTEX
  8
gto
 10
50.416051
 20
25.052070
  0
VERTEX
  8
gto
 10
50.702051
 20
25.051560
  0
VERTEX
  8
gto
 10
50.958592
 20
25.305561
  0
VERTEX
  8
gto
 10
50.963672
 20
25.318261
  0
VERTEX
  8
gto
 10
50.973322
 20
25.334011
  0
VERTEX
  8
gto
 10
50.976372
 20
25.346201
  0
VERTEX
  8
gto
 10
50.975362
 20
25.501651
  0
VERTEX
  8
gto
 10
50.972822
 20
25.512821
  0
VERTEX
  8
gto
 10
50.961132
 20
25.529081
  0
VERTEX
  8
gto
 10
50.757932
 20
25.747521
  0
VERTEX
  8
gto
 10
50.840742
 20
25.826262
  0
VERTEX
  8
gto
 10
50.850902
 20
25.846582
  0
VERTEX
  8
gto
 10
50.851912
 20
26.110742
  0
VERTEX
  8
gto
 10
50.847852
 20
26.132582
  0
VERTEX
  8
gto
 10
50.834132
 20
26.151382
  0
VERTEX
  8
gto
 10
50.708151
 20
26.281433
  0
VERTEX
  8
gto
 10
50.686301
 20
26.290063
  0
SEQEND
  8
gto
  0
POLYLINE
  8
gto
 62
1
 40
0.000000
 41
0.000000
 66
  1
  0
VERTEX
  8
gto
 10
52.850896
 20
26.291083
  0
VERTEX
  8
gto
 10
52.838196
 20
26.290063
  0
VERTEX
  8
gto
 10
52.817876
 20
26.281433
  0
VERTEX
  8
gto
 10
52.322575
 20
25.778002
  0
VERTEX
  8
gto
 10
52.307335
 20
25.758192
  0
VERTEX
  8
gto
 10
52.302255
 20
25.734821
  0
VERTEX
  8
gto
 10
52.302255
 20
25.544321
  0
VERTEX
  8
gto
 10
52.424175
 20
25.544321
  0
VERTEX
  8
gto
 10
52.424175
 20
25.711961
  0
VERTEX
  8
gto
 10
52.878836
 20
26.169162
  0
VERTEX
  8
gto
 10
52.916936
 20
26.169162
  0
VERTEX
  8
gto
 10
52.916936
 20
25.544321
  0
VERTEX
  8
gto
 10
52.302255
 20
25.544321
  0
VERTEX
  8
gto
 10
52.303785
 20
25.471171
  0
VERTEX
  8
gto
 10
52.307335
 20
25.459991
  0
VERTEX
  8
gto
 10
52.322575
 20
25.440181
  0
VERTEX
  8
gto
 10
52.341885
 20
25.426971
  0
VERTEX
  8
gto
 10
52.352045
 20
25.423411
  0
VERTEX
  8
gto
 10
52.916936
 20
25.422401
  0
VERTEX
  8
gto
 10
52.916936
 20
25.005840
  0
VERTEX
  8
gto
 10
53.038856
 20
25.005840
  0
VERTEX
  8
gto
 10
53.038856
 20
25.422401
  0
VERTEX
  8
gto
 10
53.153156
 20
25.422401
  0
VERTEX
  8
gto
 10
53.153156
 20
25.544321
  0
VERTEX
  8
gto
 10
53.038856
 20
25.544321
  0
VERTEX
  8
gto
 10
53.037846
 20
26.242312
  0
VERTEX
  8
gto
 10
53.034796
 20
26.253493
  0
VERTEX
  8
gto
 10
53.029206
 20
26.264153
  0
VERTEX
  8
gto
 10
53.011936
 20
26.281433
  0
VERTEX
  8
gto
 10
52.990086
 20
26.290063
  0
SEQEND
  8
gto
  0
POLYLINE
  8
gto
 62
1
 40
0.000000
 41
0.000000
 66
  1
  0
VERTEX
  8
gto
 10
54.771140
 20
26.291083
  0
VERTEX
  8
gto
 10
54.491739
 20
26.010152
  0
VERTEX
  8
gto
 10
54.482599
 20
25.988312
  0
VERTEX
  8
gto
 10
54.481579
 20
25.356361
  0
VERTEX
  8
gto
 10
54.603499
 20
25.356361
  0
VERTEX
  8
gto
 10
54.603499
 20
25.452881
  0
VERTEX
  8
gto
 10
54.821940
 20
25.673861
  0
VERTEX
  8
gto
 10
55.025140
 20
25.673861
  0
VERTEX
  8
gto
 10
55.233420
 20
25.465581
  0
VERTEX
  8
gto
 10
55.233420
 20
25.358901
  0
VERTEX
  8
gto
 10
55.017520
 20
25.143000
  0
VERTEX
  8
gto
 10
54.814320
 20
25.143000
  0
VERTEX
  8
gto
 10
54.603499
 20
25.356361
  0
VERTEX
  8
gto
 10
54.481579
 20
25.356361
  0
VERTEX
  8
gto
 10
54.481579
 20
25.328421
  0
VERTEX
  8
gto
 10
54.499359
 20
25.287781
  0
VERTEX
  8
gto
 10
54.748279
 20
25.038860
  0
VERTEX
  8
gto
 10
54.768090
 20
25.025650
  0
VERTEX
  8
gto
 10
54.779270
 20
25.022090
  0
VERTEX
  8
gto
 10
55.042920
 20
25.021080
  0
VERTEX
  8
gto
 10
55.065270
 20
25.025650
  0
VERTEX
  8
gto
 10
55.086100
 20
25.038860
  0
VERTEX
  8
gto
 10
55.345691
 20
25.302511
  0
VERTEX
  8
gto
 10
55.354331
 20
25.323851
  0
VERTEX
  8
gto
 10
55.354331
 20
25.500631
  0
VERTEX
  8
gto
 10
55.345691
 20
25.522471
  0
VERTEX
  8
gto
 10
55.096260
 20
25.778002
  0
VERTEX
  8
gto
 10
55.086100
 20
25.786132
  0
VERTEX
  8
gto
 10
55.064260
 20
25.794762
  0
VERTEX
  8
gto
 10
54.786890
 20
25.794762
  0
VERTEX
  8
gto
 10
54.765550
 20
25.786132
  0
VERTEX
  8
gto
 10
54.603499
 20
25.625601
  0
VERTEX
  8
gto
 10
54.603499
 20
25.953262
  0
VERTEX
  8
gto
 10
54.854960
 20
26.204722
  0
SEQEND
  8
gto
  0
POLYLINE
  8
gto
 62
1
 40
0.000000
 41
0.000000
 66
  1
  0
VERTEX
  8
gto
 10
56.119882
 20
26.291083
  0
VERTEX
  8
gto
 10
56.106672
 20
26.290063
  0
VERTEX
  8
gto
 10
56.085342
 20
26.281433
  0
VERTEX
  8
gto
 10
55.589021
 20
25.778002
  0
VERTEX
  8
gto
 10
55.575811
 20
25.758192
  0
VERTEX
  8
gto
 10
55.572261
 20
25.747011
  0
VERTEX
  8
gto
 10
55.571241
 20
25.544321
  0
VERTEX
  8
gto
 10
55.693161
 20
25.544321
  0
VERTEX
  8
gto
 10
55.693161
 20
25.711961
  0
VERTEX
  8
gto
 10
56.145282
 20
26.169162
  0
VERTEX
  8
gto
 10
56.183382
 20
26.169162
  0
VERTEX
  8
gto
 10
56.183382
 20
25.544321
  0
VERTEX
  8
gto
 10
55.571241
 20
25.544321
  0
VERTEX
  8
gto
 10
55.572261
 20
25.471171
  0
VERTEX
  8
gto
 10
55.581401
 20
25.449831
  0
VERTEX
  8
gto
 10
55.589021
 20
25.440181
  0
VERTEX
  8
gto
 10
55.608831
 20
25.426971
  0
VERTEX
  8
gto
 10
55.620011
 20
25.423411
  0
VERTEX
  8
gto
 10
56.183382
 20
25.422401
  0
VERTEX
  8
gto
 10
56.183382
 20
25.005840
  0
VERTEX
  8
gto
 10
56.305303
 20
25.005840
  0
VERTEX
  8
gto
 10
56.305303
 20
25.422401
  0
VERTEX
  8
gto
 10
56.419603
 20
25.422401
  0
VERTEX
  8
gto
 10
56.419603
 20
25.544321
  0
VERTEX
  8
gto
 10
56.305303
 20
25.544321
  0
VERTEX
  8
gto
 10
56.304293
 20
26.242312
  0
VERTEX
  8
gto
 10
56.295653
 20
26.264153
  0
VERTEX
  8
gto
 10
56.278383
 20
26.281433
  0
VERTEX
  8
gto
 10
56.256533
 20
26.290063
  0
SEQEND
  8
gto
  0
POLYLINE
  8
gto
 62
1
 40
0.000000
 41
0.000000
 66
  1
  0
VERTEX
  8
gto
 10
46.851404
 20
26.164082
  0
VERTEX
  8
gto
 10
46.851404
 20
26.042162
  0
VERTEX
  8
gto
 10
47.384805
 20
26.042162
  0
VERTEX
  8
gto
 10
47.595625
 20
25.838962
  0
VERTEX
  8
gto
 10
47.595625
 20
25.760222
  0
VERTEX
  8
gto
 10
47.384805
 20
25.546861
  0
VERTEX
  8
gto
 10
46.978404
 20
25.546861
  0
VERTEX
  8
gto
 10
46.978404
 20
26.042162
  0
VERTEX
  8
gto
 10
46.851404
 20
26.042162
  0
VERTEX
  8
gto
 10
46.851404
 20
25.049020
  0
VERTEX
  8
gto
 10
46.978404
 20
25.049020
  0
VERTEX
  8
gto
 10
46.978404
 20
25.419861
  0
VERTEX
  8
gto
 10
47.410205
 20
25.419861
  0
VERTEX
  8
gto
 10
47.431545
 20
25.425451
  0
VERTEX
  8
gto
 10
47.453385
 20
25.442721
  0
VERTEX
  8
gto
 10
47.699765
 20
25.691641
  0
VERTEX
  8
gto
 10
47.711455
 20
25.711451
  0
VERTEX
  8
gto
 10
47.715005
 20
25.734821
  0
VERTEX
  8
gto
 10
47.713995
 20
25.875532
  0
VERTEX
  8
gto
 10
47.710945
 20
25.886202
  0
VERTEX
  8
gto
 10
47.697225
 20
25.905002
  0
VERTEX
  8
gto
 10
47.453385
 20
26.148842
  0
VERTEX
  8
gto
 10
47.433575
 20
26.160522
  0
VERTEX
  8
gto
 10
47.410205
 20
26.164082
  0
SEQEND
  8
gto
  0
POLYLINE
  8
gto
 62
1
 40
0.000000
 41
0.000000
 66
  1
  0
VERTEX
  8
gto
 10
49.030728
 20
26.164082
  0
VERTEX
  8
gto
 10
49.031748
 20
25.971552
  0
VERTEX
  8
gto
 10
49.040888
 20
25.950212
  0
VERTEX
  8
gto
 10
49.048508
 20
25.940562
  0
VERTEX
  8
gto
 10
49.376169
 20
25.607821
  0
VERTEX
  8
gto
 10
49.040888
 20
25.265931
  0
VERTEX
  8
gto
 10
49.031748
 20
25.245610
  0
VERTEX
  8
gto
 10
49.030728
 20
25.051560
  0
VERTEX
  8
gto
 10
49.152648
 20
25.051560
  0
VERTEX
  8
gto
 10
49.152648
 20
25.209040
  0
VERTEX
  8
gto
 10
49.459989
 20
25.521461
  0
VERTEX
  8
gto
 10
49.772410
 20
25.209040
  0
VERTEX
  8
gto
 10
49.772410
 20
25.051560
  0
VERTEX
  8
gto
 10
49.894330
 20
25.051560
  0
VERTEX
  8
gto
 10
49.893320
 20
25.245610
  0
VERTEX
  8
gto
 10
49.883160
 20
25.265931
  0
VERTEX
  8
gto
 10
49.548889
 20
25.610361
  0
VERTEX
  8
gto
 10
49.883160
 20
25.950212
  0
VERTEX
  8
gto
 10
49.893320
 20
25.971552
  0
VERTEX
  8
gto
 10
49.894330
 20
26.164082
  0
VERTEX
  8
gto
 10
49.772410
 20
26.164082
  0
VERTEX
  8
gto
 10
49.772410
 20
26.006602
  0
VERTEX
  8
gto
 10
49.462529
 20
25.694181
  0
VERTEX
  8
gto
 10
49.152648
 20
26.006602
  0
VERTEX
  8
gto
 10
49.152648
 20
26.164082
  0
SEQEND
  8
gto
  0
POLYLINE
  8
gto
 62
1
 40
0.000000
 41
0.000000
 66
  1
  0
VERTEX
  8
gto
 10
51.644393
 20
26.164082
  0
VERTEX
  8
gto
 10
51.621023
 20
26.160522
  0
VERTEX
  8
gto
 10
51.601213
 20
26.148842
  0
VERTEX
  8
gto
 10
51.223772
 20
25.769872
  0
VERTEX
  8
gto
 10
51.216152
 20
25.748031
  0
VERTEX
  8
gto
 10
51.216152
 20
25.467101
  0
VERTEX
  8
gto
 10
51.225292
 20
25.446781
  0
VERTEX
  8
gto
 10
51.603753
 20
25.071880
  0
VERTEX
  8
gto
 10
51.624583
 20
25.056640
  0
VERTEX
  8
gto
 10
51.646933
 20
25.051560
  0
VERTEX
  8
gto
 10
51.918204
 20
25.052570
  0
VERTEX
  8
gto
 10
51.940054
 20
25.061720
  0
VERTEX
  8
gto
 10
52.073654
 20
25.198880
  0
VERTEX
  8
gto
 10
51.984754
 20
25.285241
  0
VERTEX
  8
gto
 10
51.878074
 20
25.173480
  0
VERTEX
  8
gto
 10
51.672333
 20
25.173480
  0
VERTEX
  8
gto
 10
51.337053
 20
25.506221
  0
VERTEX
  8
gto
 10
51.337053
 20
25.711961
  0
VERTEX
  8
gto
 10
51.669793
 20
26.044702
  0
VERTEX
  8
gto
 10
51.880614
 20
26.044702
  0
VERTEX
  8
gto
 10
51.987294
 20
25.940562
  0
VERTEX
  8
gto
 10
52.073654
 20
26.026922
  0
VERTEX
  8
gto
 10
51.939544
 20
26.155442
  0
VERTEX
  8
gto
 10
51.930404
 20
26.160522
  0
VERTEX
  8
gto
 10
51.906014
 20
26.164082
  0
SEQEND
  8
gto
  0
POLYLINE
  8
gto
 62
1
 40
0.000000
 41
0.000000
 66
  1
  0
VERTEX
  8
gto
 10
53.442717
 20
26.164082
  0
VERTEX
  8
gto
 10
53.431037
 20
26.161542
  0
VERTEX
  8
gto
 10
53.408177
 20
26.148842
  0
VERTEX
  8
gto
 10
53.396487
 20
26.135632
  0
VERTEX
  8
gto
 10
53.389377
 20
26.119372
  0
VERTEX
  8
gto
 10
53.386837
 20
26.100582
  0
VERTEX
  8
gto
 10
53.386837
 20
25.051560
  0
VERTEX
  8
gto
 10
53.508757
 20
25.051560
  0
VERTEX
  8
gto
 10
53.508757
 20
25.955802
  0
VERTEX
  8
gto
 10
53.757678
 20
25.701801
  0
VERTEX
  8
gto
 10
53.757678
 20
25.549401
  0
VERTEX
  8
gto
 10
53.882138
 20
25.549401
  0
VERTEX
  8
gto
 10
53.882138
 20
25.701801
  0
VERTEX
  8
gto
 10
54.131058
 20
25.958342
  0
VERTEX
  8
gto
 10
54.131058
 20
25.051560
  0
VERTEX
  8
gto
 10
54.252979
 20
25.051560
  0
VERTEX
  8
gto
 10
54.252979
 20
26.105662
  0
VERTEX
  8
gto
 10
54.250439
 20
26.125472
  0
VERTEX
  8
gto
 10
54.242818
 20
26.141732
  0
VERTEX
  8
gto
 10
54.230118
 20
26.154932
  0
VERTEX
  8
gto
 10
54.212338
 20
26.164082
  0
VERTEX
  8
gto
 10
54.178808
 20
26.163062
  0
VERTEX
  8
gto
 10
54.167638
 20
26.160522
  0
VERTEX
  8
gto
 10
54.148838
 20
26.148842
  0
VERTEX
  8
gto
 10
53.816098
 20
25.816102
  0
VERTEX
  8
gto
 10
53.480817
 20
26.152902
  0
VERTEX
  8
gto
 10
53.458977
 20
26.163062
  0
SEQEND
  8
gto
  0
POLYLINE
  8
gto
 62
1
 40
0.000000
 41
0.000000
 66
  1
  0
VERTEX
  8
gto
 10
56.653283
 20
26.164082
  0
VERTEX
  8
gto
 10
56.653283
 20
26.042162
  0
VERTEX
  8
gto
 10
57.189224
 20
26.042162
  0
VERTEX
  8
gto
 10
57.397505
 20
25.838962
  0
VERTEX
  8
gto
 10
57.397505
 20
25.760222
  0
VERTEX
  8
gto
 10
57.186684
 20
25.546861
  0
VERTEX
  8
gto
 10
56.780284
 20
25.546861
  0
VERTEX
  8
gto
 10
56.780284
 20
26.042162
  0
VERTEX
  8
gto
 10
56.653283
 20
26.042162
  0
VERTEX
  8
gto
 10
56.653283
 20
25.049020
  0
VERTEX
  8
gto
 10
56.780284
 20
25.049020
  0
VERTEX
  8
gto
 10
56.780284
 20
25.419861
  0
VERTEX
  8
gto
 10
57.212084
 20
25.419861
  0
VERTEX
  8
gto
 10
57.233424
 20
25.425451
  0
VERTEX
  8
gto
 10
57.255265
 20
25.442721
  0
VERTEX
  8
gto
 10
57.501645
 20
25.691641
  0
VERTEX
  8
gto
 10
57.513335
 20
25.711451
  0
VERTEX
  8
gto
 10
57.516885
 20
25.734821
  0
VERTEX
  8
gto
 10
57.515875
 20
25.875532
  0
VERTEX
  8
gto
 10
57.512825
 20
25.886202
  0
VERTEX
  8
gto
 10
57.499105
 20
25.905002
  0
VERTEX
  8
gto
 10
57.247134
 20
26.155442
  0
VERTEX
  8
gto
 10
57.236974
 20
26.160522
  0
VERTEX
  8
gto
 10
57.212084
 20
26.164082
  0
SEQEND
  8
gto
  0
POLYLINE
  8
gto
 62
1
 40
0.000000
 41
0.000000
 66
  1
  0
VERTEX
  8
gto
 10
51.575813
 20
25.027170
  0
VERTEX
  8
gto
 10
51.576833
 20
23.899918
  0
VERTEX
  8
gto
 10
51.585973
 20
23.878078
  0
VERTEX
  8
gto
 10
51.657093
 20
23.805428
  0
VERTEX
  8
gto
 10
51.676403
 20
23.792228
  0
VERTEX
  8
gto
 10
51.686563
 20
23.788668
  0
VERTEX
  8
gto
 10
51.822194
 20
23.787648
  0
VERTEX
  8
gto
 10
51.822194
 20
23.909568
  0
VERTEX
  8
gto
 10
51.723133
 20
23.909568
  0
VERTEX
  8
gto
 10
51.697733
 20
23.937508
  0
VERTEX
  8
gto
 10
51.697733
 20
25.027170
  0
SEQEND
  8
gto
  0
POLYLINE
  8
gto
 62
1
 40
0.000000
 41
0.000000
 66
  1
  0
VERTEX
  8
gto
 10
58.108706
 20
25.027170
  0
VERTEX
  8
gto
 10
58.108706
 20
24.656329
  0
VERTEX
  8
gto
 10
57.859786
 20
24.656329
  0
VERTEX
  8
gto
 10
57.859786
 20
24.531869
  0
VERTEX
  8
gto
 10
58.108706
 20
24.531869
  0
VERTEX
  8
gto
 10
58.108706
 20
23.912108
  0
VERTEX
  8
gto
 10
58.113786
 20
23.888748
  0
VERTEX
  8
gto
 10
58.129026
 20
23.868928
  0
VERTEX
  8
gto
 10
58.189986
 20
23.805428
  0
VERTEX
  8
gto
 10
58.211326
 20
23.792228
  0
VERTEX
  8
gto
 10
58.221996
 20
23.788668
  0
VERTEX
  8
gto
 10
58.357627
 20
23.787648
  0
VERTEX
  8
gto
 10
58.357627
 20
23.909568
  0
VERTEX
  8
gto
 10
58.258567
 20
23.909568
  0
VERTEX
  8
gto
 10
58.230626
 20
23.937508
  0
VERTEX
  8
gto
 10
58.230626
 20
24.531869
  0
VERTEX
  8
gto
 10
58.482087
 20
24.531869
  0
VERTEX
  8
gto
 10
58.482087
 20
24.656329
  0
VERTEX
  8
gto
 10
58.230626
 20
24.656329
  0
VERTEX
  8
gto
 10
58.230626
 20
25.027170
  0
SEQEND
  8
gto
  0
POLYLINE
  8
gto
 62
1
 40
0.000000
 41
0.000000
 66
  1
  0
VERTEX
  8
gto
 10
46.851404
 20
24.902710
  0
VERTEX
  8
gto
 10
46.851404
 20
24.780790
  0
VERTEX
  8
gto
 10
47.379725
 20
24.780790
  0
VERTEX
  8
gto
 10
47.590545
 20
24.567429
  0
VERTEX
  8
gto
 10
47.590545
 20
24.120388
  0
VERTEX
  8
gto
 10
47.379725
 20
23.912108
  0
VERTEX
  8
gto
 10
47.100324
 20
23.912108
  0
VERTEX
  8
gto
 10
47.100324
 20
24.780790
  0
VERTEX
  8
gto
 10
46.975864
 20
24.780790
  0
VERTEX
  8
gto
 10
46.975864
 20
23.909568
  0
VERTEX
  8
gto
 10
46.851404
 20
23.909568
  0
VERTEX
  8
gto
 10
46.851404
 20
23.787648
  0
VERTEX
  8
gto
 10
47.416305
 20
23.788668
  0
VERTEX
  8
gto
 10
47.438145
 20
23.798828
  0
VERTEX
  8
gto
 10
47.702815
 20
24.061468
  0
VERTEX
  8
gto
 10
47.711455
 20
24.084328
  0
VERTEX
  8
gto
 10
47.711455
 20
24.605029
  0
VERTEX
  8
gto
 10
47.702815
 20
24.626359
  0
VERTEX
  8
gto
 10
47.450845
 20
24.882390
  0
VERTEX
  8
gto
 10
47.430015
 20
24.897630
  0
VERTEX
  8
gto
 10
47.407665
 20
24.902710
  0
SEQEND
  8
gto
  0
POLYLINE
  8
gto
 62
1
 40
0.000000
 41
0.000000
 66
  1
  0
VERTEX
  8
gto
 10
52.482595
 20
24.658869
  0
VERTEX
  8
gto
 10
52.459735
 20
24.654809
  0
VERTEX
  8
gto
 10
52.441955
 20
24.643629
  0
VERTEX
  8
gto
 10
52.308865
 20
24.506469
  0
VERTEX
  8
gto
 10
52.302255
 20
24.496309
  0
VERTEX
  8
gto
 10
52.297175
 20
24.475989
  0
VERTEX
  8
gto
 10
52.297175
 20
23.998468
  0
VERTEX
  8
gto
 10
52.419095
 20
23.998468
  0
VERTEX
  8
gto
 10
52.419095
 20
24.448049
  0
VERTEX
  8
gto
 10
52.507995
 20
24.536949
  0
VERTEX
  8
gto
 10
52.838196
 20
24.536949
  0
VERTEX
  8
gto
 10
52.916936
 20
24.448049
  0
VERTEX
  8
gto
 10
52.916936
 20
23.998468
  0
VERTEX
  8
gto
 10
52.835656
 20
23.912108
  0
VERTEX
  8
gto
 10
52.507995
 20
23.912108
  0
VERTEX
  8
gto
 10
52.419095
 20
23.998468
  0
VERTEX
  8
gto
 10
52.297175
 20
23.998468
  0
VERTEX
  8
gto
 10
52.298705
 20
23.959868
  0
VERTEX
  8
gto
 10
52.302255
 20
23.947668
  0
VERTEX
  8
gto
 10
52.317495
 20
23.927348
  0
VERTEX
  8
gto
 10
52.441955
 20
23.810508
  0
VERTEX
  8
gto
 10
52.461265
 20
23.798828
  0
VERTEX
  8
gto
 10
52.482595
 20
23.795268
  0
VERTEX
  8
gto
 10
52.875286
 20
23.796288
  0
VERTEX
  8
gto
 10
52.887476
 20
23.798828
  0
VERTEX
  8
gto
 10
52.897126
 20
23.803908
  0
VERTEX
  8
gto
 10
53.029206
 20
23.939038
  0
VERTEX
  8
gto
 10
53.034796
 20
23.949708
  0
VERTEX
  8
gto
 10
53.038856
 20
23.973068
  0
VERTEX
  8
gto
 10
53.037846
 20
24.481579
  0
VERTEX
  8
gto
 10
53.035306
 20
24.491739
  0
VERTEX
  8
gto
 10
53.023616
 20
24.509009
  0
VERTEX
  8
gto
 10
52.909316
 20
24.638549
  0
VERTEX
  8
gto
 10
52.888486
 20
24.653789
  0
VERTEX
  8
gto
 10
52.866136
 20
24.658869
  0
SEQEND
  8
gto
  0
POLYLINE
  8
gto
 62
1
 40
0.000000
 41
0.000000
 66
  1
  0
VERTEX
  8
gto
 10
53.386837
 20
24.658869
  0
VERTEX
  8
gto
 10
53.386837
 20
24.549649
  0
VERTEX
  8
gto
 10
53.793238
 20
24.549649
  0
VERTEX
  8
gto
 10
54.009138
 20
24.343909
  0
VERTEX
  8
gto
 10
54.009138
 20
24.120388
  0
VERTEX
  8
gto
 10
53.800858
 20
23.909568
  0
VERTEX
  8
gto
 10
53.508757
 20
23.909568
  0
VERTEX
  8
gto
 10
53.508757
 20
24.549649
  0
VERTEX
  8
gto
 10
53.386837
 20
24.549649
  0
VERTEX
  8
gto
 10
53.386837
 20
23.416807
  0
VERTEX
  8
gto
 10
53.508757
 20
23.416807
  0
VERTEX
  8
gto
 10
53.508757
 20
23.790188
  0
VERTEX
  8
gto
 10
53.837438
 20
23.791208
  0
VERTEX
  8
gto
 10
53.857758
 20
23.800348
  0
VERTEX
  8
gto
 10
54.118868
 20
24.063498
  0
VERTEX
  8
gto
 10
54.124458
 20
24.074168
  0
VERTEX
  8
gto
 10
54.128518
 20
24.097528
  0
VERTEX
  8
gto
 10
54.127508
 20
24.381509
  0
VERTEX
  8
gto
 10
54.124458
 20
24.392679
  0
VERTEX
  8
gto
 10
54.110738
 20
24.412489
  0
VERTEX
  8
gto
 10
53.861818
 20
24.651249
  0
VERTEX
  8
gto
 10
53.850138
 20
24.656839
  0
VERTEX
  8
gto
 10
53.833878
 20
24.658869
  0
SEQEND
  8
gto
  0
POLYLINE
  8
gto
 62
1
 40
0.000000
 41
0.000000
 66
  1
  0
VERTEX
  8
gto
 10
48.131566
 20
24.656329
  0
VERTEX
  8
gto
 10
48.108706
 20
24.650749
  0
VERTEX
  8
gto
 10
48.085846
 20
24.633469
  0
VERTEX
  8
gto
 10
47.952756
 20
24.496309
  0
VERTEX
  8
gto
 10
47.946146
 20
24.486149
  0
VERTEX
  8
gto
 10
47.941066
 20
24.465829
  0
VERTEX
  8
gto
 10
47.941066
 20
24.282949
  0
VERTEX
  8
gto
 10
48.062986
 20
24.282949
  0
VERTEX
  8
gto
 10
48.062986
 20
24.440429
  0
VERTEX
  8
gto
 10
48.151886
 20
24.531869
  0
VERTEX
  8
gto
 10
48.474467
 20
24.531869
  0
VERTEX
  8
gto
 10
48.560827
 20
24.442969
  0
VERTEX
  8
gto
 10
48.560827
 20
24.282949
  0
VERTEX
  8
gto
 10
47.941066
 20
24.282949
  0
VERTEX
  8
gto
 10
47.942086
 20
23.960878
  0
VERTEX
  8
gto
 10
47.951226
 20
23.939038
  0
VERTEX
  8
gto
 10
48.083306
 20
23.807968
  0
VERTEX
  8
gto
 10
48.102616
 20
23.796288
  0
VERTEX
  8
gto
 10
48.123946
 20
23.792728
  0
VERTEX
  8
gto
 10
48.682747
 20
23.792728
  0
VERTEX
  8
gto
 10
48.682747
 20
23.907028
  0
VERTEX
  8
gto
 10
48.149346
 20
23.907028
  0
VERTEX
  8
gto
 10
48.060446
 20
23.998468
  0
VERTEX
  8
gto
 10
48.060446
 20
24.158488
  0
VERTEX
  8
gto
 10
48.680207
 20
24.158488
  0
VERTEX
  8
gto
 10
48.679197
 20
24.477009
  0
VERTEX
  8
gto
 10
48.669037
 20
24.497329
  0
VERTEX
  8
gto
 10
48.540507
 20
24.633469
  0
VERTEX
  8
gto
 10
48.518157
 20
24.650749
  0
VERTEX
  8
gto
 10
48.507997
 20
24.654809
  0
VERTEX
  8
gto
 10
48.497327
 20
24.656329
  0
SEQEND
  8
gto
  0
POLYLINE
  8
gto
 62
1
 40
0.000000
 41
0.000000
 66
  1
  0
VERTEX
  8
gto
 10
50.308351
 20
24.656329
  0
VERTEX
  8
gto
 10
50.297181
 20
24.654809
  0
VERTEX
  8
gto
 10
50.286511
 20
24.650749
  0
VERTEX
  8
gto
 10
50.265171
 20
24.633469
  0
VERTEX
  8
gto
 10
50.132080
 20
24.496309
  0
VERTEX
  8
gto
 10
50.125470
 20
24.486149
  0
VERTEX
  8
gto
 10
50.120390
 20
24.465829
  0
VERTEX
  8
gto
 10
50.120390
 20
24.282949
  0
VERTEX
  8
gto
 10
50.242310
 20
24.282949
  0
VERTEX
  8
gto
 10
50.242310
 20
24.440429
  0
VERTEX
  8
gto
 10
50.331211
 20
24.531869
  0
VERTEX
  8
gto
 10
50.651251
 20
24.531869
  0
VERTEX
  8
gto
 10
50.740151
 20
24.442969
  0
VERTEX
  8
gto
 10
50.740151
 20
24.282949
  0
VERTEX
  8
gto
 10
50.120390
 20
24.282949
  0
VERTEX
  8
gto
 10
50.121410
 20
23.960878
  0
VERTEX
  8
gto
 10
50.129030
 20
23.939038
  0
VERTEX
  8
gto
 10
50.135630
 20
23.929888
  0
VERTEX
  8
gto
 10
50.270761
 20
23.801368
  0
VERTEX
  8
gto
 10
50.280411
 20
23.796288
  0
VERTEX
  8
gto
 10
50.303271
 20
23.792728
  0
VERTEX
  8
gto
 10
50.862072
 20
23.792728
  0
VERTEX
  8
gto
 10
50.862072
 20
23.907028
  0
VERTEX
  8
gto
 10
50.326131
 20
23.907028
  0
VERTEX
  8
gto
 10
50.239770
 20
23.998468
  0
VERTEX
  8
gto
 10
50.239770
 20
24.158488
  0
VERTEX
  8
gto
 10
50.856992
 20
24.158488
  0
VERTEX
  8
gto
 10
50.855982
 20
24.477009
  0
VERTEX
  8
gto
 10
50.847342
 20
24.497329
  0
VERTEX
  8
gto
 10
50.719831
 20
24.633469
  0
VERTEX
  8
gto
 10
50.697991
 20
24.650749
  0
VERTEX
  8
gto
 10
50.676651
 20
24.656329
  0
SEQEND
  8
gto
  0
POLYLINE
  8
gto
 62
1
 40
0.000000
 41
0.000000
 66
  1
  0
VERTEX
  8
gto
 10
54.661919
 20
24.656329
  0
VERTEX
  8
gto
 10
54.649729
 20
24.655319
  0
VERTEX
  8
gto
 10
54.628389
 20
24.646169
  0
VERTEX
  8
gto
 10
54.618739
 20
24.638549
  0
VERTEX
  8
gto
 10
54.600959
 20
24.618229
  0
VERTEX
  8
gto
 10
54.600959
 20
24.653789
  0
VERTEX
  8
gto
 10
54.476499
 20
24.653789
  0
VERTEX
  8
gto
 10
54.476499
 20
23.787648
  0
VERTEX
  8
gto
 10
54.598419
 20
23.787648
  0
VERTEX
  8
gto
 10
54.598419
 20
24.445509
  0
VERTEX
  8
gto
 10
54.687319
 20
24.531869
  0
VERTEX
  8
gto
 10
54.760980
 20
24.531869
  0
VERTEX
  8
gto
 10
54.844800
 20
24.445509
  0
VERTEX
  8
gto
 10
54.844800
 20
23.787648
  0
VERTEX
  8
gto
 10
54.969260
 20
23.787648
  0
VERTEX
  8
gto
 10
54.969260
 20
24.445509
  0
VERTEX
  8
gto
 10
55.050540
 20
24.531869
  0
VERTEX
  8
gto
 10
55.131820
 20
24.531869
  0
VERTEX
  8
gto
 10
55.213100
 20
24.448049
  0
VERTEX
  8
gto
 10
55.213100
 20
23.787648
  0
VERTEX
  8
gto
 10
55.335021
 20
23.787648
  0
VERTEX
  8
gto
 10
55.334011
 20
24.484629
  0
VERTEX
  8
gto
 10
55.330961
 20
24.495809
  0
VERTEX
  8
gto
 10
55.317241
 20
24.516629
  0
VERTEX
  8
gto
 10
55.188720
 20
24.643629
  0
VERTEX
  8
gto
 10
55.166870
 20
24.652779
  0
VERTEX
  8
gto
 10
55.012950
 20
24.652779
  0
VERTEX
  8
gto
 10
54.991610
 20
24.643629
  0
VERTEX
  8
gto
 10
54.981960
 20
24.636009
  0
VERTEX
  8
gto
 10
54.905760
 20
24.557269
  0
VERTEX
  8
gto
 10
54.832100
 20
24.638549
  0
VERTEX
  8
gto
 10
54.811780
 20
24.651759
  0
VERTEX
  8
gto
 10
54.799590
 20
24.655319
  0
SEQEND
  8
gto
  0
POLYLINE
  8
gto
 62
1
 40
0.000000
 41
0.000000
 66
  1
  0
VERTEX
  8
gto
 10
55.754122
 20
24.656329
  0
VERTEX
  8
gto
 10
55.731771
 20
24.650749
  0
VERTEX
  8
gto
 10
55.710941
 20
24.633469
  0
VERTEX
  8
gto
 10
55.577851
 20
24.496309
  0
VERTEX
  8
gto
 10
55.571241
 20
24.486149
  0
VERTEX
  8
gto
 10
55.566161
 20
24.465829
  0
VERTEX
  8
gto
 10
55.566161
 20
24.282949
  0
VERTEX
  8
gto
 10
55.688081
 20
24.282949
  0
VERTEX
  8
gto
 10
55.688081
 20
24.440429
  0
VERTEX
  8
gto
 10
55.776982
 20
24.531869
  0
VERTEX
  8
gto
 10
56.097022
 20
24.531869
  0
VERTEX
  8
gto
 10
56.185922
 20
24.442969
  0
VERTEX
  8
gto
 10
56.185922
 20
24.282949
  0
VERTEX
  8
gto
 10
55.566161
 20
24.282949
  0
VERTEX
  8
gto
 10
55.567181
 20
23.960878
  0
VERTEX
  8
gto
 10
55.574801
 20
23.939038
  0
VERTEX
  8
gto
 10
55.581401
 20
23.929888
  0
VERTEX
  8
gto
 10
55.716531
 20
23.801368
  0
VERTEX
  8
gto
 10
55.726181
 20
23.796288
  0
VERTEX
  8
gto
 10
55.749041
 20
23.792728
  0
VERTEX
  8
gto
 10
56.307843
 20
23.792728
  0
VERTEX
  8
gto
 10
56.307843
 20
23.907028
  0
VERTEX
  8
gto
 10
55.771902
 20
23.907028
  0
VERTEX
  8
gto
 10
55.685541
 20
23.998468
  0
VERTEX
  8
gto
 10
55.685541
 20
24.158488
  0
VERTEX
  8
gto
 10
56.302763
 20
24.158488
  0
VERTEX
  8
gto
 10
56.301753
 20
24.477009
  0
VERTEX
  8
gto
 10
56.293113
 20
24.497329
  0
VERTEX
  8
gto
 10
56.165602
 20
24.633469
  0
VERTEX
  8
gto
 10
56.143252
 20
24.650749
  0
VERTEX
  8
gto
 10
56.133092
 20
24.654809
  0
VERTEX
  8
gto
 10
56.122422
 20
24.656329
  0
SEQEND
  8
gto
  0
POLYLINE
  8
gto
 62
1
 40
0.000000
 41
0.000000
 66
  1
  0
VERTEX
  8
gto
 10
56.655823
 20
24.656329
  0
VERTEX
  8
gto
 10
56.655823
 20
24.536949
  0
VERTEX
  8
gto
 10
56.754884
 20
24.536949
  0
VERTEX
  8
gto
 10
56.790444
 20
24.496309
  0
VERTEX
  8
gto
 10
56.783334
 20
24.474469
  0
VERTEX
  8
gto
 10
56.782824
 20
23.790188
  0
VERTEX
  8
gto
 10
56.904744
 20
23.790188
  0
VERTEX
  8
gto
 10
56.904744
 20
24.445509
  0
VERTEX
  8
gto
 10
56.991104
 20
24.536949
  0
VERTEX
  8
gto
 10
57.194304
 20
24.536949
  0
VERTEX
  8
gto
 10
57.280665
 20
24.453129
  0
VERTEX
  8
gto
 10
57.280665
 20
23.792728
  0
VERTEX
  8
gto
 10
57.397505
 20
23.792728
  0
VERTEX
  8
gto
 10
57.396495
 20
24.488189
  0
VERTEX
  8
gto
 10
57.386335
 20
24.509519
  0
VERTEX
  8
gto
 10
57.257805
 20
24.638549
  0
VERTEX
  8
gto
 10
57.240024
 20
24.649729
  0
VERTEX
  8
gto
 10
57.217164
 20
24.653789
  0
VERTEX
  8
gto
 10
56.953514
 20
24.652779
  0
VERTEX
  8
gto
 10
56.932174
 20
24.643629
  0
VERTEX
  8
gto
 10
56.874264
 20
24.587749
  0
VERTEX
  8
gto
 10
56.813814
 20
24.646169
  0
VERTEX
  8
gto
 10
56.795014
 20
24.655319
  0
SEQEND
  8
gto
  0
POLYLINE
  8
gto
 62
1
 40
0.000000
 41
0.000000
 66
  1
  0
VERTEX
  8
gto
 10
49.030728
 20
24.653789
  0
VERTEX
  8
gto
 10
49.031238
 20
24.458209
  0
VERTEX
  8
gto
 10
49.035298
 20
24.442969
  0
VERTEX
  8
gto
 10
49.406649
 20
23.815588
  0
VERTEX
  8
gto
 10
49.416809
 20
23.802388
  0
VERTEX
  8
gto
 10
49.428999
 20
23.792728
  0
VERTEX
  8
gto
 10
49.443229
 20
23.787148
  0
VERTEX
  8
gto
 10
49.459989
 20
23.785108
  0
VERTEX
  8
gto
 10
49.475739
 20
23.787148
  0
VERTEX
  8
gto
 10
49.489959
 20
23.792728
  0
VERTEX
  8
gto
 10
49.502659
 20
23.802388
  0
VERTEX
  8
gto
 10
49.513329
 20
23.815588
  0
VERTEX
  8
gto
 10
49.887730
 20
24.449579
  0
VERTEX
  8
gto
 10
49.891280
 20
24.464819
  0
VERTEX
  8
gto
 10
49.891790
 20
24.653789
  0
VERTEX
  8
gto
 10
49.769870
 20
24.653789
  0
VERTEX
  8
gto
 10
49.769870
 20
24.488689
  0
VERTEX
  8
gto
 10
49.459989
 20
23.967988
  0
VERTEX
  8
gto
 10
49.152648
 20
24.483609
  0
VERTEX
  8
gto
 10
49.152648
 20
24.653789
  0
SEQEND
  8
gto
  0
POLYLINE
  8
gto
 62
1
 40
0.000000
 41
0.000000
 66
  1
  0
VERTEX
  8
gto
 10
51.827274
 20
23.438147
  0
VERTEX
  8
gto
 10
51.827274
 20
23.062226
  0
VERTEX
  8
gto
 10
51.512313
 20
23.062226
  0
VERTEX
  8
gto
 10
51.490983
 20
23.057656
  0
VERTEX
  8
gto
 10
51.471673
 20
23.044446
  0
VERTEX
  8
gto
 10
51.219202
 20
22.788416
  0
VERTEX
  8
gto
 10
51.212592
 20
22.778766
  0
VERTEX
  8
gto
 10
51.207512
 20
22.757426
  0
VERTEX
  8
gto
 10
51.207512
 20
22.531365
  0
VERTEX
  8
gto
 10
51.329433
 20
22.531365
  0
VERTEX
  8
gto
 10
51.329433
 20
22.732025
  0
VERTEX
  8
gto
 10
51.537713
 20
22.942846
  0
VERTEX
  8
gto
 10
51.827274
 20
22.942846
  0
VERTEX
  8
gto
 10
51.827274
 20
22.320545
  0
VERTEX
  8
gto
 10
51.542793
 20
22.320545
  0
VERTEX
  8
gto
 10
51.329433
 20
22.531365
  0
VERTEX
  8
gto
 10
51.207512
 20
22.531365
  0
VERTEX
  8
gto
 10
51.209042
 20
22.494285
  0
VERTEX
  8
gto
 10
51.212592
 20
22.483615
  0
VERTEX
  8
gto
 10
51.227832
 20
22.462785
  0
VERTEX
  8
gto
 10
51.485393
 20
22.210814
  0
VERTEX
  8
gto
 10
51.495553
 20
22.205224
  0
VERTEX
  8
gto
 10
51.519933
 20
22.201164
  0
VERTEX
  8
gto
 10
51.949194
 20
22.201164
  0
VERTEX
  8
gto
 10
51.949194
 20
23.438147
  0
SEQEND
  8
gto
  0
POLYLINE
  8
gto
 62
1
 40
0.000000
 41
0.000000
 66
  1
  0
VERTEX
  8
gto
 10
46.851404
 20
23.311147
  0
VERTEX
  8
gto
 10
46.851404
 20
23.191766
  0
VERTEX
  8
gto
 10
47.379725
 20
23.191766
  0
VERTEX
  8
gto
 10
47.565145
 20
23.001266
  0
VERTEX
  8
gto
 10
47.377185
 20
22.818386
  0
VERTEX
  8
gto
 10
47.100324
 20
22.818386
  0
VERTEX
  8
gto
 10
47.100324
 20
23.191766
  0
VERTEX
  8
gto
 10
46.975864
 20
23.191766
  0
VERTEX
  8
gto
 10
46.975864
 20
22.693925
  0
VERTEX
  8
gto
 10
47.377185
 20
22.693925
  0
VERTEX
  8
gto
 10
47.565145
 20
22.511045
  0
VERTEX
  8
gto
 10
47.377185
 20
22.320545
  0
VERTEX
  8
gto
 10
47.100324
 20
22.320545
  0
VERTEX
  8
gto
 10
47.100324
 20
22.693925
  0
VERTEX
  8
gto
 10
46.975864
 20
22.693925
  0
VERTEX
  8
gto
 10
46.975864
 20
22.320545
  0
VERTEX
  8
gto
 10
46.851404
 20
22.320545
  0
VERTEX
  8
gto
 10
46.851404
 20
22.198624
  0
VERTEX
  8
gto
 10
47.414775
 20
22.199644
  0
VERTEX
  8
gto
 10
47.426465
 20
22.202684
  0
VERTEX
  8
gto
 10
47.436625
 20
22.208274
  0
VERTEX
  8
gto
 10
47.701295
 20
22.479545
  0
VERTEX
  8
gto
 10
47.711455
 20
22.500885
  0
VERTEX
  8
gto
 10
47.711455
 20
22.524255
  0
VERTEX
  8
gto
 10
47.701295
 20
22.544575
  0
VERTEX
  8
gto
 10
47.488945
 20
22.757426
  0
VERTEX
  8
gto
 10
47.701295
 20
22.962656
  0
VERTEX
  8
gto
 10
47.711455
 20
22.986536
  0
VERTEX
  8
gto
 10
47.711455
 20
23.011936
  0
VERTEX
  8
gto
 10
47.708405
 20
23.022606
  0
VERTEX
  8
gto
 10
47.694685
 20
23.041906
  0
VERTEX
  8
gto
 10
47.450845
 20
23.295907
  0
VERTEX
  8
gto
 10
47.429005
 20
23.307087
  0
VERTEX
  8
gto
 10
47.407665
 20
23.311147
  0
SEQEND
  8
gto
  0
POLYLINE
  8
gto
 62
1
 40
0.000000
 41
0.000000
 66
  1
  0
VERTEX
  8
gto
 10
48.126486
 20
23.067306
  0
VERTEX
  8
gto
 10
48.102616
 20
23.063246
  0
VERTEX
  8
gto
 10
48.085846
 20
23.052066
  0
VERTEX
  8
gto
 10
47.952756
 20
22.914906
  0
VERTEX
  8
gto
 10
47.946146
 20
22.904746
  0
VERTEX
  8
gto
 10
47.941066
 20
22.884426
  0
VERTEX
  8
gto
 10
47.941066
 20
22.406905
  0
VERTEX
  8
gto
 10
48.062986
 20
22.406905
  0
VERTEX
  8
gto
 10
48.062986
 20
22.859026
  0
VERTEX
  8
gto
 10
48.149346
 20
22.947926
  0
VERTEX
  8
gto
 10
48.482087
 20
22.947926
  0
VERTEX
  8
gto
 10
48.560827
 20
22.859026
  0
VERTEX
  8
gto
 10
48.560827
 20
22.406905
  0
VERTEX
  8
gto
 10
48.479547
 20
22.320545
  0
VERTEX
  8
gto
 10
48.149346
 20
22.320545
  0
VERTEX
  8
gto
 10
48.062986
 20
22.406905
  0
VERTEX
  8
gto
 10
47.941066
 20
22.406905
  0
VERTEX
  8
gto
 10
47.942596
 20
22.368295
  0
VERTEX
  8
gto
 10
47.945636
 20
22.356615
  0
VERTEX
  8
gto
 10
47.951226
 20
22.346455
  0
VERTEX
  8
gto
 10
48.085846
 20
22.218944
  0
VERTEX
  8
gto
 10
48.105156
 20
22.209294
  0
VERTEX
  8
gto
 10
48.126486
 20
22.206244
  0
VERTEX
  8
gto
 10
48.519177
 20
22.206754
  0
VERTEX
  8
gto
 10
48.539497
 20
22.213354
  0
VERTEX
  8
gto
 10
48.664967
 20
22.340865
  0
VERTEX
  8
gto
 10
48.678687
 20
22.359665
  0
VERTEX
  8
gto
 10
48.682747
 20
22.381505
  0
VERTEX
  8
gto
 10
48.681737
 20
22.890016
  0
VERTEX
  8
gto
 10
48.679197
 20
22.900686
  0
VERTEX
  8
gto
 10
48.667507
 20
22.919986
  0
VERTEX
  8
gto
 10
48.553207
 20
23.046986
  0
VERTEX
  8
gto
 10
48.531877
 20
23.062226
  0
VERTEX
  8
gto
 10
48.507487
 20
23.067306
  0
SEQEND
  8
gto
  0
POLYLINE
  8
gto
 62
1
 40
0.000000
 41
0.000000
 66
  1
  0
VERTEX
  8
gto
 10
49.147568
 20
23.064766
  0
VERTEX
  8
gto
 10
49.147568
 20
22.945386
  0
VERTEX
  8
gto
 10
49.561589
 20
22.945386
  0
VERTEX
  8
gto
 10
49.645409
 20
22.859026
  0
VERTEX
  8
gto
 10
49.645409
 20
22.691385
  0
VERTEX
  8
gto
 10
49.198878
 20
22.690365
  0
VERTEX
  8
gto
 10
49.177538
 20
22.682745
  0
VERTEX
  8
gto
 10
49.167888
 20
22.676145
  0
VERTEX
  8
gto
 10
49.040888
 20
22.542035
  0
VERTEX
  8
gto
 10
49.035298
 20
22.531875
  0
VERTEX
  8
gto
 10
49.030728
 20
22.508505
  0
VERTEX
  8
gto
 10
49.030728
 20
22.409445
  0
VERTEX
  8
gto
 10
49.150108
 20
22.409445
  0
VERTEX
  8
gto
 10
49.150108
 20
22.483105
  0
VERTEX
  8
gto
 10
49.236468
 20
22.574545
  0
VERTEX
  8
gto
 10
49.645409
 20
22.574545
  0
VERTEX
  8
gto
 10
49.645409
 20
22.320545
  0
VERTEX
  8
gto
 10
49.236468
 20
22.318005
  0
VERTEX
  8
gto
 10
49.150108
 20
22.409445
  0
VERTEX
  8
gto
 10
49.030728
 20
22.409445
  0
VERTEX
  8
gto
 10
49.032258
 20
22.373885
  0
VERTEX
  8
gto
 10
49.035298
 20
22.362705
  0
VERTEX
  8
gto
 10
49.048508
 20
22.343405
  0
VERTEX
  8
gto
 10
49.165348
 20
22.218944
  0
VERTEX
  8
gto
 10
49.186688
 20
22.203704
  0
VERTEX
  8
gto
 10
49.197358
 20
22.199644
  0
VERTEX
  8
gto
 10
49.891790
 20
22.198624
  0
VERTEX
  8
gto
 10
49.891790
 20
22.318005
  0
VERTEX
  8
gto
 10
49.767330
 20
22.318005
  0
VERTEX
  8
gto
 10
49.766320
 20
22.895096
  0
VERTEX
  8
gto
 10
49.763270
 20
22.905766
  0
VERTEX
  8
gto
 10
49.749549
 20
22.925066
  0
VERTEX
  8
gto
 10
49.621029
 20
23.054606
  0
VERTEX
  8
gto
 10
49.610869
 20
23.060196
  0
VERTEX
  8
gto
 10
49.586989
 20
23.064766
  0
SEQEND
  8
gto
  0
POLYLINE
  8
gto
 62
1
 40
0.000000
 41
0.000000
 66
  1
  0
VERTEX
  8
gto
 10
50.120390
 20
23.064766
  0
VERTEX
  8
gto
 10
50.120390
 20
22.940306
  0
VERTEX
  8
gto
 10
50.168650
 20
22.938786
  0
VERTEX
  8
gto
 10
50.180340
 20
22.935736
  0
VERTEX
  8
gto
 10
50.201670
 20
22.922526
  0
VERTEX
  8
gto
 10
50.215390
 20
22.902716
  0
VERTEX
  8
gto
 10
50.219450
 20
22.879346
  0
VERTEX
  8
gto
 10
50.221990
 20
22.198624
  0
VERTEX
  8
gto
 10
50.341371
 20
22.198624
  0
VERTEX
  8
gto
 10
50.341371
 20
22.734565
  0
VERTEX
  8
gto
 10
50.549651
 20
22.940306
  0
VERTEX
  8
gto
 10
50.648711
 20
22.940306
  0
VERTEX
  8
gto
 10
50.740151
 20
22.853946
  0
VERTEX
  8
gto
 10
50.740151
 20
22.818386
  0
VERTEX
  8
gto
 10
50.862072
 20
22.818386
  0
VERTEX
  8
gto
 10
50.861062
 20
22.891536
  0
VERTEX
  8
gto
 10
50.850902
 20
22.912876
  0
VERTEX
  8
gto
 10
50.706621
 20
23.054606
  0
VERTEX
  8
gto
 10
50.696461
 20
23.060196
  0
VERTEX
  8
gto
 10
50.671571
 20
23.064766
  0
VERTEX
  8
gto
 10
50.524251
 20
23.064766
  0
VERTEX
  8
gto
 10
50.502411
 20
23.059686
  0
VERTEX
  8
gto
 10
50.481071
 20
23.044446
  0
VERTEX
  8
gto
 10
50.341371
 20
22.902206
  0
VERTEX
  8
gto
 10
50.341371
 20
22.940306
  0
VERTEX
  8
gto
 10
50.338831
 20
22.962656
  0
VERTEX
  8
gto
 10
50.330201
 20
22.984506
  0
VERTEX
  8
gto
 10
50.315971
 20
23.005836
  0
VERTEX
  8
gto
 10
50.295651
 20
23.026666
  0
VERTEX
  8
gto
 10
50.254001
 20
23.055116
  0
VERTEX
  8
gto
 10
50.235710
 20
23.062226
  0
VERTEX
  8
gto
 10
50.219450
 20
23.064766
  0
SEQEND
  8
gto
  0
POLYLINE
  8
gto
 62
1
 40
0.000000
 41
0.000000
 66
  1
  0
VERTEX
  8
gto
 10
49.876040
 20
21.919224
  0
VERTEX
  8
gto
 10
49.861310
 20
21.916684
  0
VERTEX
  8
gto
 10
49.848100
 20
21.909064
  0
VERTEX
  8
gto
 10
49.690119
 20
21.747523
  0
VERTEX
  8
gto
 10
49.684019
 20
21.733803
  0
VERTEX
  8
gto
 10
49.682999
 20
21.685543
  0
VERTEX
  8
gto
 10
49.759200
 20
21.685543
  0
VERTEX
  8
gto
 10
49.759200
 20
21.710943
  0
VERTEX
  8
gto
 10
49.891280
 20
21.843024
  0
VERTEX
  8
gto
 10
50.084320
 20
21.843024
  0
VERTEX
  8
gto
 10
50.140200
 20
21.789684
  0
VERTEX
  8
gto
 10
50.140200
 20
21.660143
  0
VERTEX
  8
gto
 10
49.690119
 20
21.202942
  0
VERTEX
  8
gto
 10
49.684019
 20
21.190242
  0
VERTEX
  8
gto
 10
49.684019
 20
21.175512
  0
VERTEX
  8
gto
 10
49.690119
 20
21.161282
  0
VERTEX
  8
gto
 10
49.701289
 20
21.150112
  0
VERTEX
  8
gto
 10
49.713989
 20
21.145032
  0
VERTEX
  8
gto
 10
50.216400
 20
21.144522
  0
VERTEX
  8
gto
 10
50.216400
 20
21.220722
  0
VERTEX
  8
gto
 10
49.815080
 20
21.220722
  0
VERTEX
  8
gto
 10
50.209290
 20
21.625093
  0
VERTEX
  8
gto
 10
50.215390
 20
21.637793
  0
VERTEX
  8
gto
 10
50.216400
 20
21.804924
  0
VERTEX
  8
gto
 10
50.213360
 20
21.819144
  0
VERTEX
  8
gto
 10
50.127500
 20
21.909064
  0
VERTEX
  8
gto
 10
50.114300
 20
21.916684
  0
VERTEX
  8
gto
 10
50.099560
 20
21.919224
  0
SEQEND
  8
gto
  0
POLYLINE
  8
gto
 62
1
 40
0.000000
 41
0.000000
 66
  1
  0
VERTEX
  8
gto
 10
51.240022
 20
21.919224
  0
VERTEX
  8
gto
 10
51.225802
 20
21.916684
  0
VERTEX
  8
gto
 10
51.214622
 20
21.909064
  0
VERTEX
  8
gto
 10
51.051562
 20
21.747013
  0
VERTEX
  8
gto
 10
51.045462
 20
21.734313
  0
VERTEX
  8
gto
 10
51.044442
 20
21.352803
  0
VERTEX
  8
gto
 10
51.120642
 20
21.352803
  0
VERTEX
  8
gto
 10
51.120642
 20
21.710943
  0
VERTEX
  8
gto
 10
51.255263
 20
21.843024
  0
VERTEX
  8
gto
 10
51.367023
 20
21.843024
  0
VERTEX
  8
gto
 10
51.501643
 20
21.710943
  0
VERTEX
  8
gto
 10
51.501643
 20
21.350263
  0
VERTEX
  8
gto
 10
51.369563
 20
21.220722
  0
VERTEX
  8
gto
 10
51.252723
 20
21.220722
  0
VERTEX
  8
gto
 10
51.120642
 20
21.352803
  0
VERTEX
  8
gto
 10
51.044442
 20
21.352803
  0
VERTEX
  8
gto
 10
51.045462
 20
21.330453
  0
VERTEX
  8
gto
 10
51.051562
 20
21.316223
  0
VERTEX
  8
gto
 10
51.216662
 20
21.150112
  0
VERTEX
  8
gto
 10
51.229362
 20
21.145032
  0
VERTEX
  8
gto
 10
51.387343
 20
21.144522
  0
VERTEX
  8
gto
 10
51.401063
 20
21.147062
  0
VERTEX
  8
gto
 10
51.412743
 20
21.154682
  0
VERTEX
  8
gto
 10
51.570733
 20
21.312673
  0
VERTEX
  8
gto
 10
51.576833
 20
21.326893
  0
VERTEX
  8
gto
 10
51.577843
 20
21.726183
  0
VERTEX
  8
gto
 10
51.574803
 20
21.740403
  0
VERTEX
  8
gto
 10
51.410203
 20
21.909064
  0
VERTEX
  8
gto
 10
51.397003
 20
21.916684
  0
VERTEX
  8
gto
 10
51.382263
 20
21.919224
  0
SEQEND
  8
gto
  0
POLYLINE
  8
gto
 62
1
 40
0.000000
 41
0.000000
 66
  1
  0
VERTEX
  8
gto
 10
46.957574
 20
21.840484
  0
VERTEX
  8
gto
 10
46.957574
 20
21.764284
  0
VERTEX
  8
gto
 10
47.366515
 20
21.764284
  0
VERTEX
  8
gto
 10
47.422395
 20
21.708403
  0
VERTEX
  8
gto
 10
47.422395
 20
21.583943
  0
VERTEX
  8
gto
 10
47.369055
 20
21.530603
  0
VERTEX
  8
gto
 10
47.033774
 20
21.530603
  0
VERTEX
  8
gto
 10
47.033774
 20
21.764284
  0
VERTEX
  8
gto
 10
46.957574
 20
21.764284
  0
VERTEX
  8
gto
 10
46.957574
 20
21.144522
  0
VERTEX
  8
gto
 10
47.033774
 20
21.144522
  0
VERTEX
  8
gto
 10
47.033774
 20
21.454403
  0
VERTEX
  8
gto
 10
47.132834
 20
21.454403
  0
VERTEX
  8
gto
 10
47.422395
 20
21.167382
  0
VERTEX
  8
gto
 10
47.422395
 20
21.144522
  0
VERTEX
  8
gto
 10
47.496055
 20
21.144522
  0
VERTEX
  8
gto
 10
47.495555
 20
21.190242
  0
VERTEX
  8
gto
 10
47.490475
 20
21.202942
  0
VERTEX
  8
gto
 10
47.242054
 20
21.454403
  0
VERTEX
  8
gto
 10
47.391915
 20
21.455423
  0
VERTEX
  8
gto
 10
47.405635
 20
21.461513
  0
VERTEX
  8
gto
 10
47.495555
 20
21.554983
  0
VERTEX
  8
gto
 10
47.498595
 20
21.568703
  0
VERTEX
  8
gto
 10
47.497585
 20
21.733803
  0
VERTEX
  8
gto
 10
47.491485
 20
21.746503
  0
VERTEX
  8
gto
 10
47.409695
 20
21.827784
  0
VERTEX
  8
gto
 10
47.396495
 20
21.837434
  0
VERTEX
  8
gto
 10
47.381755
 20
21.840484
  0
SEQEND
  8
gto
  0
POLYLINE
  8
gto
 62
1
 40
0.000000
 41
0.000000
 66
  1
  0
VERTEX
  8
gto
 10
47.760216
 20
21.685543
  0
VERTEX
  8
gto
 10
47.745485
 20
21.682493
  0
VERTEX
  8
gto
 10
47.732275
 20
21.672843
  0
VERTEX
  8
gto
 10
47.647955
 20
21.585463
  0
VERTEX
  8
gto
 10
47.641855
 20
21.572763
  0
VERTEX
  8
gto
 10
47.640835
 20
21.454403
  0
VERTEX
  8
gto
 10
47.717035
 20
21.454403
  0
VERTEX
  8
gto
 10
47.717035
 20
21.550923
  0
VERTEX
  8
gto
 10
47.772916
 20
21.609343
  0
VERTEX
  8
gto
 10
47.973576
 20
21.609343
  0
VERTEX
  8
gto
 10
48.029456
 20
21.553463
  0
VERTEX
  8
gto
 10
48.029456
 20
21.454403
  0
VERTEX
  8
gto
 10
47.640835
 20
21.454403
  0
VERTEX
  8
gto
 10
47.641345
 20
21.251713
  0
VERTEX
  8
gto
 10
47.646425
 20
21.239012
  0
VERTEX
  8
gto
 10
47.729735
 20
21.157222
  0
VERTEX
  8
gto
 10
47.740915
 20
21.149602
  0
VERTEX
  8
gto
 10
47.755136
 20
21.147062
  0
VERTEX
  8
gto
 10
48.105656
 20
21.147062
  0
VERTEX
  8
gto
 10
48.105656
 20
21.218182
  0
VERTEX
  8
gto
 10
47.770376
 20
21.218182
  0
VERTEX
  8
gto
 10
47.717035
 20
21.274063
  0
VERTEX
  8
gto
 10
47.717035
 20
21.375663
  0
VERTEX
  8
gto
 10
48.103116
 20
21.375663
  0
VERTEX
  8
gto
 10
48.102106
 20
21.575303
  0
VERTEX
  8
gto
 10
48.096006
 20
21.588003
  0
VERTEX
  8
gto
 10
48.016756
 20
21.672843
  0
VERTEX
  8
gto
 10
48.002026
 20
21.682493
  0
VERTEX
  8
gto
 10
47.988816
 20
21.685543
  0
SEQEND
  8
gto
  0
POLYLINE
  8
gto
 62
1
 40
0.000000
 41
0.000000
 66
  1
  0
VERTEX
  8
gto
 10
48.321557
 20
21.685543
  0
VERTEX
  8
gto
 10
48.322577
 20
21.558543
  0
VERTEX
  8
gto
 10
48.326637
 20
21.548383
  0
VERTEX
  8
gto
 10
48.563877
 20
21.153662
  0
VERTEX
  8
gto
 10
48.570987
 20
21.147062
  0
VERTEX
  8
gto
 10
48.590797
 20
21.141982
  0
VERTEX
  8
gto
 10
48.609087
 20
21.147062
  0
VERTEX
  8
gto
 10
48.623817
 20
21.162302
  0
VERTEX
  8
gto
 10
48.856998
 20
21.557523
  0
VERTEX
  8
gto
 10
48.859538
 20
21.566673
  0
VERTEX
  8
gto
 10
48.860038
 20
21.685543
  0
VERTEX
  8
gto
 10
48.783838
 20
21.685543
  0
VERTEX
  8
gto
 10
48.783838
 20
21.581403
  0
VERTEX
  8
gto
 10
48.590797
 20
21.256283
  0
VERTEX
  8
gto
 10
48.397757
 20
21.578863
  0
VERTEX
  8
gto
 10
48.397757
 20
21.685543
  0
SEQEND
  8
gto
  0
POLYLINE
  8
gto
 62
1
 40
0.000000
 41
0.000000
 66
  1
  0
VERTEX
  8
gto
 10
51.308603
 20
21.644903
  0
VERTEX
  8
gto
 10
51.294383
 20
21.642363
  0
VERTEX
  8
gto
 10
51.283203
 20
21.634743
  0
VERTEX
  8
gto
 10
51.273553
 20
21.621533
  0
VERTEX
  8
gto
 10
51.270503
 20
21.606803
  0
VERTEX
  8
gto
 10
51.271523
 20
21.444753
  0
VERTEX
  8
gto
 10
51.277623
 20
21.430523
  0
VERTEX
  8
gto
 10
51.288793
 20
21.419353
  0
VERTEX
  8
gto
 10
51.301493
 20
21.414273
  0
VERTEX
  8
gto
 10
51.316223
 20
21.414273
  0
VERTEX
  8
gto
 10
51.329943
 20
21.419353
  0
VERTEX
  8
gto
 10
51.336543
 20
21.423923
  0
VERTEX
  8
gto
 10
51.344163
 20
21.437133
  0
VERTEX
  8
gto
 10
51.346703
 20
21.451863
  0
VERTEX
  8
gto
 10
51.346203
 20
21.614423
  0
VERTEX
  8
gto
 10
51.341123
 20
21.628143
  0
VERTEX
  8
gto
 10
51.336543
 20
21.634743
  0
VERTEX
  8
gto
 10
51.323343
 20
21.642363
  0
SEQEND
  8
gto
  0
POLYLINE
  8
gto
 62
1
 40
0.000000
 41
0.000000
 66
  1
  0
VERTEX
  8
gto
 10
50.516121
 20
21.299463
  0
VERTEX
  8
gto
 10
50.516121
 20
21.144522
  0
VERTEX
  8
gto
 10
50.671061
 20
21.144522
  0
VERTEX
  8
gto
 10
50.671061
 20
21.299463
  0
SEQEND
  8
gto
  0
POLYLINE
  8
gto
 62
1
 40
0.000000
 41
0.000000
 66
  1
  0
VERTEX
  8
gto
 10
98.837178
 20
38.424177
  0
VERTEX
  8
gto
 10
98.837178
 20
38.299717
  0
VERTEX
  8
gto
 10
98.961638
 20
38.299717
  0
VERTEX
  8
gto
 10
98.961638
 20
38.424177
  0
SEQEND
  8
gto
  0
POLYLINE
  8
gto
 62
1
 40
0.000000
 41
0.000000
 66
  1
  0
VERTEX
  8
gto
 10
97.722115
 20
38.424177
  0
VERTEX
  8
gto
 10
97.722115
 20
38.299717
  0
VERTEX
  8
gto
 10
98.590797
 20
38.299717
  0
VERTEX
  8
gto
 10
98.590797
 20
38.424177
  0
SEQEND
  8
gto
  0
POLYLINE
  8
gto
 62
1
 40
0.000000
 41
0.000000
 66
  1
  0
VERTEX
  8
gto
 10
97.846576
 20
37.705355
  0
VERTEX
  8
gto
 10
97.846576
 20
37.583435
  0
VERTEX
  8
gto
 10
97.884676
 20
37.583435
  0
VERTEX
  8
gto
 10
98.194556
 20
37.276095
  0
VERTEX
  8
gto
 10
97.884676
 20
36.961134
  0
VERTEX
  8
gto
 10
97.846576
 20
36.961134
  0
VERTEX
  8
gto
 10
97.846576
 20
36.839214
  0
VERTEX
  8
gto
 10
97.922276
 20
36.840224
  0
VERTEX
  8
gto
 10
97.944116
 20
36.850394
  0
VERTEX
  8
gto
 10
98.306317
 20
37.210054
  0
VERTEX
  8
gto
 10
98.961638
 20
37.210054
  0
VERTEX
  8
gto
 10
98.961638
 20
37.334515
  0
VERTEX
  8
gto
 10
98.306317
 20
37.334515
  0
VERTEX
  8
gto
 10
97.950716
 20
37.690115
  0
VERTEX
  8
gto
 10
97.942086
 20
37.696715
  0
VERTEX
  8
gto
 10
97.919226
 20
37.704335
  0
SEQEND
  8
gto
  0
POLYLINE
  8
gto
 62
1
 40
0.000000
 41
0.000000
 66
  1
  0
VERTEX
  8
gto
 10
98.839718
 20
36.615693
  0
VERTEX
  8
gto
 10
98.839718
 20
35.879092
  0
VERTEX
  8
gto
 10
97.846576
 20
35.879092
  0
VERTEX
  8
gto
 10
97.846576
 20
35.754632
  0
VERTEX
  8
gto
 10
98.961638
 20
35.754632
  0
VERTEX
  8
gto
 10
98.961638
 20
36.615693
  0
SEQEND
  8
gto
  0
POLYLINE
  8
gto
 62
1
 40
0.000000
 41
0.000000
 66
  1
  0
VERTEX
  8
gto
 10
97.846576
 20
35.526031
  0
VERTEX
  8
gto
 10
97.846576
 20
35.404111
  0
VERTEX
  8
gto
 10
98.466337
 20
35.404111
  0
VERTEX
  8
gto
 10
97.846576
 20
34.784350
  0
VERTEX
  8
gto
 10
97.846576
 20
34.659889
  0
VERTEX
  8
gto
 10
98.959098
 20
34.659889
  0
VERTEX
  8
gto
 10
98.959098
 20
34.784350
  0
VERTEX
  8
gto
 10
98.026916
 20
34.784350
  0
VERTEX
  8
gto
 10
98.654297
 20
35.404111
  0
VERTEX
  8
gto
 10
98.959098
 20
35.404111
  0
VERTEX
  8
gto
 10
98.959098
 20
35.526031
  0
SEQEND
  8
gto
  0
POLYLINE
  8
gto
 62
1
 40
0.000000
 41
0.000000
 66
  1
  0
VERTEX
  8
gto
 10
98.034536
 20
34.436369
  0
VERTEX
  8
gto
 10
98.009646
 20
34.432309
  0
VERTEX
  8
gto
 10
97.991356
 20
34.421129
  0
VERTEX
  8
gto
 10
97.856736
 20
34.290569
  0
VERTEX
  8
gto
 10
97.847596
 20
34.267709
  0
VERTEX
  8
gto
 10
97.846576
 20
33.778508
  0
VERTEX
  8
gto
 10
97.965956
 20
33.778508
  0
VERTEX
  8
gto
 10
97.965956
 20
34.228088
  0
VERTEX
  8
gto
 10
98.057396
 20
34.314449
  0
VERTEX
  8
gto
 10
98.748277
 20
34.314449
  0
VERTEX
  8
gto
 10
98.837178
 20
34.228088
  0
VERTEX
  8
gto
 10
98.837178
 20
33.775968
  0
VERTEX
  8
gto
 10
98.755898
 20
33.697227
  0
VERTEX
  8
gto
 10
98.057396
 20
33.697227
  0
VERTEX
  8
gto
 10
97.965956
 20
33.778508
  0
VERTEX
  8
gto
 10
97.846576
 20
33.778508
  0
VERTEX
  8
gto
 10
97.847596
 20
33.737357
  0
VERTEX
  8
gto
 10
97.856736
 20
33.715517
  0
VERTEX
  8
gto
 10
97.991356
 20
33.590547
  0
VERTEX
  8
gto
 10
98.011676
 20
33.575307
  0
VERTEX
  8
gto
 10
98.021836
 20
33.571247
  0
VERTEX
  8
gto
 10
98.781298
 20
33.570227
  0
VERTEX
  8
gto
 10
98.806698
 20
33.574287
  0
VERTEX
  8
gto
 10
98.817368
 20
33.579877
  0
VERTEX
  8
gto
 10
98.827018
 20
33.588007
  0
VERTEX
  8
gto
 10
98.948938
 20
33.718057
  0
VERTEX
  8
gto
 10
98.958088
 20
33.738377
  0
VERTEX
  8
gto
 10
98.958088
 20
34.263139
  0
VERTEX
  8
gto
 10
98.948938
 20
34.284479
  0
VERTEX
  8
gto
 10
98.819398
 20
34.418589
  0
VERTEX
  8
gto
 10
98.801118
 20
34.431799
  0
VERTEX
  8
gto
 10
98.776218
 20
34.436369
  0
SEQEND
  8
gto
  0
POLYLINE
  8
gto
 62
1
 40
0.000000
 41
0.000000
 66
  1
  0
VERTEX
  8
gto
 10
97.846576
 20
32.257045
  0
VERTEX
  8
gto
 10
97.846576
 20
32.135124
  0
VERTEX
  8
gto
 10
98.019296
 20
32.135124
  0
VERTEX
  8
gto
 10
98.745737
 20
31.820164
  0
VERTEX
  8
gto
 10
98.016756
 20
31.515363
  0
VERTEX
  8
gto
 10
97.846576
 20
31.515363
  0
VERTEX
  8
gto
 10
97.846576
 20
31.393443
  0
VERTEX
  8
gto
 10
98.054856
 20
31.393443
  0
VERTEX
  8
gto
 10
98.926078
 20
31.764284
  0
VERTEX
  8
gto
 10
98.941828
 20
31.773424
  0
VERTEX
  8
gto
 10
98.952498
 20
31.785624
  0
VERTEX
  8
gto
 10
98.959608
 20
31.801364
  0
VERTEX
  8
gto
 10
98.961638
 20
31.820164
  0
VERTEX
  8
gto
 10
98.959608
 20
31.838964
  0
VERTEX
  8
gto
 10
98.952498
 20
31.854704
  0
VERTEX
  8
gto
 10
98.941828
 20
31.867914
  0
VERTEX
  8
gto
 10
98.926078
 20
31.878584
  0
VERTEX
  8
gto
 10
98.057396
 20
32.254505
  0
VERTEX
  8
gto
 10
98.031996
 20
32.257045
  0
SEQEND
  8
gto
  0
POLYLINE
  8
gto
 62
1
 40
0.000000
 41
0.000000
 66
  1
  0
VERTEX
  8
gto
 10
97.719575
 20
31.159762
  0
VERTEX
  8
gto
 10
97.719575
 20
30.435861
  0
VERTEX
  8
gto
 10
97.841496
 20
30.435861
  0
VERTEX
  8
gto
 10
97.841496
 20
31.037842
  0
VERTEX
  8
gto
 10
97.884676
 20
31.037842
  0
VERTEX
  8
gto
 10
98.241806
 20
30.679191
  0
VERTEX
  8
gto
 10
98.252477
 20
30.673601
  0
VERTEX
  8
gto
 10
98.275837
 20
30.669541
  0
VERTEX
  8
gto
 10
98.299207
 20
30.673601
  0
VERTEX
  8
gto
 10
98.309877
 20
30.679191
  0
VERTEX
  8
gto
 10
98.326637
 20
30.696461
  0
VERTEX
  8
gto
 10
98.335787
 20
30.717801
  0
VERTEX
  8
gto
 10
98.336797
 20
30.824482
  0
VERTEX
  8
gto
 10
98.550157
 20
31.037842
  0
VERTEX
  8
gto
 10
98.636517
 20
31.037842
  0
VERTEX
  8
gto
 10
98.837178
 20
30.834642
  0
VERTEX
  8
gto
 10
98.837178
 20
30.509521
  0
VERTEX
  8
gto
 10
98.720337
 20
30.395221
  0
VERTEX
  8
gto
 10
98.806698
 20
30.308861
  0
VERTEX
  8
gto
 10
98.948938
 20
30.452621
  0
VERTEX
  8
gto
 10
98.958088
 20
30.473961
  0
VERTEX
  8
gto
 10
98.958088
 20
30.872232
  0
VERTEX
  8
gto
 10
98.948938
 20
30.893572
  0
VERTEX
  8
gto
 10
98.941318
 20
30.903222
  0
VERTEX
  8
gto
 10
98.693417
 20
31.148082
  0
VERTEX
  8
gto
 10
98.682747
 20
31.154682
  0
VERTEX
  8
gto
 10
98.659377
 20
31.159762
  0
VERTEX
  8
gto
 10
98.524757
 20
31.159762
  0
VERTEX
  8
gto
 10
98.501397
 20
31.154682
  0
VERTEX
  8
gto
 10
98.481577
 20
31.139442
  0
VERTEX
  8
gto
 10
98.228086
 20
30.887982
  0
VERTEX
  8
gto
 10
98.219956
 20
30.872742
  0
VERTEX
  8
gto
 10
97.941576
 20
31.149602
  0
VERTEX
  8
gto
 10
97.930906
 20
31.155192
  0
VERTEX
  8
gto
 10
97.907536
 20
31.159762
  0
SEQEND
  8
gto
  0
POLYLINE
  8
gto
 62
1
 40
0.000000
 41
0.000000
 66
  1
  0
VERTEX
  8
gto
 10
98.712717
 20
29.709419
  0
VERTEX
  8
gto
 10
98.712717
 20
29.463039
  0
VERTEX
  8
gto
 10
98.961638
 20
29.463039
  0
VERTEX
  8
gto
 10
98.961638
 20
29.709419
  0
SEQEND
  8
gto
  0
POLYLINE
  8
gto
 62
1
 40
0.000000
 41
0.000000
 66
  1
  0
VERTEX
  8
gto
 10
97.719575
 20
28.982978
  0
VERTEX
  8
gto
 10
97.719575
 20
28.256537
  0
VERTEX
  8
gto
 10
97.841496
 20
28.256537
  0
VERTEX
  8
gto
 10
97.841496
 20
28.861058
  0
VERTEX
  8
gto
 10
97.884676
 20
28.861058
  0
VERTEX
  8
gto
 10
98.241806
 20
28.499867
  0
VERTEX
  8
gto
 10
98.252477
 20
28.494277
  0
VERTEX
  8
gto
 10
98.275837
 20
28.490217
  0
VERTEX
  8
gto
 10
98.299207
 20
28.494277
  0
VERTEX
  8
gto
 10
98.309877
 20
28.499867
  0
VERTEX
  8
gto
 10
98.326637
 20
28.518157
  0
VERTEX
  8
gto
 10
98.335787
 20
28.539497
  0
VERTEX
  8
gto
 10
98.336797
 20
28.647697
  0
VERTEX
  8
gto
 10
98.550157
 20
28.858518
  0
VERTEX
  8
gto
 10
98.636517
 20
28.858518
  0
VERTEX
  8
gto
 10
98.837178
 20
28.657857
  0
VERTEX
  8
gto
 10
98.837178
 20
28.332737
  0
VERTEX
  8
gto
 10
98.720337
 20
28.215896
  0
VERTEX
  8
gto
 10
98.806698
 20
28.132076
  0
VERTEX
  8
gto
 10
98.941318
 20
28.264157
  0
VERTEX
  8
gto
 10
98.954528
 20
28.284987
  0
VERTEX
  8
gto
 10
98.958088
 20
28.295657
  0
VERTEX
  8
gto
 10
98.958088
 20
28.692907
  0
VERTEX
  8
gto
 10
98.948938
 20
28.714247
  0
VERTEX
  8
gto
 10
98.941318
 20
28.723897
  0
VERTEX
  8
gto
 10
98.693417
 20
28.970278
  0
VERTEX
  8
gto
 10
98.682747
 20
28.975868
  0
VERTEX
  8
gto
 10
98.659377
 20
28.980438
  0
VERTEX
  8
gto
 10
98.524757
 20
28.980438
  0
VERTEX
  8
gto
 10
98.501397
 20
28.975868
  0
VERTEX
  8
gto
 10
98.481577
 20
28.962658
  0
VERTEX
  8
gto
 10
98.228086
 20
28.708657
  0
VERTEX
  8
gto
 10
98.219956
 20
28.693417
  0
VERTEX
  8
gto
 10
97.941576
 20
28.972818
  0
VERTEX
  8
gto
 10
97.930906
 20
28.978408
  0
VERTEX
  8
gto
 10
97.907536
 20
28.982978
  0
SEQEND
  8
gto
  0
POLYLINE
  8
gto
 62
1
 40
0.000000
 41
0.000000
 66
  1
  0
VERTEX
  8
gto
 10
97.844036
 20
26.811274
  0
VERTEX
  8
gto
 10
97.844036
 20
25.952752
  0
VERTEX
  8
gto
 10
98.961638
 20
25.952752
  0
VERTEX
  8
gto
 10
98.961638
 20
26.811274
  0
VERTEX
  8
gto
 10
98.839718
 20
26.811274
  0
VERTEX
  8
gto
 10
98.839718
 20
26.077212
  0
VERTEX
  8
gto
 10
98.463797
 20
26.077212
  0
VERTEX
  8
gto
 10
98.463797
 20
26.564893
  0
VERTEX
  8
gto
 10
98.341877
 20
26.564893
  0
VERTEX
  8
gto
 10
98.341877
 20
26.077212
  0
VERTEX
  8
gto
 10
97.968496
 20
26.077212
  0
VERTEX
  8
gto
 10
97.968496
 20
26.811274
  0
SEQEND
  8
gto
  0
POLYLINE
  8
gto
 62
1
 40
0.000000
 41
0.000000
 66
  1
  0
VERTEX
  8
gto
 10
98.029456
 20
25.724151
  0
VERTEX
  8
gto
 10
98.007106
 20
25.719071
  0
VERTEX
  8
gto
 10
97.986276
 20
25.703831
  0
VERTEX
  8
gto
 10
97.864356
 20
25.581911
  0
VERTEX
  8
gto
 10
97.851156
 20
25.560571
  0
VERTEX
  8
gto
 10
97.847596
 20
25.549911
  0
VERTEX
  8
gto
 10
97.846576
 20
24.979930
  0
VERTEX
  8
gto
 10
97.968496
 20
24.979930
  0
VERTEX
  8
gto
 10
97.968496
 20
25.513331
  0
VERTEX
  8
gto
 10
98.057396
 20
25.602231
  0
VERTEX
  8
gto
 10
98.255517
 20
25.602231
  0
VERTEX
  8
gto
 10
98.341877
 20
25.515871
  0
VERTEX
  8
gto
 10
98.341877
 20
24.979930
  0
VERTEX
  8
gto
 10
97.846576
 20
24.979930
  0
VERTEX
  8
gto
 10
97.846576
 20
24.858010
  0
VERTEX
  8
gto
 10
98.961638
 20
24.858010
  0
VERTEX
  8
gto
 10
98.961638
 20
24.979930
  0
VERTEX
  8
gto
 10
98.463797
 20
24.979930
  0
VERTEX
  8
gto
 10
98.463797
 20
25.137410
  0
VERTEX
  8
gto
 10
98.923538
 20
25.602231
  0
VERTEX
  8
gto
 10
98.961638
 20
25.602231
  0
VERTEX
  8
gto
 10
98.961638
 20
25.721611
  0
VERTEX
  8
gto
 10
98.888488
 20
25.720091
  0
VERTEX
  8
gto
 10
98.877318
 20
25.717041
  0
VERTEX
  8
gto
 10
98.857498
 20
25.703831
  0
VERTEX
  8
gto
 10
98.463797
 20
25.312671
  0
VERTEX
  8
gto
 10
98.463797
 20
25.541271
  0
VERTEX
  8
gto
 10
98.458717
 20
25.564641
  0
VERTEX
  8
gto
 10
98.443477
 20
25.584451
  0
VERTEX
  8
gto
 10
98.312417
 20
25.712471
  0
VERTEX
  8
gto
 10
98.302257
 20
25.719071
  0
VERTEX
  8
gto
 10
98.280917
 20
25.724151
  0
SEQEND
  8
gto
  0
POLYLINE
  8
gto
 62
1
 40
0.000000
 41
0.000000
 66
  1
  0
VERTEX
  8
gto
 10
98.278377
 20
24.634489
  0
VERTEX
  8
gto
 10
98.253487
 20
24.629919
  0
VERTEX
  8
gto
 10
98.235196
 20
24.616709
  0
VERTEX
  8
gto
 10
97.864356
 20
24.245868
  0
VERTEX
  8
gto
 10
97.851156
 20
24.225548
  0
VERTEX
  8
gto
 10
97.847596
 20
24.213358
  0
VERTEX
  8
gto
 10
97.846576
 20
24.200148
  0
VERTEX
  8
gto
 10
97.993896
 20
24.200148
  0
VERTEX
  8
gto
 10
98.301237
 20
24.512569
  0
VERTEX
  8
gto
 10
98.463797
 20
24.512569
  0
VERTEX
  8
gto
 10
98.463797
 20
23.895348
  0
VERTEX
  8
gto
 10
98.301237
 20
23.895348
  0
VERTEX
  8
gto
 10
97.993896
 20
24.200148
  0
VERTEX
  8
gto
 10
97.846576
 20
24.200148
  0
VERTEX
  8
gto
 10
97.847596
 20
24.187958
  0
VERTEX
  8
gto
 10
97.856736
 20
24.167638
  0
VERTEX
  8
gto
 10
98.241806
 20
23.784608
  0
VERTEX
  8
gto
 10
98.262127
 20
23.774448
  0
VERTEX
  8
gto
 10
98.961638
 20
23.773428
  0
VERTEX
  8
gto
 10
98.961638
 20
23.895348
  0
VERTEX
  8
gto
 10
98.588257
 20
23.895348
  0
VERTEX
  8
gto
 10
98.588257
 20
24.512569
  0
VERTEX
  8
gto
 10
98.961638
 20
24.512569
  0
VERTEX
  8
gto
 10
98.961638
 20
24.634489
  0
SEQEND
  8
gto
  0
POLYLINE
  8
gto
 62
1
 40
0.000000
 41
0.000000
 66
  1
  0
VERTEX
  8
gto
 10
98.024376
 20
22.455165
  0
VERTEX
  8
gto
 10
98.001016
 20
22.450595
  0
VERTEX
  8
gto
 10
97.981196
 20
22.437385
  0
VERTEX
  8
gto
 10
97.864356
 20
22.320545
  0
VERTEX
  8
gto
 10
97.851156
 20
22.300735
  0
VERTEX
  8
gto
 10
97.847596
 20
22.289555
  0
VERTEX
  8
gto
 10
97.847596
 20
21.768854
  0
VERTEX
  8
gto
 10
97.856736
 20
21.747013
  0
VERTEX
  8
gto
 10
97.986276
 20
21.614423
  0
VERTEX
  8
gto
 10
98.007106
 20
21.600703
  0
VERTEX
  8
gto
 10
98.029456
 20
21.596643
  0
VERTEX
  8
gto
 10
98.151376
 20
21.596643
  0
VERTEX
  8
gto
 10
98.167126
 20
21.598163
  0
VERTEX
  8
gto
 10
98.180336
 20
21.602743
  0
VERTEX
  8
gto
 10
98.192526
 20
21.610863
  0
VERTEX
  8
gto
 10
98.202176
 20
21.622043
  0
VERTEX
  8
gto
 10
98.687317
 20
22.330705
  0
VERTEX
  8
gto
 10
98.748277
 20
22.330705
  0
VERTEX
  8
gto
 10
98.839718
 20
22.249424
  0
VERTEX
  8
gto
 10
98.839718
 20
21.799844
  0
VERTEX
  8
gto
 10
98.753358
 20
21.710943
  0
VERTEX
  8
gto
 10
98.715257
 20
21.710943
  0
VERTEX
  8
gto
 10
98.715257
 20
21.589023
  0
VERTEX
  8
gto
 10
98.789938
 20
21.590043
  0
VERTEX
  8
gto
 10
98.810258
 20
21.600203
  0
VERTEX
  8
gto
 10
98.943858
 20
21.731263
  0
VERTEX
  8
gto
 10
98.957068
 20
21.752094
  0
VERTEX
  8
gto
 10
98.960628
 20
21.762764
  0
VERTEX
  8
gto
 10
98.961638
 20
22.274825
  0
VERTEX
  8
gto
 10
98.956558
 20
22.297685
  0
VERTEX
  8
gto
 10
98.941318
 20
22.320545
  0
VERTEX
  8
gto
 10
98.804158
 20
22.442465
  0
VERTEX
  8
gto
 10
98.783838
 20
22.451105
  0
VERTEX
  8
gto
 10
98.773678
 20
22.452625
  0
VERTEX
  8
gto
 10
98.654297
 20
22.452625
  0
VERTEX
  8
gto
 10
98.638557
 20
22.450595
  0
VERTEX
  8
gto
 10
98.624837
 20
22.445515
  0
VERTEX
  8
gto
 10
98.613157
 20
22.436875
  0
VERTEX
  8
gto
 10
98.118356
 20
21.718563
  0
VERTEX
  8
gto
 10
98.054856
 20
21.718563
  0
VERTEX
  8
gto
 10
97.965956
 20
21.804924
  0
VERTEX
  8
gto
 10
97.965956
 20
22.251965
  0
VERTEX
  8
gto
 10
98.047236
 20
22.330705
  0
VERTEX
  8
gto
 10
98.087876
 20
22.330705
  0
VERTEX
  8
gto
 10
98.087876
 20
22.455165
  0
SEQEND
  8
gto
  0
POLYLINE
  8
gto
 62
1
 40
0.000000
 41
0.000000
 66
  1
  0
VERTEX
  8
gto
 10
97.846576
 20
21.365503
  0
VERTEX
  8
gto
 10
97.846576
 20
21.243582
  0
VERTEX
  8
gto
 10
98.466337
 20
21.243582
  0
VERTEX
  8
gto
 10
97.846576
 20
20.623821
  0
VERTEX
  8
gto
 10
97.846576
 20
20.501901
  0
VERTEX
  8
gto
 10
98.959098
 20
20.501901
  0
VERTEX
  8
gto
 10
98.959098
 20
20.623821
  0
VERTEX
  8
gto
 10
98.026916
 20
20.623821
  0
VERTEX
  8
gto
 10
98.654297
 20
21.243582
  0
VERTEX
  8
gto
 10
98.959098
 20
21.243582
  0
VERTEX
  8
gto
 10
98.959098
 20
21.365503
  0
SEQEND
  8
gto
  0
POLYLINE
  8
gto
 62
1
 40
0.000000
 41
0.000000
 66
  1
  0
VERTEX
  8
gto
 10
97.846576
 20
20.032000
  0
VERTEX
  8
gto
 10
97.846576
 20
19.658619
  0
VERTEX
  8
gto
 10
97.968496
 20
19.658619
  0
VERTEX
  8
gto
 10
97.968496
 20
19.783080
  0
VERTEX
  8
gto
 10
98.839718
 20
19.783080
  0
VERTEX
  8
gto
 10
98.839718
 20
19.658619
  0
VERTEX
  8
gto
 10
98.961638
 20
19.658619
  0
VERTEX
  8
gto
 10
98.961638
 20
20.032000
  0
VERTEX
  8
gto
 10
98.839718
 20
20.032000
  0
VERTEX
  8
gto
 10
98.839718
 20
19.907540
  0
VERTEX
  8
gto
 10
97.968496
 20
19.907540
  0
VERTEX
  8
gto
 10
97.968496
 20
20.032000
  0
SEQEND
  8
gto
  0
POLYLINE
  8
gto
 62
1
 40
0.000000
 41
0.000000
 66
  1
  0
VERTEX
  8
gto
 10
98.146296
 20
19.186178
  0
VERTEX
  8
gto
 10
98.124456
 20
19.181608
  0
VERTEX
  8
gto
 10
98.105656
 20
19.168398
  0
VERTEX
  8
gto
 10
97.864356
 20
18.924558
  0
VERTEX
  8
gto
 10
97.851156
 20
18.904748
  0
VERTEX
  8
gto
 10
97.847596
 20
18.893568
  0
VERTEX
  8
gto
 10
97.846576
 20
18.449577
  0
VERTEX
  8
gto
 10
97.968496
 20
18.449577
  0
VERTEX
  8
gto
 10
97.968496
 20
18.855978
  0
VERTEX
  8
gto
 10
98.171696
 20
19.066798
  0
VERTEX
  8
gto
 10
98.250437
 20
19.066798
  0
VERTEX
  8
gto
 10
98.463797
 20
18.855978
  0
VERTEX
  8
gto
 10
98.463797
 20
18.449577
  0
VERTEX
  8
gto
 10
97.846576
 20
18.449577
  0
VERTEX
  8
gto
 10
97.846576
 20
18.322577
  0
VERTEX
  8
gto
 10
98.961638
 20
18.322577
  0
VERTEX
  8
gto
 10
98.961638
 20
18.449577
  0
VERTEX
  8
gto
 10
98.590797
 20
18.449577
  0
VERTEX
  8
gto
 10
98.590797
 20
18.881378
  0
VERTEX
  8
gto
 10
98.585217
 20
18.902208
  0
VERTEX
  8
gto
 10
98.567937
 20
18.924558
  0
VERTEX
  8
gto
 10
98.319017
 20
19.170938
  0
VERTEX
  8
gto
 10
98.299207
 20
19.182108
  0
VERTEX
  8
gto
 10
98.275837
 20
19.186178
  0
SEQEND
  8
gto
  0
POLYLINE
  8
gto
 62
1
 40
0.000000
 41
0.000000
 66
  1
  0
VERTEX
  8
gto
 10
98.034536
 20
17.009394
  0
VERTEX
  8
gto
 10
98.009646
 20
17.005334
  0
VERTEX
  8
gto
 10
97.991356
 20
16.994154
  0
VERTEX
  8
gto
 10
97.856736
 20
16.863594
  0
VERTEX
  8
gto
 10
97.847596
 20
16.840734
  0
VERTEX
  8
gto
 10
97.846576
 20
16.351533
  0
VERTEX
  8
gto
 10
97.965956
 20
16.351533
  0
VERTEX
  8
gto
 10
97.965956
 20
16.801114
  0
VERTEX
  8
gto
 10
98.057396
 20
16.887474
  0
VERTEX
  8
gto
 10
98.748277
 20
16.887474
  0
VERTEX
  8
gto
 10
98.837178
 20
16.801114
  0
VERTEX
  8
gto
 10
98.837178
 20
16.348993
  0
VERTEX
  8
gto
 10
98.755898
 20
16.270253
  0
VERTEX
  8
gto
 10
98.057396
 20
16.270253
  0
VERTEX
  8
gto
 10
97.965956
 20
16.351533
  0
VERTEX
  8
gto
 10
97.846576
 20
16.351533
  0
VERTEX
  8
gto
 10
97.847596
 20
16.311403
  0
VERTEX
  8
gto
 10
97.856736
 20
16.288543
  0
VERTEX
  8
gto
 10
97.991356
 20
16.163572
  0
VERTEX
  8
gto
 10
98.011676
 20
16.148332
  0
VERTEX
  8
gto
 10
98.021836
 20
16.144272
  0
VERTEX
  8
gto
 10
98.794508
 20
16.144272
  0
VERTEX
  8
gto
 10
98.817368
 20
16.154432
  0
VERTEX
  8
gto
 10
98.948938
 20
16.291083
  0
VERTEX
  8
gto
 10
98.958088
 20
16.312923
  0
VERTEX
  8
gto
 10
98.958088
 20
16.836164
  0
VERTEX
  8
gto
 10
98.948938
 20
16.857504
  0
VERTEX
  8
gto
 10
98.819398
 20
16.991614
  0
VERTEX
  8
gto
 10
98.801118
 20
17.004824
  0
VERTEX
  8
gto
 10
98.776218
 20
17.009394
  0
SEQEND
  8
gto
  0
POLYLINE
  8
gto
 62
1
 40
0.000000
 41
0.000000
 66
  1
  0
VERTEX
  8
gto
 10
98.037076
 20
15.932432
  0
VERTEX
  8
gto
 10
98.011176
 20
15.927862
  0
VERTEX
  8
gto
 10
98.001516
 20
15.922272
  0
VERTEX
  8
gto
 10
97.986276
 20
15.905002
  0
VERTEX
  8
gto
 10
97.977136
 20
15.883662
  0
VERTEX
  8
gto
 10
97.977136
 20
15.858262
  0
VERTEX
  8
gto
 10
97.986276
 20
15.836422
  0
VERTEX
  8
gto
 10
98.744727
 20
15.078480
  0
VERTEX
  8
gto
 10
98.755398
 20
15.072890
  0
VERTEX
  8
gto
 10
98.778758
 20
15.068830
  0
VERTEX
  8
gto
 10
98.800608
 20
15.072890
  0
VERTEX
  8
gto
 10
98.819398
 20
15.086610
  0
VERTEX
  8
gto
 10
98.828548
 20
15.096770
  0
VERTEX
  8
gto
 10
98.838198
 20
15.118110
  0
VERTEX
  8
gto
 10
98.839718
 20
15.129790
  0
VERTEX
  8
gto
 10
98.834638
 20
15.153160
  0
VERTEX
  8
gto
 10
98.828548
 20
15.163320
  0
VERTEX
  8
gto
 10
98.077716
 20
15.914652
  0
VERTEX
  8
gto
 10
98.059936
 20
15.927862
  0
SEQEND
  8
gto
  0
POLYLINE
  8
gto
 62
1
 40
0.000000
 41
0.000000
 66
  1
  0
VERTEX
  8
gto
 10
97.846576
 20
14.586229
  0
VERTEX
  8
gto
 10
97.846576
 20
14.212848
  0
VERTEX
  8
gto
 10
97.968496
 20
14.212848
  0
VERTEX
  8
gto
 10
97.968496
 20
14.337309
  0
VERTEX
  8
gto
 10
98.839718
 20
14.337309
  0
VERTEX
  8
gto
 10
98.839718
 20
14.212848
  0
VERTEX
  8
gto
 10
98.961638
 20
14.212848
  0
VERTEX
  8
gto
 10
98.961638
 20
14.586229
  0
VERTEX
  8
gto
 10
98.839718
 20
14.586229
  0
VERTEX
  8
gto
 10
98.839718
 20
14.461769
  0
VERTEX
  8
gto
 10
97.968496
 20
14.461769
  0
VERTEX
  8
gto
 10
97.968496
 20
14.586229
  0
SEQEND
  8
gto
  0
POLYLINE
  8
gto
 62
1
 40
0.000000
 41
0.000000
 66
  1
  0
VERTEX
  8
gto
 10
98.839718
 20
12.653285
  0
VERTEX
  8
gto
 10
98.839718
 20
11.916684
  0
VERTEX
  8
gto
 10
97.846576
 20
11.916684
  0
VERTEX
  8
gto
 10
97.846576
 20
11.794764
  0
VERTEX
  8
gto
 10
98.961638
 20
11.794764
  0
VERTEX
  8
gto
 10
98.961638
 20
12.653285
  0
SEQEND
  8
gto
  0
POLYLINE
  8
gto
 62
1
 40
0.000000
 41
0.000000
 66
  1
  0
VERTEX
  8
gto
 10
98.839718
 20
11.563623
  0
VERTEX
  8
gto
 10
98.839718
 20
10.829562
  0
VERTEX
  8
gto
 10
97.846576
 20
10.829562
  0
VERTEX
  8
gto
 10
97.846576
 20
10.705101
  0
VERTEX
  8
gto
 10
98.961638
 20
10.705101
  0
VERTEX
  8
gto
 10
98.961638
 20
11.563623
  0
SEQEND
  8
gto
  0
POLYLINE
  8
gto
 62
1
 40
0.000000
 41
0.000000
 66
  1
  0
VERTEX
  8
gto
 10
98.278377
 20
10.473961
  0
VERTEX
  8
gto
 10
98.253487
 20
10.469891
  0
VERTEX
  8
gto
 10
98.235196
 20
10.458721
  0
VERTEX
  8
gto
 10
97.864356
 20
10.087880
  0
VERTEX
  8
gto
 10
97.851156
 20
10.065530
  0
VERTEX
  8
gto
 10
97.846776
 20
10.042160
  0
VERTEX
  8
gto
 10
97.993896
 20
10.042160
  0
VERTEX
  8
gto
 10
98.301237
 20
10.352041
  0
VERTEX
  8
gto
 10
98.463797
 20
10.352041
  0
VERTEX
  8
gto
 10
98.463797
 20
9.737359
  0
VERTEX
  8
gto
 10
98.301237
 20
9.737359
  0
VERTEX
  8
gto
 10
97.993896
 20
10.042160
  0
VERTEX
  8
gto
 10
97.846776
 20
10.042160
  0
VERTEX
  8
gto
 10
97.847596
 20
10.028440
  0
VERTEX
  8
gto
 10
97.856736
 20
10.008120
  0
VERTEX
  8
gto
 10
98.232656
 20
9.633219
  0
VERTEX
  8
gto
 10
98.251457
 20
9.619499
  0
VERTEX
  8
gto
 10
98.273297
 20
9.615439
  0
VERTEX
  8
gto
 10
98.961638
 20
9.615439
  0
VERTEX
  8
gto
 10
98.961638
 20
9.734819
  0
VERTEX
  8
gto
 10
98.588257
 20
9.734819
  0
VERTEX
  8
gto
 10
98.588257
 20
10.352041
  0
VERTEX
  8
gto
 10
98.961638
 20
10.352041
  0
VERTEX
  8
gto
 10
98.961638
 20
10.473961
  0
SEQEND
  8
gto
  0
POLYLINE
  8
gto
 62
1
 40
0.000000
 41
0.000000
 66
  1
  0
VERTEX
  8
gto
 10
6.099052
 20
3.576327
  0
VERTEX
  8
gto
 10
6.099052
 20
3.454407
  0
VERTEX
  8
gto
 10
6.703573
 20
3.454407
  0
VERTEX
  8
gto
 10
6.703573
 20
3.413767
  0
VERTEX
  8
gto
 10
6.343913
 20
3.054096
  0
VERTEX
  8
gto
 10
6.333753
 20
3.032256
  0
VERTEX
  8
gto
 10
6.333753
 20
3.008886
  0
VERTEX
  8
gto
 10
6.343913
 20
2.987046
  0
VERTEX
  8
gto
 10
6.362203
 20
2.969266
  0
VERTEX
  8
gto
 10
6.382523
 20
2.960116
  0
VERTEX
  8
gto
 10
6.490213
 20
2.959106
  0
VERTEX
  8
gto
 10
6.701033
 20
2.745745
  0
VERTEX
  8
gto
 10
6.701033
 20
2.661925
  0
VERTEX
  8
gto
 10
6.500373
 20
2.458715
  0
VERTEX
  8
gto
 10
6.175252
 20
2.458715
  0
VERTEX
  8
gto
 10
6.058412
 20
2.575565
  0
VERTEX
  8
gto
 10
5.974592
 20
2.489205
  0
VERTEX
  8
gto
 10
6.118362
 20
2.347975
  0
VERTEX
  8
gto
 10
6.138682
 20
2.337815
  0
VERTEX
  8
gto
 10
6.536953
 20
2.337815
  0
VERTEX
  8
gto
 10
6.557273
 20
2.347975
  0
VERTEX
  8
gto
 10
6.805174
 20
2.593345
  0
VERTEX
  8
gto
 10
6.818384
 20
2.613155
  0
VERTEX
  8
gto
 10
6.821944
 20
2.624325
  0
VERTEX
  8
gto
 10
6.821944
 20
2.784856
  0
VERTEX
  8
gto
 10
6.812794
 20
2.805176
  0
VERTEX
  8
gto
 10
6.556253
 20
3.063246
  0
VERTEX
  8
gto
 10
6.546093
 20
3.071366
  0
VERTEX
  8
gto
 10
6.535933
 20
3.075946
  0
VERTEX
  8
gto
 10
6.815334
 20
3.354327
  0
VERTEX
  8
gto
 10
6.824484
 20
3.376167
  0
VERTEX
  8
gto
 10
6.825494
 20
3.576327
  0
SEQEND
  8
gto
  0
POLYLINE
  8
gto
 62
1
 40
0.000000
 41
0.000000
 66
  1
  0
VERTEX
  8
gto
 10
7.369055
 20
3.576327
  0
VERTEX
  8
gto
 10
7.357885
 20
3.575307
  0
VERTEX
  8
gto
 10
7.337565
 20
3.566167
  0
VERTEX
  8
gto
 10
7.082034
 20
3.312167
  0
VERTEX
  8
gto
 10
7.068834
 20
3.291337
  0
VERTEX
  8
gto
 10
7.064254
 20
3.268987
  0
VERTEX
  8
gto
 10
7.064254
 20
3.202946
  0
VERTEX
  8
gto
 10
7.186174
 20
3.202946
  0
VERTEX
  8
gto
 10
7.186174
 20
3.243586
  0
VERTEX
  8
gto
 10
7.396995
 20
3.454407
  0
VERTEX
  8
gto
 10
7.704335
 20
3.454407
  0
VERTEX
  8
gto
 10
7.793236
 20
3.368047
  0
VERTEX
  8
gto
 10
7.793236
 20
3.162306
  0
VERTEX
  8
gto
 10
7.074414
 20
2.429255
  0
VERTEX
  8
gto
 10
7.065274
 20
2.408935
  0
VERTEX
  8
gto
 10
7.065274
 20
2.385565
  0
VERTEX
  8
gto
 10
7.074414
 20
2.363725
  0
VERTEX
  8
gto
 10
7.091184
 20
2.346965
  0
VERTEX
  8
gto
 10
7.113024
 20
2.337815
  0
VERTEX
  8
gto
 10
7.915156
 20
2.336795
  0
VERTEX
  8
gto
 10
7.915156
 20
2.458715
  0
VERTEX
  8
gto
 10
7.272535
 20
2.458715
  0
VERTEX
  8
gto
 10
7.904996
 20
3.105406
  0
VERTEX
  8
gto
 10
7.914146
 20
3.127246
  0
VERTEX
  8
gto
 10
7.914146
 20
3.404617
  0
VERTEX
  8
gto
 10
7.904996
 20
3.424937
  0
VERTEX
  8
gto
 10
7.772916
 20
3.558547
  0
VERTEX
  8
gto
 10
7.753106
 20
3.571747
  0
VERTEX
  8
gto
 10
7.741935
 20
3.575307
  0
SEQEND
  8
gto
  0
POLYLINE
  8
gto
 62
1
 40
0.000000
 41
0.000000
 66
  1
  0
VERTEX
  8
gto
 10
2.705605
 20
3.449327
  0
VERTEX
  8
gto
 10
2.705605
 20
2.336795
  0
VERTEX
  8
gto
 10
2.830066
 20
2.336795
  0
VERTEX
  8
gto
 10
2.830066
 20
2.832106
  0
VERTEX
  8
gto
 10
3.444747
 20
2.832106
  0
VERTEX
  8
gto
 10
3.444747
 20
2.956566
  0
VERTEX
  8
gto
 10
2.830066
 20
2.956566
  0
VERTEX
  8
gto
 10
2.830066
 20
3.327407
  0
VERTEX
  8
gto
 10
3.566667
 20
3.327407
  0
VERTEX
  8
gto
 10
3.566667
 20
3.449327
  0
SEQEND
  8
gto
  0
POLYLINE
  8
gto
 62
1
 40
0.000000
 41
0.000000
 66
  1
  0
VERTEX
  8
gto
 10
4.219448
 20
3.449327
  0
VERTEX
  8
gto
 10
4.208278
 20
3.448307
  0
VERTEX
  8
gto
 10
4.187958
 20
3.439167
  0
VERTEX
  8
gto
 10
3.813048
 20
3.063246
  0
VERTEX
  8
gto
 10
3.799848
 20
3.043936
  0
VERTEX
  8
gto
 10
3.796288
 20
3.033776
  0
VERTEX
  8
gto
 10
3.795268
 20
2.832106
  0
VERTEX
  8
gto
 10
3.917188
 20
2.832106
  0
VERTEX
  8
gto
 10
3.917188
 20
2.997206
  0
VERTEX
  8
gto
 10
4.221988
 20
3.302007
  0
VERTEX
  8
gto
 10
4.534409
 20
2.994666
  0
VERTEX
  8
gto
 10
4.534409
 20
2.832106
  0
VERTEX
  8
gto
 10
3.795268
 20
2.832106
  0
VERTEX
  8
gto
 10
3.795268
 20
2.336795
  0
VERTEX
  8
gto
 10
3.914648
 20
2.336795
  0
VERTEX
  8
gto
 10
3.914648
 20
2.707645
  0
VERTEX
  8
gto
 10
4.534409
 20
2.707645
  0
VERTEX
  8
gto
 10
4.534409
 20
2.336795
  0
VERTEX
  8
gto
 10
4.656329
 20
2.336795
  0
VERTEX
  8
gto
 10
4.655319
 20
3.030726
  0
VERTEX
  8
gto
 10
4.651759
 20
3.042416
  0
VERTEX
  8
gto
 10
4.638549
 20
3.060706
  0
VERTEX
  8
gto
 10
4.267709
 20
3.431547
  0
VERTEX
  8
gto
 10
4.246888
 20
3.444747
  0
VERTEX
  8
gto
 10
4.233678
 20
3.448307
  0
SEQEND
  8
gto
  0
POLYLINE
  8
gto
 62
1
 40
0.000000
 41
0.000000
 66
  1
  0
VERTEX
  8
gto
 10
4.879850
 20
3.449327
  0
VERTEX
  8
gto
 10
4.879850
 20
3.327407
  0
VERTEX
  8
gto
 10
5.248150
 20
3.327407
  0
VERTEX
  8
gto
 10
5.248150
 20
2.336795
  0
VERTEX
  8
gto
 10
5.372611
 20
2.336795
  0
VERTEX
  8
gto
 10
5.372611
 20
3.327407
  0
VERTEX
  8
gto
 10
5.743451
 20
3.327407
  0
VERTEX
  8
gto
 10
5.743451
 20
3.449327
  0
SEQEND
  8
gto
  0
POLYLINE
  8
gto
 62
1
 40
0.000000
 41
0.000000
 66
  1
  0
VERTEX
  8
gto
 10
0.339341
 20
26.936244
  0
VERTEX
  8
gto
 10
0.319021
 20
26.932174
  0
VERTEX
  8
gto
 10
0.301241
 20
26.926084
  0
VERTEX
  8
gto
 10
0.286001
 20
26.917444
  0
VERTEX
  8
gto
 10
0.273301
 20
26.905764
  0
VERTEX
  8
gto
 10
0.262121
 20
26.889504
  0
VERTEX
  8
gto
 10
0.254001
 20
26.873254
  0
VERTEX
  8
gto
 10
0.249420
 20
26.857504
  0
VERTEX
  8
gto
 10
0.247900
 20
26.842264
  0
VERTEX
  8
gto
 10
0.248920
 20
26.823464
  0
VERTEX
  8
gto
 10
0.253491
 20
26.806194
  0
VERTEX
  8
gto
 10
0.260601
 20
26.789434
  0
VERTEX
  8
gto
 10
0.270761
 20
26.773684
  0
VERTEX
  8
gto
 10
0.966722
 20
26.092962
  0
VERTEX
  8
gto
 10
0.270761
 20
25.397001
  0
VERTEX
  8
gto
 10
0.263141
 20
25.381251
  0
VERTEX
  8
gto
 10
0.258571
 20
25.364991
  0
VERTEX
  8
gto
 10
0.256541
 20
25.348231
  0
VERTEX
  8
gto
 10
0.262631
 20
25.310641
  0
VERTEX
  8
gto
 10
0.269241
 20
25.292861
  0
VERTEX
  8
gto
 10
0.277871
 20
25.277621
  0
VERTEX
  8
gto
 10
0.300221
 20
25.254761
  0
VERTEX
  8
gto
 10
0.328161
 20
25.242060
  0
VERTEX
  8
gto
 10
0.354581
 20
25.238500
  0
VERTEX
  8
gto
 10
0.385061
 20
25.247650
  0
VERTEX
  8
gto
 10
0.405381
 20
25.257301
  0
VERTEX
  8
gto
 10
1.141982
 20
26.006602
  0
VERTEX
  8
gto
 10
1.141982
 20
26.176782
  0
VERTEX
  8
gto
 10
0.402841
 20
26.923544
  0
VERTEX
  8
gto
 10
0.371341
 20
26.934214
  0
SEQEND
  8
gto
  0
POLYLINE
  8
gto
 62
1
 40
0.000000
 41
0.000000
 66
  1
  0
VERTEX
  8
gto
 10
4.846830
 20
23.614427
  0
VERTEX
  8
gto
 10
4.567429
 20
23.336037
  0
VERTEX
  8
gto
 10
4.558289
 20
23.314197
  0
VERTEX
  8
gto
 10
4.557269
 20
22.679705
  0
VERTEX
  8
gto
 10
4.679189
 20
22.679705
  0
VERTEX
  8
gto
 10
4.679189
 20
22.778766
  0
VERTEX
  8
gto
 10
4.900170
 20
22.999746
  0
VERTEX
  8
gto
 10
5.103370
 20
22.999746
  0
VERTEX
  8
gto
 10
5.309111
 20
22.788926
  0
VERTEX
  8
gto
 10
5.309111
 20
22.684785
  0
VERTEX
  8
gto
 10
5.093210
 20
22.466345
  0
VERTEX
  8
gto
 10
4.890010
 20
22.466345
  0
VERTEX
  8
gto
 10
4.679189
 20
22.679705
  0
VERTEX
  8
gto
 10
4.557269
 20
22.679705
  0
VERTEX
  8
gto
 10
4.557269
 20
22.654305
  0
VERTEX
  8
gto
 10
4.575049
 20
22.613665
  0
VERTEX
  8
gto
 10
4.833120
 20
22.354585
  0
VERTEX
  8
gto
 10
4.854960
 20
22.345435
  0
VERTEX
  8
gto
 10
5.130810
 20
22.345435
  0
VERTEX
  8
gto
 10
5.152650
 20
22.354585
  0
VERTEX
  8
gto
 10
5.413251
 20
22.616205
  0
VERTEX
  8
gto
 10
5.426461
 20
22.637025
  0
VERTEX
  8
gto
 10
5.431031
 20
22.659385
  0
VERTEX
  8
gto
 10
5.430021
 20
22.826516
  0
VERTEX
  8
gto
 10
5.420871
 20
22.848356
  0
VERTEX
  8
gto
 10
5.171950
 20
23.103886
  0
VERTEX
  8
gto
 10
5.152140
 20
23.117086
  0
VERTEX
  8
gto
 10
5.140970
 20
23.120646
  0
VERTEX
  8
gto
 10
4.862580
 20
23.120646
  0
VERTEX
  8
gto
 10
4.840740
 20
23.111506
  0
VERTEX
  8
gto
 10
4.679189
 20
22.951486
  0
VERTEX
  8
gto
 10
4.679189
 20
23.276607
  0
VERTEX
  8
gto
 10
4.930650
 20
23.530607
  0
SEQEND
  8
gto
  0
POLYLINE
  8
gto
 62
1
 40
0.000000
 41
0.000000
 66
  1
  0
VERTEX
  8
gto
 10
3.899408
 20
23.611887
  0
VERTEX
  8
gto
 10
3.889248
 20
23.610867
  0
VERTEX
  8
gto
 10
3.868928
 20
23.600707
  0
VERTEX
  8
gto
 10
3.576827
 20
23.299467
  0
VERTEX
  8
gto
 10
3.660647
 20
23.220726
  0
VERTEX
  8
gto
 10
3.843528
 20
23.408687
  0
VERTEX
  8
gto
 10
3.843528
 20
22.374905
  0
VERTEX
  8
gto
 10
3.957828
 20
22.374905
  0
VERTEX
  8
gto
 10
3.957828
 20
23.550927
  0
VERTEX
  8
gto
 10
3.955798
 20
23.568707
  0
VERTEX
  8
gto
 10
3.949198
 20
23.583437
  0
VERTEX
  8
gto
 10
3.938018
 20
23.595117
  0
VERTEX
  8
gto
 10
3.914148
 20
23.607817
  0
SEQEND
  8
gto
  0
POLYLINE
  8
gto
 62
1
 40
0.000000
 41
0.000000
 66
  1
  0
VERTEX
  8
gto
 10
5.702811
 20
23.489967
  0
VERTEX
  8
gto
 10
5.692151
 20
23.487927
  0
VERTEX
  8
gto
 10
5.663191
 20
23.473197
  0
VERTEX
  8
gto
 10
5.651511
 20
23.461007
  0
VERTEX
  8
gto
 10
5.644391
 20
23.445257
  0
VERTEX
  8
gto
 10
5.641851
 20
23.426467
  0
VERTEX
  8
gto
 10
5.641851
 20
22.374905
  0
VERTEX
  8
gto
 10
5.763772
 20
22.374905
  0
VERTEX
  8
gto
 10
5.763772
 20
23.279147
  0
VERTEX
  8
gto
 10
6.012692
 20
23.027686
  0
VERTEX
  8
gto
 10
6.012692
 20
22.872746
  0
VERTEX
  8
gto
 10
6.137152
 20
22.872746
  0
VERTEX
  8
gto
 10
6.137152
 20
23.027686
  0
VERTEX
  8
gto
 10
6.383533
 20
23.284227
  0
VERTEX
  8
gto
 10
6.383533
 20
22.374905
  0
VERTEX
  8
gto
 10
6.505453
 20
22.374905
  0
VERTEX
  8
gto
 10
6.505453
 20
23.429007
  0
VERTEX
  8
gto
 10
6.502913
 20
23.449327
  0
VERTEX
  8
gto
 10
6.495803
 20
23.466087
  0
VERTEX
  8
gto
 10
6.484123
 20
23.479807
  0
VERTEX
  8
gto
 10
6.467353
 20
23.489967
  0
VERTEX
  8
gto
 10
6.432303
 20
23.488947
  0
VERTEX
  8
gto
 10
6.411983
 20
23.479807
  0
VERTEX
  8
gto
 10
6.071112
 20
23.141986
  0
VERTEX
  8
gto
 10
5.733291
 20
23.478787
  0
VERTEX
  8
gto
 10
5.712971
 20
23.488947
  0
SEQEND
  8
gto
  0
POLYLINE
  8
gto
 62
1
 40
0.000000
 41
0.000000
 66
  1
  0
VERTEX
  8
gto
 10
6.736593
 20
23.489967
  0
VERTEX
  8
gto
 10
6.736593
 20
23.368047
  0
VERTEX
  8
gto
 10
7.264915
 20
23.368047
  0
VERTEX
  8
gto
 10
7.450335
 20
23.177546
  0
VERTEX
  8
gto
 10
7.259835
 20
22.994666
  0
VERTEX
  8
gto
 10
6.982974
 20
22.994666
  0
VERTEX
  8
gto
 10
6.982974
 20
23.368047
  0
VERTEX
  8
gto
 10
6.861054
 20
23.368047
  0
VERTEX
  8
gto
 10
6.861054
 20
22.870206
  0
VERTEX
  8
gto
 10
7.262375
 20
22.870206
  0
VERTEX
  8
gto
 10
7.450335
 20
22.687325
  0
VERTEX
  8
gto
 10
7.259835
 20
22.496825
  0
VERTEX
  8
gto
 10
6.982974
 20
22.496825
  0
VERTEX
  8
gto
 10
6.982974
 20
22.870206
  0
VERTEX
  8
gto
 10
6.861054
 20
22.870206
  0
VERTEX
  8
gto
 10
6.861054
 20
22.496825
  0
VERTEX
  8
gto
 10
6.736593
 20
22.496825
  0
VERTEX
  8
gto
 10
6.736593
 20
22.374905
  0
VERTEX
  8
gto
 10
7.298955
 20
22.375915
  0
VERTEX
  8
gto
 10
7.319275
 20
22.385065
  0
VERTEX
  8
gto
 10
7.577335
 20
22.646685
  0
VERTEX
  8
gto
 10
7.590545
 20
22.668525
  0
VERTEX
  8
gto
 10
7.594105
 20
22.680205
  0
VERTEX
  8
gto
 10
7.594105
 20
22.703575
  0
VERTEX
  8
gto
 10
7.584955
 20
22.723895
  0
VERTEX
  8
gto
 10
7.371595
 20
22.933706
  0
VERTEX
  8
gto
 10
7.577335
 20
23.131826
  0
VERTEX
  8
gto
 10
7.590545
 20
23.152146
  0
VERTEX
  8
gto
 10
7.594105
 20
23.164336
  0
VERTEX
  8
gto
 10
7.594105
 20
23.189736
  0
VERTEX
  8
gto
 10
7.591565
 20
23.200406
  0
VERTEX
  8
gto
 10
7.579875
 20
23.218186
  0
VERTEX
  8
gto
 10
7.336035
 20
23.472187
  0
VERTEX
  8
gto
 10
7.313175
 20
23.485387
  0
VERTEX
  8
gto
 10
7.302005
 20
23.488947
  0
SEQEND
  8
gto
  0
POLYLINE
  8
gto
 62
1
 40
0.000000
 41
0.000000
 66
  1
  0
VERTEX
  8
gto
 10
47.153154
 20
20.954022
  0
VERTEX
  8
gto
 10
47.138424
 20
20.951482
  0
VERTEX
  8
gto
 10
47.125214
 20
20.943862
  0
VERTEX
  8
gto
 10
46.967234
 20
20.782322
  0
VERTEX
  8
gto
 10
46.961134
 20
20.768092
  0
VERTEX
  8
gto
 10
46.960114
 20
20.720341
  0
VERTEX
  8
gto
 10
47.036314
 20
20.720341
  0
VERTEX
  8
gto
 10
47.036314
 20
20.745741
  0
VERTEX
  8
gto
 10
47.168394
 20
20.877822
  0
VERTEX
  8
gto
 10
47.361435
 20
20.877822
  0
VERTEX
  8
gto
 10
47.417315
 20
20.824482
  0
VERTEX
  8
gto
 10
47.417315
 20
20.694941
  0
VERTEX
  8
gto
 10
46.967234
 20
20.237230
  0
VERTEX
  8
gto
 10
46.961134
 20
20.224530
  0
VERTEX
  8
gto
 10
46.961134
 20
20.209800
  0
VERTEX
  8
gto
 10
46.967234
 20
20.195580
  0
VERTEX
  8
gto
 10
46.978404
 20
20.184910
  0
VERTEX
  8
gto
 10
46.991104
 20
20.179830
  0
VERTEX
  8
gto
 10
47.493515
 20
20.179320
  0
VERTEX
  8
gto
 10
47.493515
 20
20.255521
  0
VERTEX
  8
gto
 10
47.092194
 20
20.255521
  0
VERTEX
  8
gto
 10
47.486405
 20
20.659381
  0
VERTEX
  8
gto
 10
47.492505
 20
20.672081
  0
VERTEX
  8
gto
 10
47.493515
 20
20.839722
  0
VERTEX
  8
gto
 10
47.490475
 20
20.853432
  0
VERTEX
  8
gto
 10
47.404615
 20
20.943862
  0
VERTEX
  8
gto
 10
47.391415
 20
20.951482
  0
VERTEX
  8
gto
 10
47.376675
 20
20.954022
  0
SEQEND
  8
gto
  0
POLYLINE
  8
gto
 62
1
 40
0.000000
 41
0.000000
 66
  1
  0
VERTEX
  8
gto
 10
47.640835
 20
20.954022
  0
VERTEX
  8
gto
 10
47.640835
 20
20.646681
  0
VERTEX
  8
gto
 10
47.968496
 20
20.646681
  0
VERTEX
  8
gto
 10
48.098036
 20
20.517141
  0
VERTEX
  8
gto
 10
48.098036
 20
20.387601
  0
VERTEX
  8
gto
 10
47.965956
 20
20.255521
  0
VERTEX
  8
gto
 10
47.645915
 20
20.255521
  0
VERTEX
  8
gto
 10
47.645915
 20
20.179320
  0
VERTEX
  8
gto
 10
47.989836
 20
20.179830
  0
VERTEX
  8
gto
 10
48.003556
 20
20.186430
  0
VERTEX
  8
gto
 10
48.167126
 20
20.350521
  0
VERTEX
  8
gto
 10
48.173226
 20
20.364741
  0
VERTEX
  8
gto
 10
48.174236
 20
20.532381
  0
VERTEX
  8
gto
 10
48.171196
 20
20.547621
  0
VERTEX
  8
gto
 10
48.003556
 20
20.715261
  0
VERTEX
  8
gto
 10
47.990856
 20
20.721861
  0
VERTEX
  8
gto
 10
47.717035
 20
20.722881
  0
VERTEX
  8
gto
 10
47.717035
 20
20.877822
  0
VERTEX
  8
gto
 10
48.174236
 20
20.877822
  0
VERTEX
  8
gto
 10
48.174236
 20
20.954022
  0
SEQEND
  8
gto
  0
POLYLINE
  8
gto
 62
1
 40
0.000000
 41
0.000000
 66
  1
  0
VERTEX
  8
gto
 10
51.222242
 20
20.954022
  0
VERTEX
  8
gto
 10
51.204462
 20
20.941322
  0
VERTEX
  8
gto
 10
51.128262
 20
20.849882
  0
VERTEX
  8
gto
 10
51.120642
 20
20.834642
  0
VERTEX
  8
gto
 10
51.120642
 20
20.697481
  0
VERTEX
  8
gto
 10
51.196842
 20
20.697481
  0
VERTEX
  8
gto
 10
51.196842
 20
20.819402
  0
VERTEX
  8
gto
 10
51.250183
 20
20.880362
  0
VERTEX
  8
gto
 10
51.372103
 20
20.880362
  0
VERTEX
  8
gto
 10
51.425443
 20
20.827022
  0
VERTEX
  8
gto
 10
51.425443
 20
20.697481
  0
VERTEX
  8
gto
 10
51.374643
 20
20.649221
  0
VERTEX
  8
gto
 10
51.250183
 20
20.649221
  0
VERTEX
  8
gto
 10
51.196842
 20
20.697481
  0
VERTEX
  8
gto
 10
51.120642
 20
20.697481
  0
VERTEX
  8
gto
 10
51.121662
 20
20.674621
  0
VERTEX
  8
gto
 10
51.127762
 20
20.660401
  0
VERTEX
  8
gto
 10
51.181602
 20
20.611121
  0
VERTEX
  8
gto
 10
51.051562
 20
20.472431
  0
VERTEX
  8
gto
 10
51.045462
 20
20.459741
  0
VERTEX
  8
gto
 10
51.044442
 20
20.379981
  0
VERTEX
  8
gto
 10
51.120642
 20
20.379981
  0
VERTEX
  8
gto
 10
51.120642
 20
20.438401
  0
VERTEX
  8
gto
 10
51.252723
 20
20.578101
  0
VERTEX
  8
gto
 10
51.372103
 20
20.578101
  0
VERTEX
  8
gto
 10
51.504183
 20
20.438401
  0
VERTEX
  8
gto
 10
51.504183
 20
20.379981
  0
VERTEX
  8
gto
 10
51.372103
 20
20.247900
  0
VERTEX
  8
gto
 10
51.247642
 20
20.247900
  0
VERTEX
  8
gto
 10
51.120642
 20
20.379981
  0
VERTEX
  8
gto
 10
51.044442
 20
20.379981
  0
VERTEX
  8
gto
 10
51.045462
 20
20.357121
  0
VERTEX
  8
gto
 10
51.051562
 20
20.344421
  0
VERTEX
  8
gto
 10
51.204462
 20
20.186940
  0
VERTEX
  8
gto
 10
51.222242
 20
20.180340
  0
VERTEX
  8
gto
 10
51.406653
 20
20.179320
  0
VERTEX
  8
gto
 10
51.410203
 20
20.185420
  0
VERTEX
  8
gto
 10
51.567183
 20
20.342391
  0
VERTEX
  8
gto
 10
51.577343
 20
20.359151
  0
VERTEX
  8
gto
 10
51.577843
 20
20.453641
  0
VERTEX
  8
gto
 10
51.575303
 20
20.467361
  0
VERTEX
  8
gto
 10
51.567683
 20
20.479041
  0
VERTEX
  8
gto
 10
51.440683
 20
20.613661
  0
VERTEX
  8
gto
 10
51.491993
 20
20.662931
  0
VERTEX
  8
gto
 10
51.498093
 20
20.675641
  0
VERTEX
  8
gto
 10
51.499103
 20
20.842262
  0
VERTEX
  8
gto
 10
51.496563
 20
20.854962
  0
VERTEX
  8
gto
 10
51.488943
 20
20.867662
  0
VERTEX
  8
gto
 10
51.409703
 20
20.947922
  0
VERTEX
  8
gto
 10
51.395983
 20
20.953002
  0
SEQEND
  8
gto
  0
POLYLINE
  8
gto
 62
1
 40
0.000000
 41
0.000000
 66
  1
  0
VERTEX
  8
gto
 10
49.271519
 20
20.951482
  0
VERTEX
  8
gto
 10
49.258819
 20
20.947922
  0
VERTEX
  8
gto
 10
49.246118
 20
20.938782
  0
VERTEX
  8
gto
 10
49.070858
 20
20.755902
  0
VERTEX
  8
gto
 10
49.124198
 20
20.707641
  0
VERTEX
  8
gto
 10
49.235958
 20
20.824482
  0
VERTEX
  8
gto
 10
49.235958
 20
20.179320
  0
VERTEX
  8
gto
 10
49.309619
 20
20.179320
  0
VERTEX
  8
gto
 10
49.309619
 20
20.913382
  0
VERTEX
  8
gto
 10
49.308099
 20
20.923542
  0
VERTEX
  8
gto
 10
49.304039
 20
20.932682
  0
VERTEX
  8
gto
 10
49.296919
 20
20.940302
  0
SEQEND
  8
gto
  0
POLYLINE
  8
gto
 62
1
 40
0.000000
 41
0.000000
 66
  1
  0
VERTEX
  8
gto
 10
49.952240
 20
20.951482
  0
VERTEX
  8
gto
 10
49.939540
 20
20.947922
  0
VERTEX
  8
gto
 10
49.926840
 20
20.938782
  0
VERTEX
  8
gto
 10
49.751580
 20
20.755902
  0
VERTEX
  8
gto
 10
49.804920
 20
20.707641
  0
VERTEX
  8
gto
 10
49.916680
 20
20.824482
  0
VERTEX
  8
gto
 10
49.916680
 20
20.179320
  0
VERTEX
  8
gto
 10
49.990340
 20
20.179320
  0
VERTEX
  8
gto
 10
49.990340
 20
20.913382
  0
VERTEX
  8
gto
 10
49.988820
 20
20.923542
  0
VERTEX
  8
gto
 10
49.984760
 20
20.932682
  0
VERTEX
  8
gto
 10
49.977640
 20
20.940302
  0
SEQEND
  8
gto
  0
POLYLINE
  8
gto
 62
1
 40
0.000000
 41
0.000000
 66
  1
  0
VERTEX
  8
gto
 10
48.473957
 20
20.334261
  0
VERTEX
  8
gto
 10
48.473957
 20
20.179320
  0
VERTEX
  8
gto
 10
48.628897
 20
20.179320
  0
VERTEX
  8
gto
 10
48.628897
 20
20.334261
  0
SEQEND
  8
gto
  0
POLYLINE
  8
gto
 62
1
 40
0.000000
 41
0.000000
 66
  1
  0
VERTEX
  8
gto
 10
50.516121
 20
20.334261
  0
VERTEX
  8
gto
 10
50.516121
 20
20.179320
  0
VERTEX
  8
gto
 10
50.671061
 20
20.179320
  0
VERTEX
  8
gto
 10
50.671061
 20
20.334261
  0
SEQEND
  8
gto
  0
POLYLINE
  8
gto
 62
1
 40
0.000000
 41
0.000000
 66
  1
  0
VERTEX
  8
gto
 10
28.145616
 20
19.045338
  0
VERTEX
  8
gto
 10
28.168476
 20
18.997078
  0
VERTEX
  8
gto
 10
28.214196
 20
18.951358
  0
VERTEX
  8
gto
 10
28.259917
 20
18.928498
  0
VERTEX
  8
gto
 10
28.331037
 20
18.905638
  0
VERTEX
  8
gto
 10
28.445337
 20
18.905638
  0
VERTEX
  8
gto
 10
28.513917
 20
18.928498
  0
VERTEX
  8
gto
 10
28.562177
 20
18.951358
  0
VERTEX
  8
gto
 10
28.607897
 20
18.997078
  0
VERTEX
  8
gto
 10
28.630757
 20
19.045338
  0
VERTEX
  8
gto
 10
28.630757
 20
19.136778
  0
VERTEX
  8
gto
 10
28.607897
 20
19.182498
  0
VERTEX
  8
gto
 10
28.562177
 20
19.228218
  0
VERTEX
  8
gto
 10
28.513917
 20
19.251079
  0
VERTEX
  8
gto
 10
28.445337
 20
19.273939
  0
VERTEX
  8
gto
 10
28.331037
 20
19.273939
  0
VERTEX
  8
gto
 10
28.259917
 20
19.251079
  0
VERTEX
  8
gto
 10
28.214196
 20
19.228218
  0
VERTEX
  8
gto
 10
28.168476
 20
19.182498
  0
VERTEX
  8
gto
 10
28.145616
 20
19.136778
  0
VERTEX
  8
gto
 10
28.145616
 20
19.045338
  0
SEQEND
  8
gto
  0
POLYLINE
  8
gto
 62
1
 40
0.000000
 41
0.000000
 66
  1
  0
VERTEX
  8
gto
 10
28.145616
 20
19.426339
  0
VERTEX
  8
gto
 10
28.630757
 20
19.426339
  0
SEQEND
  8
gto
  0
POLYLINE
  8
gto
 62
1
 40
0.000000
 41
0.000000
 66
  1
  0
VERTEX
  8
gto
 10
28.145616
 20
19.426339
  0
VERTEX
  8
gto
 10
28.630757
 20
19.751460
  0
SEQEND
  8
gto
  0
POLYLINE
  8
gto
 62
1
 40
0.000000
 41
0.000000
 66
  1
  0
VERTEX
  8
gto
 10
28.145616
 20
19.751460
  0
VERTEX
  8
gto
 10
28.630757
 20
19.751460
  0
SEQEND
  8
gto
  0
POLYLINE
  8
gto
 62
1
 40
0.000000
 41
0.000000
 66
  1
  0
VERTEX
  8
gto
 10
24.370659
 20
19.033318
  0
VERTEX
  8
gto
 10
24.393519
 20
18.985058
  0
VERTEX
  8
gto
 10
24.439239
 20
18.939338
  0
VERTEX
  8
gto
 10
24.484959
 20
18.916478
  0
VERTEX
  8
gto
 10
24.556079
 20
18.893618
  0
VERTEX
  8
gto
 10
24.670379
 20
18.893618
  0
VERTEX
  8
gto
 10
24.738959
 20
18.916478
  0
VERTEX
  8
gto
 10
24.787220
 20
18.939338
  0
VERTEX
  8
gto
 10
24.832940
 20
18.985058
  0
VERTEX
  8
gto
 10
24.855800
 20
19.033318
  0
VERTEX
  8
gto
 10
24.855800
 20
19.124758
  0
VERTEX
  8
gto
 10
24.832940
 20
19.170478
  0
VERTEX
  8
gto
 10
24.787220
 20
19.216198
  0
VERTEX
  8
gto
 10
24.738959
 20
19.239058
  0
VERTEX
  8
gto
 10
24.670379
 20
19.261919
  0
VERTEX
  8
gto
 10
24.556079
 20
19.261919
  0
VERTEX
  8
gto
 10
24.484959
 20
19.239058
  0
VERTEX
  8
gto
 10
24.439239
 20
19.216198
  0
VERTEX
  8
gto
 10
24.393519
 20
19.170478
  0
VERTEX
  8
gto
 10
24.370659
 20
19.124758
  0
VERTEX
  8
gto
 10
24.370659
 20
19.033318
  0
SEQEND
  8
gto
  0
POLYLINE
  8
gto
 62
1
 40
0.000000
 41
0.000000
 66
  1
  0
VERTEX
  8
gto
 10
24.370659
 20
19.414319
  0
VERTEX
  8
gto
 10
24.855800
 20
19.414319
  0
SEQEND
  8
gto
  0
POLYLINE
  8
gto
 62
1
 40
0.000000
 41
0.000000
 66
  1
  0
VERTEX
  8
gto
 10
24.370659
 20
19.414319
  0
VERTEX
  8
gto
 10
24.855800
 20
19.739439
  0
SEQEND
  8
gto
  0
POLYLINE
  8
gto
 62
1
 40
0.000000
 41
0.000000
 66
  1
  0
VERTEX
  8
gto
 10
24.370659
 20
19.739439
  0
VERTEX
  8
gto
 10
24.855800
 20
19.739439
  0
SEQEND
  8
gto
  0
POLYLINE
  8
gto
 62
1
 40
0.000000
 41
0.000000
 66
  1
  0
VERTEX
  8
gto
 10
25.670661
 20
19.043328
  0
VERTEX
  8
gto
 10
25.693521
 20
18.995068
  0
VERTEX
  8
gto
 10
25.739241
 20
18.949348
  0
VERTEX
  8
gto
 10
25.784962
 20
18.926488
  0
VERTEX
  8
gto
 10
25.856082
 20
18.903628
  0
VERTEX
  8
gto
 10
25.970382
 20
18.903628
  0
VERTEX
  8
gto
 10
26.038962
 20
18.926488
  0
VERTEX
  8
gto
 10
26.087222
 20
18.949348
  0
VERTEX
  8
gto
 10
26.132942
 20
18.995068
  0
VERTEX
  8
gto
 10
26.155802
 20
19.043328
  0
VERTEX
  8
gto
 10
26.155802
 20
19.134768
  0
VERTEX
  8
gto
 10
26.132942
 20
19.180488
  0
VERTEX
  8
gto
 10
26.087222
 20
19.226208
  0
VERTEX
  8
gto
 10
26.038962
 20
19.249068
  0
VERTEX
  8
gto
 10
25.970382
 20
19.271929
  0
VERTEX
  8
gto
 10
25.856082
 20
19.271929
  0
VERTEX
  8
gto
 10
25.784962
 20
19.249068
  0
VERTEX
  8
gto
 10
25.739241
 20
19.226208
  0
VERTEX
  8
gto
 10
25.693521
 20
19.180488
  0
VERTEX
  8
gto
 10
25.670661
 20
19.134768
  0
VERTEX
  8
gto
 10
25.670661
 20
19.043328
  0
SEQEND
  8
gto
  0
POLYLINE
  8
gto
 62
1
 40
0.000000
 41
0.000000
 66
  1
  0
VERTEX
  8
gto
 10
25.670661
 20
19.424329
  0
VERTEX
  8
gto
 10
26.155802
 20
19.424329
  0
SEQEND
  8
gto
  0
POLYLINE
  8
gto
 62
1
 40
0.000000
 41
0.000000
 66
  1
  0
VERTEX
  8
gto
 10
25.670661
 20
19.424329
  0
VERTEX
  8
gto
 10
26.155802
 20
19.749449
  0
SEQEND
  8
gto
  0
POLYLINE
  8
gto
 62
1
 40
0.000000
 41
0.000000
 66
  1
  0
VERTEX
  8
gto
 10
25.670661
 20
19.749449
  0
VERTEX
  8
gto
 10
26.155802
 20
19.749449
  0
SEQEND
  8
gto
  0
POLYLINE
  8
gto
 62
1
 40
0.000000
 41
0.000000
 66
  1
  0
VERTEX
  8
gto
 10
26.970654
 20
19.033318
  0
VERTEX
  8
gto
 10
26.993514
 20
18.985058
  0
VERTEX
  8
gto
 10
27.039234
 20
18.939338
  0
VERTEX
  8
gto
 10
27.084954
 20
18.916478
  0
VERTEX
  8
gto
 10
27.156074
 20
18.893618
  0
VERTEX
  8
gto
 10
27.270375
 20
18.893618
  0
VERTEX
  8
gto
 10
27.338955
 20
18.916478
  0
VERTEX
  8
gto
 10
27.387215
 20
18.939338
  0
VERTEX
  8
gto
 10
27.432935
 20
18.985058
  0
VERTEX
  8
gto
 10
27.455795
 20
19.033318
  0
VERTEX
  8
gto
 10
27.455795
 20
19.124758
  0
VERTEX
  8
gto
 10
27.432935
 20
19.170478
  0
VERTEX
  8
gto
 10
27.387215
 20
19.216198
  0
VERTEX
  8
gto
 10
27.338955
 20
19.239058
  0
VERTEX
  8
gto
 10
27.270375
 20
19.261919
  0
VERTEX
  8
gto
 10
27.156074
 20
19.261919
  0
VERTEX
  8
gto
 10
27.084954
 20
19.239058
  0
VERTEX
  8
gto
 10
27.039234
 20
19.216198
  0
VERTEX
  8
gto
 10
26.993514
 20
19.170478
  0
VERTEX
  8
gto
 10
26.970654
 20
19.124758
  0
VERTEX
  8
gto
 10
26.970654
 20
19.033318
  0
SEQEND
  8
gto
  0
POLYLINE
  8
gto
 62
1
 40
0.000000
 41
0.000000
 66
  1
  0
VERTEX
  8
gto
 10
26.970654
 20
19.414319
  0
VERTEX
  8
gto
 10
27.455795
 20
19.414319
  0
SEQEND
  8
gto
  0
POLYLINE
  8
gto
 62
1
 40
0.000000
 41
0.000000
 66
  1
  0
VERTEX
  8
gto
 10
26.970654
 20
19.414319
  0
VERTEX
  8
gto
 10
27.455795
 20
19.739439
  0
SEQEND
  8
gto
  0
POLYLINE
  8
gto
 62
1
 40
0.000000
 41
0.000000
 66
  1
  0
VERTEX
  8
gto
 10
26.970654
 20
19.739439
  0
VERTEX
  8
gto
 10
27.455795
 20
19.739439
  0
SEQEND
  8
gto
  0
POLYLINE
  8
gto
 62
1
 40
0.000000
 41
0.000000
 66
  1
  0
VERTEX
  8
gto
 10
28.401827
 20
24.469899
  0
VERTEX
  8
gto
 10
28.401827
 20
23.750058
  0
VERTEX
  8
gto
 10
28.417067
 20
23.734817
  0
VERTEX
  8
gto
 10
28.951988
 20
23.734817
  0
VERTEX
  8
gto
 10
28.951988
 20
24.469899
  0
SEQEND
  8
gto
  0
POLYLINE
  8
gto
 62
1
 40
0.000000
 41
0.000000
 66
  1
  0
VERTEX
  8
gto
 10
28.401827
 20
28.335277
  0
VERTEX
  8
gto
 10
28.401827
 20
27.600195
  0
VERTEX
  8
gto
 10
28.951988
 20
27.600195
  0
VERTEX
  8
gto
 10
28.951988
 20
28.320037
  0
VERTEX
  8
gto
 10
28.937258
 20
28.335277
  0
SEQEND
  8
gto
  0
POLYLINE
  8
gto
 62
1
 40
0.000000
 41
0.000000
 66
  1
  0
VERTEX
  8
gto
 10
36.820924
 20
21.669283
  0
VERTEX
  8
gto
 10
36.806194
 20
21.654553
  0
VERTEX
  8
gto
 10
36.806194
 20
21.119122
  0
VERTEX
  8
gto
 10
37.541275
 20
21.119122
  0
VERTEX
  8
gto
 10
37.541275
 20
21.669283
  0
SEQEND
  8
gto
  0
POLYLINE
  8
gto
 62
1
 40
0.000000
 41
0.000000
 66
  1
  0
VERTEX
  8
gto
 10
40.671061
 20
21.669283
  0
VERTEX
  8
gto
 10
40.671061
 20
21.119122
  0
VERTEX
  8
gto
 10
41.390903
 20
21.119122
  0
VERTEX
  8
gto
 10
41.406143
 20
21.134362
  0
VERTEX
  8
gto
 10
41.406143
 20
21.669283
  0
SEQEND
  8
gto
  0
POLYLINE
  8
gto
 62
1
 40
0.000000
 41
0.000000
 66
  1
  0
VERTEX
  8
gto
 10
44.708149
 20
34.177288
  0
VERTEX
  8
gto
 10
44.708149
 20
33.442207
  0
VERTEX
  8
gto
 10
45.258311
 20
33.442207
  0
VERTEX
  8
gto
 10
45.258311
 20
34.162048
  0
VERTEX
  8
gto
 10
45.243070
 20
34.177288
  0
SEQEND
  8
gto
  0
POLYLINE
  8
gto
 62
1
 40
0.000000
 41
0.000000
 66
  1
  0
VERTEX
  8
gto
 10
44.708149
 20
30.311911
  0
VERTEX
  8
gto
 10
44.708149
 20
29.592069
  0
VERTEX
  8
gto
 10
44.722879
 20
29.576829
  0
VERTEX
  8
gto
 10
45.258311
 20
29.576829
  0
VERTEX
  8
gto
 10
45.258311
 20
30.311911
  0
SEQEND
  8
gto
  0
POLYLINE
  8
gto
 62
1
 40
0.000000
 41
0.000000
 66
  1
  0
VERTEX
  8
gto
 10
44.708149
 20
28.335277
  0
VERTEX
  8
gto
 10
44.708149
 20
27.600195
  0
VERTEX
  8
gto
 10
45.258311
 20
27.600195
  0
VERTEX
  8
gto
 10
45.258311
 20
28.320037
  0
VERTEX
  8
gto
 10
45.243070
 20
28.335277
  0
SEQEND
  8
gto
  0
POLYLINE
  8
gto
 62
1
 40
0.000000
 41
0.000000
 66
  1
  0
VERTEX
  8
gto
 10
44.708149
 20
24.469899
  0
VERTEX
  8
gto
 10
44.708149
 20
23.750058
  0
VERTEX
  8
gto
 10
44.722879
 20
23.734817
  0
VERTEX
  8
gto
 10
45.258311
 20
23.734817
  0
VERTEX
  8
gto
 10
45.258311
 20
24.469899
  0
SEQEND
  8
gto
  0
POLYLINE
  8
gto
 62
1
 40
0.000000
 41
0.000000
 66
  1
  0
VERTEX
  8
gto
 10
44.131058
 20
41.663703
  0
VERTEX
  8
gto
 10
44.131058
 20
40.161540
  0
VERTEX
  8
gto
 10
44.283459
 20
40.161540
  0
VERTEX
  8
gto
 10
44.283459
 20
41.663703
  0
SEQEND
  8
gto
  0
POLYLINE
  8
gto
 62
1
 40
0.000000
 41
0.000000
 66
  1
  0
VERTEX
  8
gto
 10
44.130548
 20
44.537969
  0
VERTEX
  8
gto
 10
44.130548
 20
43.035306
  0
VERTEX
  8
gto
 10
44.282949
 20
43.035306
  0
VERTEX
  8
gto
 10
44.282949
 20
44.537969
  0
SEQEND
  8
gto
  0
POLYLINE
  8
gto
 62
1
 40
0.000000
 41
0.000000
 66
  1
  0
VERTEX
  8
gto
 10
43.825748
 20
17.661155
  0
VERTEX
  8
gto
 10
43.787648
 20
17.655065
  0
VERTEX
  8
gto
 10
43.752088
 20
17.640335
  0
VERTEX
  8
gto
 10
43.735327
 20
17.630675
  0
VERTEX
  8
gto
 10
43.705867
 20
17.605275
  0
VERTEX
  8
gto
 10
43.683007
 20
17.574285
  0
VERTEX
  8
gto
 10
43.673857
 20
17.557525
  0
VERTEX
  8
gto
 10
43.662177
 20
17.520445
  0
VERTEX
  8
gto
 10
43.658107
 20
17.482345
  0
VERTEX
  8
gto
 10
43.662177
 20
17.443735
  0
VERTEX
  8
gto
 10
43.673857
 20
17.407155
  0
VERTEX
  8
gto
 10
43.693667
 20
17.374135
  0
VERTEX
  8
gto
 10
43.720087
 20
17.345695
  0
VERTEX
  8
gto
 10
43.752088
 20
17.323845
  0
VERTEX
  8
gto
 10
43.787648
 20
17.309625
  0
VERTEX
  8
gto
 10
43.825748
 20
17.303525
  0
VERTEX
  8
gto
 10
43.864358
 20
17.305555
  0
VERTEX
  8
gto
 10
43.901448
 20
17.315715
  0
VERTEX
  8
gto
 10
43.935478
 20
17.334005
  0
VERTEX
  8
gto
 10
43.964438
 20
17.359405
  0
VERTEX
  8
gto
 10
43.987808
 20
17.389885
  0
VERTEX
  8
gto
 10
44.003548
 20
17.425445
  0
VERTEX
  8
gto
 10
44.011678
 20
17.463035
  0
VERTEX
  8
gto
 10
44.011678
 20
17.501645
  0
VERTEX
  8
gto
 10
44.003548
 20
17.539235
  0
VERTEX
  8
gto
 10
43.987808
 20
17.574285
  0
VERTEX
  8
gto
 10
43.964438
 20
17.605275
  0
VERTEX
  8
gto
 10
43.935478
 20
17.630675
  0
VERTEX
  8
gto
 10
43.901448
 20
17.648455
  0
VERTEX
  8
gto
 10
43.883158
 20
17.655065
  0
VERTEX
  8
gto
 10
43.845058
 20
17.661155
  0
SEQEND
  8
gto
  0
POLYLINE
  8
gto
 62
1
 40
0.000000
 41
0.000000
 66
  1
  0
VERTEX
  8
gto
 10
12.980436
 20
26.040132
  0
VERTEX
  8
gto
 10
12.980436
 20
24.537969
  0
VERTEX
  8
gto
 10
13.132836
 20
24.537969
  0
VERTEX
  8
gto
 10
13.132836
 20
26.040132
  0
SEQEND
  8
gto
  0
POLYLINE
  8
gto
 62
1
 40
0.000000
 41
0.000000
 66
  1
  0
VERTEX
  8
gto
 10
12.980436
 20
28.494277
  0
VERTEX
  8
gto
 10
12.980436
 20
26.991614
  0
VERTEX
  8
gto
 10
13.132836
 20
26.991614
  0
VERTEX
  8
gto
 10
13.132836
 20
28.494277
  0
SEQEND
  8
gto
  0
POLYLINE
  8
gto
 62
1
 40
0.000000
 41
0.000000
 66
  1
  0
VERTEX
  8
gto
 10
12.980436
 20
30.947922
  0
VERTEX
  8
gto
 10
12.980436
 20
29.445769
  0
VERTEX
  8
gto
 10
13.132836
 20
29.445769
  0
VERTEX
  8
gto
 10
13.132836
 20
30.947922
  0
SEQEND
  8
gto
  0
POLYLINE
  8
gto
 62
1
 40
0.000000
 41
0.000000
 66
  1
  0
VERTEX
  8
gto
 10
12.980436
 20
33.402077
  0
VERTEX
  8
gto
 10
12.980436
 20
31.899414
  0
VERTEX
  8
gto
 10
13.132836
 20
31.899414
  0
VERTEX
  8
gto
 10
13.132836
 20
33.402077
  0
SEQEND
  8
gto
  0
POLYLINE
  8
gto
 62
1
 40
0.000000
 41
0.000000
 66
  1
  0
VERTEX
  8
gto
 10
12.980436
 20
38.309877
  0
VERTEX
  8
gto
 10
12.980436
 20
36.807214
  0
VERTEX
  8
gto
 10
13.132836
 20
36.807214
  0
VERTEX
  8
gto
 10
13.132836
 20
38.309877
  0
SEQEND
  8
gto
  0
POLYLINE
  8
gto
 62
1
 40
0.000000
 41
0.000000
 66
  1
  0
VERTEX
  8
gto
 10
12.980436
 20
35.855722
  0
VERTEX
  8
gto
 10
12.980436
 20
34.353059
  0
VERTEX
  8
gto
 10
13.132836
 20
34.353059
  0
VERTEX
  8
gto
 10
13.132836
 20
35.855722
  0
SEQEND
  8
gto
  0
POLYLINE
  8
gto
 62
1
 40
0.000000
 41
0.000000
 66
  1
  0
VERTEX
  8
gto
 10
12.980436
 20
23.586487
  0
VERTEX
  8
gto
 10
12.980436
 20
22.083814
  0
VERTEX
  8
gto
 10
13.132836
 20
22.083814
  0
VERTEX
  8
gto
 10
13.132836
 20
23.586487
  0
SEQEND
  8
gto
  0
POLYLINE
  8
gto
 62
1
 40
0.000000
 41
0.000000
 66
  1
  0
VERTEX
  8
gto
 10
32.766066
 20
30.248920
  0
VERTEX
  8
gto
 10
32.733045
 20
30.248410
  0
VERTEX
  8
gto
 10
32.668015
 20
30.240790
  0
VERTEX
  8
gto
 10
32.604005
 20
30.225040
  0
VERTEX
  8
gto
 10
32.543045
 20
30.201670
  0
VERTEX
  8
gto
 10
32.484625
 20
30.170680
  0
VERTEX
  8
gto
 10
32.431285
 20
30.133090
  0
VERTEX
  8
gto
 10
32.382525
 20
30.088900
  0
VERTEX
  8
gto
 10
32.339345
 20
30.039110
  0
VERTEX
  8
gto
 10
32.303275
 20
29.984760
  0
VERTEX
  8
gto
 10
32.273805
 20
29.925830
  0
VERTEX
  8
gto
 10
32.261615
 20
29.895350
  0
VERTEX
  8
gto
 10
32.243834
 20
29.832360
  0
VERTEX
  8
gto
 10
32.233674
 20
29.767330
  0
VERTEX
  8
gto
 10
32.231644
 20
29.701799
  0
VERTEX
  8
gto
 10
32.237744
 20
29.636269
  0
VERTEX
  8
gto
 10
32.251965
 20
29.572259
  0
VERTEX
  8
gto
 10
32.261615
 20
29.540759
  0
VERTEX
  8
gto
 10
32.287525
 20
29.480309
  0
VERTEX
  8
gto
 10
32.320545
 20
29.423419
  0
VERTEX
  8
gto
 10
32.360165
 20
29.371089
  0
VERTEX
  8
gto
 10
32.405885
 20
29.324359
  0
VERTEX
  8
gto
 10
32.457195
 20
29.283209
  0
VERTEX
  8
gto
 10
32.513585
 20
29.249168
  0
VERTEX
  8
gto
 10
32.573025
 20
29.221738
  0
VERTEX
  8
gto
 10
32.636015
 20
29.202438
  0
VERTEX
  8
gto
 10
32.668015
 20
29.195318
  0
VERTEX
  8
gto
 10
32.733045
 20
29.187698
  0
VERTEX
  8
gto
 10
32.799076
 20
29.187698
  0
VERTEX
  8
gto
 10
32.864106
 20
29.195318
  0
VERTEX
  8
gto
 10
32.928116
 20
29.211068
  0
VERTEX
  8
gto
 10
32.989076
 20
29.234438
  0
VERTEX
  8
gto
 10
33.047496
 20
29.265429
  0
VERTEX
  8
gto
 10
33.100836
 20
29.303019
  0
VERTEX
  8
gto
 10
33.149606
 20
29.347219
  0
VERTEX
  8
gto
 10
33.192786
 20
29.396999
  0
VERTEX
  8
gto
 10
33.228846
 20
29.451359
  0
VERTEX
  8
gto
 10
33.258317
 20
29.510279
  0
VERTEX
  8
gto
 10
33.270507
 20
29.540759
  0
VERTEX
  8
gto
 10
33.288287
 20
29.603759
  0
VERTEX
  8
gto
 10
33.298447
 20
29.668779
  0
VERTEX
  8
gto
 10
33.300477
 20
29.734309
  0
VERTEX
  8
gto
 10
33.294387
 20
29.799840
  0
VERTEX
  8
gto
 10
33.280157
 20
29.863850
  0
VERTEX
  8
gto
 10
33.270507
 20
29.895350
  0
VERTEX
  8
gto
 10
33.244596
 20
29.955800
  0
VERTEX
  8
gto
 10
33.211576
 20
30.012700
  0
VERTEX
  8
gto
 10
33.171956
 20
30.065020
  0
VERTEX
  8
gto
 10
33.126236
 20
30.111760
  0
VERTEX
  8
gto
 10
33.074926
 20
30.152900
  0
VERTEX
  8
gto
 10
33.018536
 20
30.186940
  0
VERTEX
  8
gto
 10
32.959106
 20
30.214370
  0
VERTEX
  8
gto
 10
32.896106
 20
30.233680
  0
VERTEX
  8
gto
 10
32.864106
 20
30.240790
  0
VERTEX
  8
gto
 10
32.799076
 20
30.248410
  0
SEQEND
  8
gto
  0
POLYLINE
  8
gto
 62
1
 40
0.000000
 41
0.000000
 66
  1
  0
VERTEX
  8
gto
 10
59.354329
 20
27.197354
  0
VERTEX
  8
gto
 10
58.827018
 20
26.670053
  0
VERTEX
  8
gto
 10
59.354329
 20
26.142742
  0
SEQEND
  8
gto
  0
POLYLINE
  8
gto
 62
1
 40
0.000000
 41
0.000000
 66
  1
  0
VERTEX
  8
gto
 10
43.795268
 20
21.294383
  0
VERTEX
  8
gto
 10
43.757678
 20
21.287783
  0
VERTEX
  8
gto
 10
43.721607
 20
21.273553
  0
VERTEX
  8
gto
 10
43.689607
 20
21.251713
  0
VERTEX
  8
gto
 10
43.663697
 20
21.223772
  0
VERTEX
  8
gto
 10
43.652527
 20
21.207512
  0
VERTEX
  8
gto
 10
43.636777
 20
21.172462
  0
VERTEX
  8
gto
 10
43.629157
 20
21.134872
  0
VERTEX
  8
gto
 10
43.629157
 20
21.096262
  0
VERTEX
  8
gto
 10
43.631697
 20
21.076962
  0
VERTEX
  8
gto
 10
43.643887
 20
21.040382
  0
VERTEX
  8
gto
 10
43.652527
 20
21.023112
  0
VERTEX
  8
gto
 10
43.675887
 20
20.992122
  0
VERTEX
  8
gto
 10
43.705357
 20
20.967232
  0
VERTEX
  8
gto
 10
43.739387
 20
20.948942
  0
VERTEX
  8
gto
 10
43.776478
 20
20.938782
  0
VERTEX
  8
gto
 10
43.795268
 20
20.936242
  0
VERTEX
  8
gto
 10
43.833878
 20
20.938782
  0
VERTEX
  8
gto
 10
43.870968
 20
20.948942
  0
VERTEX
  8
gto
 10
43.904998
 20
20.967232
  0
VERTEX
  8
gto
 10
43.934468
 20
20.992122
  0
VERTEX
  8
gto
 10
43.957328
 20
21.023112
  0
VERTEX
  8
gto
 10
43.973578
 20
21.058162
  0
VERTEX
  8
gto
 10
43.981198
 20
21.096262
  0
VERTEX
  8
gto
 10
43.981198
 20
21.134872
  0
VERTEX
  8
gto
 10
43.973578
 20
21.172462
  0
VERTEX
  8
gto
 10
43.957328
 20
21.207512
  0
VERTEX
  8
gto
 10
43.934468
 20
21.238502
  0
VERTEX
  8
gto
 10
43.904998
 20
21.263393
  0
VERTEX
  8
gto
 10
43.870968
 20
21.281683
  0
VERTEX
  8
gto
 10
43.833878
 20
21.292353
  0
SEQEND
  8
gto
  0
POLYLINE
  8
gto
 62
1
 40
0.000000
 41
0.000000
 66
  1
  0
VERTEX
  8
gto
 10
58.420107
 20
49.149098
  0
VERTEX
  8
gto
 10
58.420107
 20
44.160908
  0
VERTEX
  8
gto
 10
55.141800
 20
40.882592
  0
SEQEND
  8
gto
  0
POLYLINE
  8
gto
 62
1
 40
0.000000
 41
0.000000
 66
  1
  0
VERTEX
  8
gto
 10
55.753102
 20
49.149098
  0
VERTEX
  8
gto
 10
55.753102
 20
44.323089
  0
VERTEX
  8
gto
 10
55.245100
 20
43.815088
  0
SEQEND
  8
gto
  0
POLYLINE
  8
gto
 62
1
 40
0.000000
 41
0.000000
 66
  1
  0
VERTEX
  8
gto
 10
23.114546
 20
13.587777
  0
VERTEX
  8
gto
 10
22.733545
 20
13.206776
  0
VERTEX
  8
gto
 10
17.272535
 20
13.206776
  0
VERTEX
  8
gto
 10
16.637533
 20
13.841778
  0
VERTEX
  8
gto
 10
16.637533
 20
20.953792
  0
VERTEX
  8
gto
 10
17.018534
 20
21.334793
  0
VERTEX
  8
gto
 10
19.177538
 20
21.334793
  0
VERTEX
  8
gto
 10
20.058920
 20
20.453411
  0
VERTEX
  8
gto
 10
23.442207
 20
20.453411
  0
SEQEND
  8
gto
  0
POLYLINE
  8
gto
 62
1
 40
0.000000
 41
0.000000
 66
  1
  0
VERTEX
  8
gto
 10
23.442847
 20
15.853922
  0
VERTEX
  8
gto
 10
23.114036
 20
15.525111
  0
VERTEX
  8
gto
 10
23.114036
 20
13.589027
  0
SEQEND
  8
gto
  0
POLYLINE
  8
gto
 62
1
 40
0.000000
 41
0.000000
 66
  1
  0
VERTEX
  8
gto
 10
92.994406
 20
52.317775
  0
VERTEX
  8
gto
 10
92.994406
 20
52.705105
  0
VERTEX
  8
gto
 10
95.504181
 20
52.705105
  0
VERTEX
  8
gto
 10
95.504181
 20
52.451105
  0
SEQEND
  8
gto
  0
POLYLINE
  8
gto
 62
1
 40
0.000000
 41
0.000000
 66
  1
  0
VERTEX
  8
gto
 10
92.964176
 20
5.715011
  0
VERTEX
  8
gto
 10
92.964176
 20
5.207010
  0
VERTEX
  8
gto
 10
95.504181
 20
5.207010
  0
VERTEX
  8
gto
 10
95.504181
 20
5.715011
  0
SEQEND
  8
gto
  0
POLYLINE
  8
gto
 62
1
 40
0.000000
 41
0.000000
 66
  1
  0
VERTEX
  8
gto
 10
30.650061
 20
28.335047
  0
VERTEX
  8
gto
 10
30.648791
 20
23.735047
  0
SEQEND
  8
gto
  0
POLYLINE
  8
gto
 62
1
 40
0.000000
 41
0.000000
 66
  1
  0
VERTEX
  8
gto
 10
35.450061
 20
23.735047
  0
VERTEX
  8
gto
 10
28.150056
 20
23.735047
  0
SEQEND
  8
gto
  0
POLYLINE
  8
gto
 62
1
 40
0.000000
 41
0.000000
 66
  1
  0
VERTEX
  8
gto
 10
28.050056
 20
28.335047
  0
VERTEX
  8
gto
 10
35.350061
 20
28.335047
  0
SEQEND
  8
gto
  0
POLYLINE
  8
gto
 62
1
 40
0.000000
 41
0.000000
 66
  1
  0
VERTEX
  8
gto
 10
41.406143
 20
19.421329
  0
VERTEX
  8
gto
 10
36.806144
 20
19.422599
  0
SEQEND
  8
gto
  0
POLYLINE
  8
gto
 62
1
 40
0.000000
 41
0.000000
 66
  1
  0
VERTEX
  8
gto
 10
36.806144
 20
14.621329
  0
VERTEX
  8
gto
 10
36.806144
 20
21.921334
  0
SEQEND
  8
gto
  0
POLYLINE
  8
gto
 62
1
 40
0.000000
 41
0.000000
 66
  1
  0
VERTEX
  8
gto
 10
41.406143
 20
22.021334
  0
VERTEX
  8
gto
 10
41.406143
 20
14.721329
  0
SEQEND
  8
gto
  0
POLYLINE
  8
gto
 62
1
 40
0.000000
 41
0.000000
 66
  1
  0
VERTEX
  8
gto
 10
43.010076
 20
29.577059
  0
VERTEX
  8
gto
 10
43.011346
 20
34.177058
  0
SEQEND
  8
gto
  0
POLYLINE
  8
gto
 62
1
 40
0.000000
 41
0.000000
 66
  1
  0
VERTEX
  8
gto
 10
38.210076
 20
34.177058
  0
VERTEX
  8
gto
 10
45.510081
 20
34.177058
  0
SEQEND
  8
gto
  0
POLYLINE
  8
gto
 62
1
 40
0.000000
 41
0.000000
 66
  1
  0
VERTEX
  8
gto
 10
45.610081
 20
29.577059
  0
VERTEX
  8
gto
 10
38.310077
 20
29.577059
  0
SEQEND
  8
gto
  0
POLYLINE
  8
gto
 62
1
 40
0.000000
 41
0.000000
 66
  1
  0
VERTEX
  8
gto
 10
43.010076
 20
23.735047
  0
VERTEX
  8
gto
 10
43.011346
 20
28.335047
  0
SEQEND
  8
gto
  0
POLYLINE
  8
gto
 62
1
 40
0.000000
 41
0.000000
 66
  1
  0
VERTEX
  8
gto
 10
38.210076
 20
28.335047
  0
VERTEX
  8
gto
 10
45.510081
 20
28.335047
  0
SEQEND
  8
gto
  0
POLYLINE
  8
gto
 62
1
 40
0.000000
 41
0.000000
 66
  1
  0
VERTEX
  8
gto
 10
45.610081
 20
23.735047
  0
VERTEX
  8
gto
 10
38.310077
 20
23.735047
  0
SEQEND
  8
gto
  0
POLYLINE
  8
gto
 62
1
 40
0.000000
 41
0.000000
 66
  1
  0
VERTEX
  8
gto
 10
54.989400
 20
42.030324
  0
VERTEX
  8
gto
 10
53.504417
 20
42.030324
  0
SEQEND
  8
gto
  0
POLYLINE
  8
gto
 62
1
 40
0.000000
 41
0.000000
 66
  1
  0
VERTEX
  8
gto
 10
53.504417
 20
39.845110
  0
VERTEX
  8
gto
 10
54.989400
 20
39.845110
  0
SEQEND
  8
gto
  0
POLYLINE
  8
gto
 62
1
 40
0.000000
 41
0.000000
 66
  1
  0
VERTEX
  8
gto
 10
55.141800
 20
39.997510
  0
VERTEX
  8
gto
 10
55.141800
 20
41.877924
  0
SEQEND
  8
gto
  0
POLYLINE
  8
gto
 62
1
 40
0.000000
 41
0.000000
 66
  1
  0
VERTEX
  8
gto
 10
50.167000
 20
42.030324
  0
VERTEX
  8
gto
 10
51.651993
 20
42.030324
  0
SEQEND
  8
gto
  0
POLYLINE
  8
gto
 62
1
 40
0.000000
 41
0.000000
 66
  1
  0
VERTEX
  8
gto
 10
51.651993
 20
39.845110
  0
VERTEX
  8
gto
 10
50.167000
 20
39.845110
  0
SEQEND
  8
gto
  0
POLYLINE
  8
gto
 62
1
 40
0.000000
 41
0.000000
 66
  1
  0
VERTEX
  8
gto
 10
50.014600
 20
39.997510
  0
VERTEX
  8
gto
 10
50.014600
 20
41.877924
  0
SEQEND
  8
gto
  0
POLYLINE
  8
gto
 62
1
 40
0.000000
 41
0.000000
 66
  1
  0
VERTEX
  8
gto
 10
54.989300
 20
44.904190
  0
VERTEX
  8
gto
 10
53.504317
 20
44.904190
  0
SEQEND
  8
gto
  0
POLYLINE
  8
gto
 62
1
 40
0.000000
 41
0.000000
 66
  1
  0
VERTEX
  8
gto
 10
53.504317
 20
42.718965
  0
VERTEX
  8
gto
 10
54.989300
 20
42.718965
  0
SEQEND
  8
gto
  0
POLYLINE
  8
gto
 62
1
 40
0.000000
 41
0.000000
 66
  1
  0
VERTEX
  8
gto
 10
55.141700
 20
42.871366
  0
VERTEX
  8
gto
 10
55.141700
 20
44.751790
  0
SEQEND
  8
gto
  0
POLYLINE
  8
gto
 62
1
 40
0.000000
 41
0.000000
 66
  1
  0
VERTEX
  8
gto
 10
50.166900
 20
44.904190
  0
VERTEX
  8
gto
 10
51.651883
 20
44.904190
  0
SEQEND
  8
gto
  0
POLYLINE
  8
gto
 62
1
 40
0.000000
 41
0.000000
 66
  1
  0
VERTEX
  8
gto
 10
51.651883
 20
42.718965
  0
VERTEX
  8
gto
 10
50.166900
 20
42.718965
  0
SEQEND
  8
gto
  0
POLYLINE
  8
gto
 62
1
 40
0.000000
 41
0.000000
 66
  1
  0
VERTEX
  8
gto
 10
50.014500
 20
42.871366
  0
VERTEX
  8
gto
 10
50.014500
 20
44.751790
  0
SEQEND
  8
gto
  0
POLYLINE
  8
gto
 62
1
 40
0.000000
 41
0.000000
 66
  1
  0
VERTEX
  8
gto
 10
44.527099
 20
41.712723
  0
VERTEX
  8
gto
 10
44.527099
 20
41.792734
  0
VERTEX
  8
gto
 10
44.727099
 20
41.992734
  0
VERTEX
  8
gto
 10
49.687089
 20
41.992734
  0
VERTEX
  8
gto
 10
49.687089
 20
39.882720
  0
VERTEX
  8
gto
 10
44.737079
 20
39.882720
  0
SEQEND
  8
gto
  0
POLYLINE
  8
gto
 62
1
 40
0.000000
 41
0.000000
 66
  1
  0
VERTEX
  8
gto
 10
44.527099
 20
41.712723
  0
VERTEX
  8
gto
 10
44.527099
 20
40.092710
  0
VERTEX
  8
gto
 10
44.737079
 20
39.882720
  0
SEQEND
  8
gto
  0
POLYLINE
  8
gto
 62
1
 40
0.000000
 41
0.000000
 66
  1
  0
VERTEX
  8
gto
 10
44.526999
 20
44.586609
  0
VERTEX
  8
gto
 10
44.526999
 20
44.666619
  0
VERTEX
  8
gto
 10
44.726999
 20
44.866620
  0
VERTEX
  8
gto
 10
49.686989
 20
44.866620
  0
VERTEX
  8
gto
 10
49.686989
 20
42.756616
  0
VERTEX
  8
gto
 10
44.736979
 20
42.756616
  0
SEQEND
  8
gto
  0
POLYLINE
  8
gto
 62
1
 40
0.000000
 41
0.000000
 66
  1
  0
VERTEX
  8
gto
 10
44.526999
 20
44.586609
  0
VERTEX
  8
gto
 10
44.526999
 20
42.966596
  0
VERTEX
  8
gto
 10
44.736979
 20
42.756616
  0
SEQEND
  8
gto
  0
POLYLINE
  8
gto
 62
1
 40
0.000000
 41
0.000000
 66
  1
  0
VERTEX
  8
gto
 10
29.642919
 20
15.853892
  0
VERTEX
  8
gto
 10
29.003878
 20
15.853892
  0
SEQEND
  8
gto
  0
POLYLINE
  8
gto
 62
1
 40
0.000000
 41
0.000000
 66
  1
  0
VERTEX
  8
gto
 10
27.891966
 20
15.853892
  0
VERTEX
  8
gto
 10
27.733875
 20
15.853892
  0
SEQEND
  8
gto
  0
POLYLINE
  8
gto
 62
1
 40
0.000000
 41
0.000000
 66
  1
  0
VERTEX
  8
gto
 10
26.621963
 20
15.853892
  0
VERTEX
  8
gto
 10
26.463873
 20
15.853892
  0
SEQEND
  8
gto
  0
POLYLINE
  8
gto
 62
1
 40
0.000000
 41
0.000000
 66
  1
  0
VERTEX
  8
gto
 10
25.351961
 20
15.853892
  0
VERTEX
  8
gto
 10
25.193870
 20
15.853892
  0
SEQEND
  8
gto
  0
POLYLINE
  8
gto
 62
1
 40
0.000000
 41
0.000000
 66
  1
  0
VERTEX
  8
gto
 10
24.081908
 20
15.853922
  0
VERTEX
  8
gto
 10
23.442847
 20
15.853922
  0
VERTEX
  8
gto
 10
23.442847
 20
20.453871
  0
VERTEX
  8
gto
 10
24.081908
 20
20.453871
  0
SEQEND
  8
gto
  0
POLYLINE
  8
gto
 62
1
 40
0.000000
 41
0.000000
 66
  1
  0
VERTEX
  8
gto
 10
25.193870
 20
20.453891
  0
VERTEX
  8
gto
 10
25.351961
 20
20.453891
  0
SEQEND
  8
gto
  0
POLYLINE
  8
gto
 62
1
 40
0.000000
 41
0.000000
 66
  1
  0
VERTEX
  8
gto
 10
26.463873
 20
20.453891
  0
VERTEX
  8
gto
 10
26.621963
 20
20.453891
  0
SEQEND
  8
gto
  0
POLYLINE
  8
gto
 62
1
 40
0.000000
 41
0.000000
 66
  1
  0
VERTEX
  8
gto
 10
27.733875
 20
20.453891
  0
VERTEX
  8
gto
 10
27.891966
 20
20.453891
  0
SEQEND
  8
gto
  0
POLYLINE
  8
gto
 62
1
 40
0.000000
 41
0.000000
 66
  1
  0
VERTEX
  8
gto
 10
29.003878
 20
20.453891
  0
VERTEX
  8
gto
 10
29.642919
 20
20.453891
  0
VERTEX
  8
gto
 10
29.642919
 20
15.853892
  0
SEQEND
  8
gto
  0
POLYLINE
  8
gto
 62
1
 40
0.000000
 41
0.000000
 66
  1
  0
VERTEX
  8
gto
 10
24.212848
 20
16.783944
  0
VERTEX
  8
gto
 10
24.212848
 20
19.983840
  0
VERTEX
  8
gto
 10
25.012950
 20
19.983840
  0
VERTEX
  8
gto
 10
25.012950
 20
16.783944
  0
VERTEX
  8
gto
 10
24.212848
 20
16.783944
  0
SEQEND
  8
gto
  0
POLYLINE
  8
gto
 62
1
 40
0.000000
 41
0.000000
 66
  1
  0
VERTEX
  8
gto
 10
25.513081
 20
16.783944
  0
VERTEX
  8
gto
 10
25.513081
 20
19.983840
  0
VERTEX
  8
gto
 10
26.313173
 20
19.983840
  0
VERTEX
  8
gto
 10
26.313173
 20
16.783944
  0
VERTEX
  8
gto
 10
25.513081
 20
16.783944
  0
SEQEND
  8
gto
  0
POLYLINE
  8
gto
 62
1
 40
0.000000
 41
0.000000
 66
  1
  0
VERTEX
  8
gto
 10
26.813054
 20
16.783944
  0
VERTEX
  8
gto
 10
26.813054
 20
19.983840
  0
VERTEX
  8
gto
 10
27.613155
 20
19.983840
  0
VERTEX
  8
gto
 10
27.613155
 20
16.783944
  0
VERTEX
  8
gto
 10
26.813054
 20
16.783944
  0
SEQEND
  8
gto
  0
POLYLINE
  8
gto
 62
1
 40
0.000000
 41
0.000000
 66
  1
  0
VERTEX
  8
gto
 10
28.012946
 20
16.783944
  0
VERTEX
  8
gto
 10
28.012946
 20
19.983840
  0
VERTEX
  8
gto
 10
28.813048
 20
19.983840
  0
VERTEX
  8
gto
 10
28.813048
 20
16.783944
  0
VERTEX
  8
gto
 10
28.012946
 20
16.783944
  0
SEQEND
  8
gto
  0
POLYLINE
  8
gto
 62
1
 40
0.000000
 41
0.000000
 66
  1
  0
VERTEX
  8
gto
 10
43.316407
 20
17.870376
  0
VERTEX
  8
gto
 10
43.316407
 20
18.016326
  0
SEQEND
  8
gto
  0
POLYLINE
  8
gto
 62
1
 40
0.000000
 41
0.000000
 66
  1
  0
VERTEX
  8
gto
 10
43.316407
 20
16.920394
  0
VERTEX
  8
gto
 10
43.316407
 20
16.962074
  0
SEQEND
  8
gto
  0
POLYLINE
  8
gto
 62
1
 40
0.000000
 41
0.000000
 66
  1
  0
VERTEX
  8
gto
 10
43.316407
 20
15.970452
  0
VERTEX
  8
gto
 10
43.316407
 20
16.012112
  0
SEQEND
  8
gto
  0
POLYLINE
  8
gto
 62
1
 40
0.000000
 41
0.000000
 66
  1
  0
VERTEX
  8
gto
 10
43.316407
 20
14.916300
  0
VERTEX
  8
gto
 10
43.316407
 20
15.062150
  0
SEQEND
  8
gto
  0
POLYLINE
  8
gto
 62
1
 40
0.000000
 41
0.000000
 66
  1
  0
VERTEX
  8
gto
 10
45.116430
 20
17.870376
  0
VERTEX
  8
gto
 10
45.116430
 20
18.016326
  0
SEQEND
  8
gto
  0
POLYLINE
  8
gto
 62
1
 40
0.000000
 41
0.000000
 66
  1
  0
VERTEX
  8
gto
 10
45.116430
 20
15.970452
  0
VERTEX
  8
gto
 10
45.116430
 20
16.962094
  0
SEQEND
  8
gto
  0
POLYLINE
  8
gto
 62
1
 40
0.000000
 41
0.000000
 66
  1
  0
VERTEX
  8
gto
 10
45.116430
 20
14.916300
  0
VERTEX
  8
gto
 10
45.116430
 20
15.062170
  0
SEQEND
  8
gto
  0
POLYLINE
  8
gto
 62
1
 40
0.000000
 41
0.000000
 66
  1
  0
VERTEX
  8
gto
 10
45.116430
 20
14.916300
  0
VERTEX
  8
gto
 10
43.316407
 20
14.916300
  0
SEQEND
  8
gto
  0
POLYLINE
  8
gto
 62
1
 40
0.000000
 41
0.000000
 66
  1
  0
VERTEX
  8
gto
 10
45.116430
 20
18.016326
  0
VERTEX
  8
gto
 10
43.316407
 20
18.016326
  0
SEQEND
  8
gto
  0
POLYLINE
  8
gto
 62
1
 40
0.000000
 41
0.000000
 66
  1
  0
VERTEX
  8
gto
 10
13.376527
 20
26.088922
  0
VERTEX
  8
gto
 10
13.376527
 20
26.168932
  0
VERTEX
  8
gto
 10
13.576527
 20
26.368933
  0
VERTEX
  8
gto
 10
18.536517
 20
26.368933
  0
VERTEX
  8
gto
 10
18.536517
 20
24.258919
  0
VERTEX
  8
gto
 10
13.586507
 20
24.258919
  0
SEQEND
  8
gto
  0
POLYLINE
  8
gto
 62
1
 40
0.000000
 41
0.000000
 66
  1
  0
VERTEX
  8
gto
 10
13.376527
 20
26.088922
  0
VERTEX
  8
gto
 10
13.376527
 20
24.468909
  0
VERTEX
  8
gto
 10
13.586507
 20
24.258919
  0
SEQEND
  8
gto
  0
POLYLINE
  8
gto
 62
1
 40
0.000000
 41
0.000000
 66
  1
  0
VERTEX
  8
gto
 10
13.376527
 20
28.542817
  0
VERTEX
  8
gto
 10
13.376527
 20
28.622827
  0
VERTEX
  8
gto
 10
13.576527
 20
28.822828
  0
VERTEX
  8
gto
 10
18.536517
 20
28.822828
  0
VERTEX
  8
gto
 10
18.536517
 20
26.712823
  0
VERTEX
  8
gto
 10
13.586507
 20
26.712823
  0
SEQEND
  8
gto
  0
POLYLINE
  8
gto
 62
1
 40
0.000000
 41
0.000000
 66
  1
  0
VERTEX
  8
gto
 10
13.376527
 20
28.542817
  0
VERTEX
  8
gto
 10
13.376527
 20
26.922804
  0
VERTEX
  8
gto
 10
13.586507
 20
26.712823
  0
SEQEND
  8
gto
  0
POLYLINE
  8
gto
 62
1
 40
0.000000
 41
0.000000
 66
  1
  0
VERTEX
  8
gto
 10
13.376527
 20
30.996722
  0
VERTEX
  8
gto
 10
13.376527
 20
31.076732
  0
VERTEX
  8
gto
 10
13.576527
 20
31.276733
  0
VERTEX
  8
gto
 10
18.536517
 20
31.276733
  0
VERTEX
  8
gto
 10
18.536517
 20
29.166718
  0
VERTEX
  8
gto
 10
13.586507
 20
29.166718
  0
SEQEND
  8
gto
  0
POLYLINE
  8
gto
 62
1
 40
0.000000
 41
0.000000
 66
  1
  0
VERTEX
  8
gto
 10
13.376527
 20
30.996722
  0
VERTEX
  8
gto
 10
13.376527
 20
29.376699
  0
VERTEX
  8
gto
 10
13.586507
 20
29.166718
  0
SEQEND
  8
gto
  0
POLYLINE
  8
gto
 62
1
 40
0.000000
 41
0.000000
 66
  1
  0
VERTEX
  8
gto
 10
13.376527
 20
33.450597
  0
VERTEX
  8
gto
 10
13.376527
 20
33.530607
  0
VERTEX
  8
gto
 10
13.576527
 20
33.730597
  0
VERTEX
  8
gto
 10
18.536517
 20
33.730597
  0
VERTEX
  8
gto
 10
18.536517
 20
31.620593
  0
VERTEX
  8
gto
 10
13.586507
 20
31.620593
  0
SEQEND
  8
gto
  0
POLYLINE
  8
gto
 62
1
 40
0.000000
 41
0.000000
 66
  1
  0
VERTEX
  8
gto
 10
13.376527
 20
33.450597
  0
VERTEX
  8
gto
 10
13.376527
 20
31.830574
  0
VERTEX
  8
gto
 10
13.586507
 20
31.620593
  0
SEQEND
  8
gto
  0
POLYLINE
  8
gto
 62
1
 40
0.000000
 41
0.000000
 66
  1
  0
VERTEX
  8
gto
 10
13.376497
 20
38.358387
  0
VERTEX
  8
gto
 10
13.376497
 20
38.438397
  0
VERTEX
  8
gto
 10
13.576497
 20
38.638397
  0
VERTEX
  8
gto
 10
18.536497
 20
38.638397
  0
VERTEX
  8
gto
 10
18.536497
 20
36.528393
  0
VERTEX
  8
gto
 10
13.586477
 20
36.528393
  0
SEQEND
  8
gto
  0
POLYLINE
  8
gto
 62
1
 40
0.000000
 41
0.000000
 66
  1
  0
VERTEX
  8
gto
 10
13.376497
 20
38.358387
  0
VERTEX
  8
gto
 10
13.376497
 20
36.738373
  0
VERTEX
  8
gto
 10
13.586477
 20
36.528393
  0
SEQEND
  8
gto
  0
POLYLINE
  8
gto
 62
1
 40
0.000000
 41
0.000000
 66
  1
  0
VERTEX
  8
gto
 10
13.376497
 20
35.904462
  0
VERTEX
  8
gto
 10
13.376497
 20
35.984472
  0
VERTEX
  8
gto
 10
13.576497
 20
36.184472
  0
VERTEX
  8
gto
 10
18.536497
 20
36.184472
  0
VERTEX
  8
gto
 10
18.536497
 20
34.074468
  0
VERTEX
  8
gto
 10
13.586477
 20
34.074468
  0
SEQEND
  8
gto
  0
POLYLINE
  8
gto
 62
1
 40
0.000000
 41
0.000000
 66
  1
  0
VERTEX
  8
gto
 10
13.376497
 20
35.904462
  0
VERTEX
  8
gto
 10
13.376497
 20
34.284449
  0
VERTEX
  8
gto
 10
13.586477
 20
34.074468
  0
SEQEND
  8
gto
  0
POLYLINE
  8
gto
 62
1
 40
0.000000
 41
0.000000
 66
  1
  0
VERTEX
  8
gto
 10
13.376527
 20
23.635017
  0
VERTEX
  8
gto
 10
13.376527
 20
23.715027
  0
VERTEX
  8
gto
 10
13.576527
 20
23.915028
  0
VERTEX
  8
gto
 10
18.536517
 20
23.915028
  0
VERTEX
  8
gto
 10
18.536517
 20
21.805024
  0
VERTEX
  8
gto
 10
13.586507
 20
21.805024
  0
SEQEND
  8
gto
  0
POLYLINE
  8
gto
 62
1
 40
0.000000
 41
0.000000
 66
  1
  0
VERTEX
  8
gto
 10
13.376527
 20
23.635017
  0
VERTEX
  8
gto
 10
13.376527
 20
22.015004
  0
VERTEX
  8
gto
 10
13.586507
 20
21.805024
  0
SEQEND
  8
gto
  0
POLYLINE
  8
gto
 62
1
 40
0.000000
 41
0.000000
 66
  1
  0
VERTEX
  8
gto
 10
30.787702
 20
16.865094
  0
VERTEX
  8
gto
 10
35.787702
 20
16.865094
  0
SEQEND
  8
gto
  0
POLYLINE
  8
gto
 62
1
 40
0.000000
 41
0.000000
 66
  1
  0
VERTEX
  8
gto
 10
30.787702
 20
19.865100
  0
VERTEX
  8
gto
 10
35.787702
 20
19.865100
  0
SEQEND
  8
gto
  0
POLYLINE
  8
gto
 62
1
 40
0.000000
 41
0.000000
 66
  1
  0
VERTEX
  8
gto
 10
30.787702
 20
16.865094
  0
VERTEX
  8
gto
 10
30.787702
 20
17.638525
  0
SEQEND
  8
gto
  0
POLYLINE
  8
gto
 62
1
 40
0.000000
 41
0.000000
 66
  1
  0
VERTEX
  8
gto
 10
30.787702
 20
19.865100
  0
VERTEX
  8
gto
 10
30.787702
 20
19.091388
  0
SEQEND
  8
gto
  0
POLYLINE
  8
gto
 62
1
 40
0.000000
 41
0.000000
 66
  1
  0
VERTEX
  8
gto
 10
35.787702
 20
19.865100
  0
VERTEX
  8
gto
 10
35.787702
 20
16.865094
  0
SEQEND
  8
gto
  0
POLYLINE
  8
gto
 62
1
 40
0.000000
 41
0.000000
 66
  1
  0
VERTEX
  8
gto
 10
8.509087
 20
38.939998
  0
VERTEX
  8
gto
 10
8.509087
 20
38.255137
  0
SEQEND
  8
gto
  0
POLYLINE
  8
gto
 62
1
 40
0.000000
 41
0.000000
 66
  1
  0
VERTEX
  8
gto
 10
8.509087
 20
43.787168
  0
VERTEX
  8
gto
 10
8.509087
 20
43.102306
  0
SEQEND
  8
gto
  0
POLYLINE
  8
gto
 62
1
 40
0.000000
 41
0.000000
 66
  1
  0
VERTEX
  8
gto
 10
4.393109
 20
37.021174
  0
VERTEX
  8
gto
 10
6.275023
 20
37.021174
  0
SEQEND
  8
gto
  0
POLYLINE
  8
gto
 62
1
 40
0.000000
 41
0.000000
 66
  1
  0
VERTEX
  8
gto
 10
-0.890932
 20
37.021174
  0
VERTEX
  8
gto
 10
1.525063
 20
37.021174
  0
SEQEND
  8
gto
  0
POLYLINE
  8
gto
 62
1
 40
0.000000
 41
0.000000
 66
  1
  0
VERTEX
  8
gto
 10
4.393109
 20
45.021130
  0
VERTEX
  8
gto
 10
6.275023
 20
45.021130
  0
SEQEND
  8
gto
  0
POLYLINE
  8
gto
 62
1
 40
0.000000
 41
0.000000
 66
  1
  0
VERTEX
  8
gto
 10
-0.890932
 20
45.021130
  0
VERTEX
  8
gto
 10
1.525063
 20
45.021130
  0
SEQEND
  8
gto
  0
POLYLINE
  8
gto
 62
1
 40
0.000000
 41
0.000000
 66
  1
  0
VERTEX
  8
gto
 10
-0.890932
 20
37.021174
  0
VERTEX
  8
gto
 10
-0.890932
 20
45.021130
  0
SEQEND
  8
gto
  0
POLYLINE
  8
gto
 62
1
 40
0.000000
 41
0.000000
 66
  1
  0
VERTEX
  8
gto
 10
2.127854
 20
52.369745
  0
VERTEX
  8
gto
 10
8.327837
 20
52.369745
  0
SEQEND
  8
gto
  0
POLYLINE
  8
gto
 62
1
 40
0.000000
 41
0.000000
 66
  1
  0
VERTEX
  8
gto
 10
2.127854
 20
46.169792
  0
VERTEX
  8
gto
 10
8.327837
 20
46.169792
  0
SEQEND
  8
gto
  0
POLYLINE
  8
gto
 62
1
 40
0.000000
 41
0.000000
 66
  1
  0
VERTEX
  8
gto
 10
2.127854
 20
52.369745
  0
VERTEX
  8
gto
 10
2.127854
 20
52.100914
  0
SEQEND
  8
gto
  0
POLYLINE
  8
gto
 62
1
 40
0.000000
 41
0.000000
 66
  1
  0
VERTEX
  8
gto
 10
2.127854
 20
50.438631
  0
VERTEX
  8
gto
 10
2.127854
 20
48.100906
  0
SEQEND
  8
gto
  0
POLYLINE
  8
gto
 62
1
 40
0.000000
 41
0.000000
 66
  1
  0
VERTEX
  8
gto
 10
2.127854
 20
46.438633
  0
VERTEX
  8
gto
 10
2.127854
 20
46.169792
  0
SEQEND
  8
gto
  0
POLYLINE
  8
gto
 62
1
 40
0.000000
 41
0.000000
 66
  1
  0
VERTEX
  8
gto
 10
8.327837
 20
52.369745
  0
VERTEX
  8
gto
 10
8.327837
 20
52.100914
  0
SEQEND
  8
gto
  0
POLYLINE
  8
gto
 62
1
 40
0.000000
 41
0.000000
 66
  1
  0
VERTEX
  8
gto
 10
8.327837
 20
50.438631
  0
VERTEX
  8
gto
 10
8.327837
 20
48.100906
  0
SEQEND
  8
gto
  0
POLYLINE
  8
gto
 62
1
 40
0.000000
 41
0.000000
 66
  1
  0
VERTEX
  8
gto
 10
8.327837
 20
46.438633
  0
VERTEX
  8
gto
 10
8.327837
 20
46.169792
  0
SEQEND
  8
gto
  0
POLYLINE
  8
gto
 62
1
 40
0.000000
 41
0.000000
 66
  1
  0
VERTEX
  8
gto
 10
33.371417
 20
40.967182
  0
VERTEX
  8
gto
 10
35.088820
 20
40.967182
  0
VERTEX
  8
gto
 10
35.088820
 20
41.998804
  0
SEQEND
  8
gto
  0
POLYLINE
  8
gto
 62
1
 40
0.000000
 41
0.000000
 66
  1
  0
VERTEX
  8
gto
 10
33.371417
 20
44.019608
  0
VERTEX
  8
gto
 10
35.088820
 20
44.019608
  0
VERTEX
  8
gto
 10
35.088820
 20
42.987976
  0
SEQEND
  8
gto
  0
POLYLINE
  8
gto
 62
1
 40
0.000000
 41
0.000000
 66
  1
  0
VERTEX
  8
gto
 10
33.371417
 20
42.037994
  0
VERTEX
  8
gto
 10
33.371417
 20
42.948786
  0
SEQEND
  8
gto
  0
POLYLINE
  8
gto
 62
1
 40
0.000000
 41
0.000000
 66
  1
  0
VERTEX
  8
gto
 10
13.788718
 20
42.112394
  0
VERTEX
  8
gto
 10
13.788718
 20
40.969392
  0
VERTEX
  8
gto
 10
13.788718
 20
40.842392
  0
VERTEX
  8
gto
 10
14.042718
 20
40.588391
  0
VERTEX
  8
gto
 10
15.439721
 20
40.588391
  0
VERTEX
  8
gto
 10
15.566721
 20
40.588391
  0
VERTEX
  8
gto
 10
15.820722
 20
40.842392
  0
VERTEX
  8
gto
 10
15.820722
 20
42.112394
  0
SEQEND
  8
gto
  0
POLYLINE
  8
gto
 62
1
 40
0.000000
 41
0.000000
 66
  1
  0
VERTEX
  8
gto
 10
15.820722
 20
42.874396
  0
VERTEX
  8
gto
 10
15.820722
 20
44.017398
  0
VERTEX
  8
gto
 10
15.820722
 20
44.144398
  0
VERTEX
  8
gto
 10
15.566721
 20
44.398399
  0
VERTEX
  8
gto
 10
14.169718
 20
44.398399
  0
VERTEX
  8
gto
 10
14.042718
 20
44.398399
  0
VERTEX
  8
gto
 10
13.788718
 20
44.144398
  0
VERTEX
  8
gto
 10
13.788718
 20
42.874396
  0
SEQEND
  8
gto
  0
POLYLINE
  8
gto
 62
1
 40
0.000000
 41
0.000000
 66
  1
  0
VERTEX
  8
gto
 10
41.930904
 20
52.063774
  0
VERTEX
  8
gto
 10
23.515867
 20
52.063774
  0
SEQEND
  8
gto
  0
POLYLINE
  8
gto
 62
1
 40
0.000000
 41
0.000000
 66
  1
  0
VERTEX
  8
gto
 10
41.930904
 20
52.063774
  0
VERTEX
  8
gto
 10
41.930904
 20
49.523769
  0
VERTEX
  8
gto
 10
21.610863
 20
49.523769
  0
VERTEX
  8
gto
 10
21.610863
 20
52.063774
  0
VERTEX
  8
gto
 10
23.515867
 20
52.063774
  0
SEQEND
  8
gto
  0
POLYLINE
  8
gto
 62
1
 40
0.000000
 41
0.000000
 66
  1
  0
VERTEX
  8
gto
 10
43.454907
 20
49.523769
  0
VERTEX
  8
gto
 10
61.869944
 20
49.523769
  0
SEQEND
  8
gto
  0
POLYLINE
  8
gto
 62
1
 40
0.000000
 41
0.000000
 66
  1
  0
VERTEX
  8
gto
 10
43.454907
 20
49.523769
  0
VERTEX
  8
gto
 10
43.454907
 20
52.063774
  0
VERTEX
  8
gto
 10
63.774948
 20
52.063774
  0
VERTEX
  8
gto
 10
63.774948
 20
49.523769
  0
VERTEX
  8
gto
 10
61.869944
 20
49.523769
  0
SEQEND
  8
gto
  0
POLYLINE
  8
gto
 62
1
 40
0.000000
 41
0.000000
 66
  1
  0
VERTEX
  8
gto
 10
45.994912
 20
3.803678
  0
VERTEX
  8
gto
 10
27.579875
 20
3.803678
  0
SEQEND
  8
gto
  0
POLYLINE
  8
gto
 62
1
 40
0.000000
 41
0.000000
 66
  1
  0
VERTEX
  8
gto
 10
45.994912
 20
3.803678
  0
VERTEX
  8
gto
 10
45.994912
 20
1.263673
  0
VERTEX
  8
gto
 10
25.674871
 20
1.263673
  0
VERTEX
  8
gto
 10
25.674871
 20
3.803678
  0
VERTEX
  8
gto
 10
27.579875
 20
3.803678
  0
SEQEND
  8
gto
  0
POLYLINE
  8
gto
 62
1
 40
0.000000
 41
0.000000
 66
  1
  0
VERTEX
  8
gto
 10
86.634993
 20
52.063774
  0
VERTEX
  8
gto
 10
68.219956
 20
52.063774
  0
SEQEND
  8
gto
  0
POLYLINE
  8
gto
 62
1
 40
0.000000
 41
0.000000
 66
  1
  0
VERTEX
  8
gto
 10
86.634993
 20
52.063774
  0
VERTEX
  8
gto
 10
86.634993
 20
49.523769
  0
VERTEX
  8
gto
 10
66.314953
 20
49.523769
  0
VERTEX
  8
gto
 10
66.314953
 20
52.063774
  0
VERTEX
  8
gto
 10
68.219956
 20
52.063774
  0
SEQEND
  8
gto
  0
POLYLINE
  8
gto
 62
1
 40
0.000000
 41
0.000000
 66
  1
  0
VERTEX
  8
gto
 10
91.715003
 20
3.803678
  0
VERTEX
  8
gto
 10
73.299967
 20
3.803678
  0
SEQEND
  8
gto
  0
POLYLINE
  8
gto
 62
1
 40
0.000000
 41
0.000000
 66
  1
  0
VERTEX
  8
gto
 10
91.715003
 20
3.803678
  0
VERTEX
  8
gto
 10
91.715003
 20
1.263673
  0
VERTEX
  8
gto
 10
71.394963
 20
1.263673
  0
VERTEX
  8
gto
 10
71.394963
 20
3.803678
  0
VERTEX
  8
gto
 10
73.299967
 20
3.803678
  0
SEQEND
  8
gto
  0
POLYLINE
  8
gto
 62
1
 40
0.000000
 41
0.000000
 66
  1
  0
VERTEX
  8
gto
 10
68.854958
 20
3.803678
  0
VERTEX
  8
gto
 10
50.439921
 20
3.803678
  0
SEQEND
  8
gto
  0
POLYLINE
  8
gto
 62
1
 40
0.000000
 41
0.000000
 66
  1
  0
VERTEX
  8
gto
 10
68.854958
 20
3.803678
  0
VERTEX
  8
gto
 10
68.854958
 20
1.263673
  0
VERTEX
  8
gto
 10
48.534917
 20
1.263673
  0
VERTEX
  8
gto
 10
48.534917
 20
3.803678
  0
VERTEX
  8
gto
 10
50.439921
 20
3.803678
  0
SEQEND
  8
gto
  0
POLYLINE
  8
gto
 62
1
 40
0.000000
 41
0.000000
 66
  1
  0
VERTEX
  8
gto
 10
36.830064
 20
45.033400
  0
VERTEX
  8
gto
 10
41.910074
 20
45.033400
  0
VERTEX
  8
gto
 10
41.910074
 20
39.953390
  0
VERTEX
  8
gto
 10
36.830064
 20
39.953390
  0
VERTEX
  8
gto
 10
36.830064
 20
45.033400
  0
SEQEND
  8
gto
  0
POLYLINE
  8
gto
 62
1
 40
0.000000
 41
0.000000
 66
  1
  0
VERTEX
  8
gto
 10
96.795144
 20
52.317775
  0
VERTEX
  8
gto
 10
96.795144
 20
6.089682
  0
VERTEX
  8
gto
 10
91.715133
 20
6.089682
  0
VERTEX
  8
gto
 10
91.715133
 20
52.317775
  0
VERTEX
  8
gto
 10
96.795144
 20
52.317775
  0
SEQEND
  8
gto
  0
POLYLINE
  8
gto
 62
1
 40
0.000000
 41
0.000000
 66
  1
  0
VERTEX
  8
gto
 10
94.255139
 20
52.317775
  0
VERTEX
  8
gto
 10
94.255139
 20
49.523769
  0
VERTEX
  8
gto
 10
91.715133
 20
49.523769
  0
SEQEND
  8
gto
  0
POLYLINE
  8
gto
 62
1
 40
0.000000
 41
0.000000
 66
  1
  0
VERTEX
  8
gto
 10
19.100428
 20
6.195802
  0
VERTEX
  8
gto
 10
19.100428
 20
4.710819
  0
SEQEND
  8
gto
  0
POLYLINE
  8
gto
 62
1
 40
0.000000
 41
0.000000
 66
  1
  0
VERTEX
  8
gto
 10
21.285643
 20
4.710819
  0
VERTEX
  8
gto
 10
21.285643
 20
6.195802
  0
SEQEND
  8
gto
  0
POLYLINE
  8
gto
 62
1
 40
0.000000
 41
0.000000
 66
  1
  0
VERTEX
  8
gto
 10
21.133242
 20
6.348203
  0
VERTEX
  8
gto
 10
19.252829
 20
6.348203
  0
SEQEND
  8
gto
  0
POLYLINE
  8
gto
 62
1
 40
0.000000
 41
0.000000
 66
  1
  0
VERTEX
  8
gto
 10
19.100428
 20
1.373403
  0
VERTEX
  8
gto
 10
19.100428
 20
2.858386
  0
SEQEND
  8
gto
  0
POLYLINE
  8
gto
 62
1
 40
0.000000
 41
0.000000
 66
  1
  0
VERTEX
  8
gto
 10
21.285643
 20
2.858386
  0
VERTEX
  8
gto
 10
21.285643
 20
1.373403
  0
SEQEND
  8
gto
  0
POLYLINE
  8
gto
 62
1
 40
0.000000
 41
0.000000
 66
  1
  0
VERTEX
  8
gto
 10
21.133242
 20
1.221002
  0
VERTEX
  8
gto
 10
19.252829
 20
1.221002
  0
SEQEND
  8
gto
  0
POLYLINE
  8
gto
 62
1
 40
0.000000
 41
0.000000
 66
  1
  0
VERTEX
  8
gto
 10
21.843634
 20
6.195802
  0
VERTEX
  8
gto
 10
21.843634
 20
4.710819
  0
SEQEND
  8
gto
  0
POLYLINE
  8
gto
 62
1
 40
0.000000
 41
0.000000
 66
  1
  0
VERTEX
  8
gto
 10
24.028848
 20
4.710819
  0
VERTEX
  8
gto
 10
24.028848
 20
6.195802
  0
SEQEND
  8
gto
  0
POLYLINE
  8
gto
 62
1
 40
0.000000
 41
0.000000
 66
  1
  0
VERTEX
  8
gto
 10
23.876448
 20
6.348203
  0
VERTEX
  8
gto
 10
21.996034
 20
6.348203
  0
SEQEND
  8
gto
  0
POLYLINE
  8
gto
 62
1
 40
0.000000
 41
0.000000
 66
  1
  0
VERTEX
  8
gto
 10
21.843634
 20
1.373403
  0
VERTEX
  8
gto
 10
21.843634
 20
2.858386
  0
SEQEND
  8
gto
  0
POLYLINE
  8
gto
 62
1
 40
0.000000
 41
0.000000
 66
  1
  0
VERTEX
  8
gto
 10
24.028848
 20
2.858386
  0
VERTEX
  8
gto
 10
24.028848
 20
1.373403
  0
SEQEND
  8
gto
  0
POLYLINE
  8
gto
 62
1
 40
0.000000
 41
0.000000
 66
  1
  0
VERTEX
  8
gto
 10
23.876448
 20
1.221002
  0
VERTEX
  8
gto
 10
21.996034
 20
1.221002
  0
SEQEND
  8
gto
  0
POLYLINE
  8
gto
 62
1
 40
0.000000
 41
0.000000
 66
  1
  0
VERTEX
  8
gto
 10
36.927984
 20
7.875816
  0
VERTEX
  8
gto
 10
36.927984
 20
9.360799
  0
SEQEND
  8
gto
  0
POLYLINE
  8
gto
 62
1
 40
0.000000
 41
0.000000
 66
  1
  0
VERTEX
  8
gto
 10
34.742769
 20
9.360799
  0
VERTEX
  8
gto
 10
34.742769
 20
7.875816
  0
SEQEND
  8
gto
  0
POLYLINE
  8
gto
 62
1
 40
0.000000
 41
0.000000
 66
  1
  0
VERTEX
  8
gto
 10
34.895170
 20
7.723415
  0
VERTEX
  8
gto
 10
36.775584
 20
7.723415
  0
SEQEND
  8
gto
  0
POLYLINE
  8
gto
 62
1
 40
0.000000
 41
0.000000
 66
  1
  0
VERTEX
  8
gto
 10
36.927984
 20
12.698215
  0
VERTEX
  8
gto
 10
36.927984
 20
11.213232
  0
SEQEND
  8
gto
  0
POLYLINE
  8
gto
 62
1
 40
0.000000
 41
0.000000
 66
  1
  0
VERTEX
  8
gto
 10
34.742769
 20
11.213232
  0
VERTEX
  8
gto
 10
34.742769
 20
12.698215
  0
SEQEND
  8
gto
  0
POLYLINE
  8
gto
 62
1
 40
0.000000
 41
0.000000
 66
  1
  0
VERTEX
  8
gto
 10
34.895170
 20
12.850616
  0
VERTEX
  8
gto
 10
36.775584
 20
12.850616
  0
SEQEND
  8
gto
  0
POLYLINE
  8
gto
 62
1
 40
0.000000
 41
0.000000
 66
  1
  0
VERTEX
  8
gto
 10
34.313859
 20
7.875816
  0
VERTEX
  8
gto
 10
34.313859
 20
9.360799
  0
SEQEND
  8
gto
  0
POLYLINE
  8
gto
 62
1
 40
0.000000
 41
0.000000
 66
  1
  0
VERTEX
  8
gto
 10
32.128644
 20
9.360799
  0
VERTEX
  8
gto
 10
32.128644
 20
7.875816
  0
SEQEND
  8
gto
  0
POLYLINE
  8
gto
 62
1
 40
0.000000
 41
0.000000
 66
  1
  0
VERTEX
  8
gto
 10
32.281045
 20
7.723415
  0
VERTEX
  8
gto
 10
34.161458
 20
7.723415
  0
SEQEND
  8
gto
  0
POLYLINE
  8
gto
 62
1
 40
0.000000
 41
0.000000
 66
  1
  0
VERTEX
  8
gto
 10
34.313859
 20
12.698215
  0
VERTEX
  8
gto
 10
34.313859
 20
11.213232
  0
SEQEND
  8
gto
  0
POLYLINE
  8
gto
 62
1
 40
0.000000
 41
0.000000
 66
  1
  0
VERTEX
  8
gto
 10
32.128644
 20
11.213232
  0
VERTEX
  8
gto
 10
32.128644
 20
12.698215
  0
SEQEND
  8
gto
  0
POLYLINE
  8
gto
 62
1
 40
0.000000
 41
0.000000
 66
  1
  0
VERTEX
  8
gto
 10
32.281045
 20
12.850616
  0
VERTEX
  8
gto
 10
34.161458
 20
12.850616
  0
SEQEND
  8
gto
  0
POLYLINE
  8
gto
 62
1
 40
0.000000
 41
0.000000
 66
  1
  0
VERTEX
  8
gto
 10
39.542059
 20
7.875916
  0
VERTEX
  8
gto
 10
39.542059
 20
9.360909
  0
SEQEND
  8
gto
  0
POLYLINE
  8
gto
 62
1
 40
0.000000
 41
0.000000
 66
  1
  0
VERTEX
  8
gto
 10
37.356845
 20
9.360909
  0
VERTEX
  8
gto
 10
37.356845
 20
7.875916
  0
SEQEND
  8
gto
  0
POLYLINE
  8
gto
 62
1
 40
0.000000
 41
0.000000
 66
  1
  0
VERTEX
  8
gto
 10
37.509245
 20
7.723515
  0
VERTEX
  8
gto
 10
39.389659
 20
7.723515
  0
SEQEND
  8
gto
  0
POLYLINE
  8
gto
 62
1
 40
0.000000
 41
0.000000
 66
  1
  0
VERTEX
  8
gto
 10
39.542059
 20
12.698315
  0
VERTEX
  8
gto
 10
39.542059
 20
11.213332
  0
SEQEND
  8
gto
  0
POLYLINE
  8
gto
 62
1
 40
0.000000
 41
0.000000
 66
  1
  0
VERTEX
  8
gto
 10
37.356845
 20
11.213332
  0
VERTEX
  8
gto
 10
37.356845
 20
12.698315
  0
SEQEND
  8
gto
  0
POLYLINE
  8
gto
 62
1
 40
0.000000
 41
0.000000
 66
  1
  0
VERTEX
  8
gto
 10
37.509245
 20
12.850716
  0
VERTEX
  8
gto
 10
39.389659
 20
12.850716
  0
SEQEND
  8
gto
  0
POLYLINE
  8
gto
 62
1
 40
0.000000
 41
0.000000
 66
  1
  0
VERTEX
  8
gto
 10
42.156334
 20
7.875916
  0
VERTEX
  8
gto
 10
42.156334
 20
9.360909
  0
SEQEND
  8
gto
  0
POLYLINE
  8
gto
 62
1
 40
0.000000
 41
0.000000
 66
  1
  0
VERTEX
  8
gto
 10
39.971120
 20
9.360909
  0
VERTEX
  8
gto
 10
39.971120
 20
7.875916
  0
SEQEND
  8
gto
  0
POLYLINE
  8
gto
 62
1
 40
0.000000
 41
0.000000
 66
  1
  0
VERTEX
  8
gto
 10
40.123520
 20
7.723515
  0
VERTEX
  8
gto
 10
42.003934
 20
7.723515
  0
SEQEND
  8
gto
  0
POLYLINE
  8
gto
 62
1
 40
0.000000
 41
0.000000
 66
  1
  0
VERTEX
  8
gto
 10
42.156334
 20
12.698315
  0
VERTEX
  8
gto
 10
42.156334
 20
11.213332
  0
SEQEND
  8
gto
  0
POLYLINE
  8
gto
 62
1
 40
0.000000
 41
0.000000
 66
  1
  0
VERTEX
  8
gto
 10
39.971120
 20
11.213332
  0
VERTEX
  8
gto
 10
39.971120
 20
12.698315
  0
SEQEND
  8
gto
  0
POLYLINE
  8
gto
 62
1
 40
0.000000
 41
0.000000
 66
  1
  0
VERTEX
  8
gto
 10
40.123520
 20
12.850716
  0
VERTEX
  8
gto
 10
42.003934
 20
12.850716
  0
SEQEND
  8
gto
  0
POLYLINE
  8
gto
 62
1
 40
0.000000
 41
0.000000
 66
  1
  0
VERTEX
  8
gto
 10
24.221458
 20
44.904590
  0
VERTEX
  8
gto
 10
24.221458
 20
43.419607
  0
SEQEND
  8
gto
  0
POLYLINE
  8
gto
 62
1
 40
0.000000
 41
0.000000
 66
  1
  0
VERTEX
  8
gto
 10
26.406673
 20
43.419607
  0
VERTEX
  8
gto
 10
26.406673
 20
44.904590
  0
SEQEND
  8
gto
  0
POLYLINE
  8
gto
 62
1
 40
0.000000
 41
0.000000
 66
  1
  0
VERTEX
  8
gto
 10
26.254273
 20
45.056990
  0
VERTEX
  8
gto
 10
24.373859
 20
45.056990
  0
SEQEND
  8
gto
  0
POLYLINE
  8
gto
 62
1
 40
0.000000
 41
0.000000
 66
  1
  0
VERTEX
  8
gto
 10
24.221458
 20
40.082190
  0
VERTEX
  8
gto
 10
24.221458
 20
41.567183
  0
SEQEND
  8
gto
  0
POLYLINE
  8
gto
 62
1
 40
0.000000
 41
0.000000
 66
  1
  0
VERTEX
  8
gto
 10
26.406673
 20
41.567183
  0
VERTEX
  8
gto
 10
26.406673
 20
40.082190
  0
SEQEND
  8
gto
  0
POLYLINE
  8
gto
 62
1
 40
0.000000
 41
0.000000
 66
  1
  0
VERTEX
  8
gto
 10
26.254273
 20
39.929790
  0
VERTEX
  8
gto
 10
24.373859
 20
39.929790
  0
SEQEND
  8
gto
  0
POLYLINE
  8
gto
 62
1
 40
0.000000
 41
0.000000
 66
  1
  0
VERTEX
  8
gto
 10
18.928448
 20
44.904590
  0
VERTEX
  8
gto
 10
18.928448
 20
43.419607
  0
SEQEND
  8
gto
  0
POLYLINE
  8
gto
 62
1
 40
0.000000
 41
0.000000
 66
  1
  0
VERTEX
  8
gto
 10
21.113662
 20
43.419607
  0
VERTEX
  8
gto
 10
21.113662
 20
44.904590
  0
SEQEND
  8
gto
  0
POLYLINE
  8
gto
 62
1
 40
0.000000
 41
0.000000
 66
  1
  0
VERTEX
  8
gto
 10
20.961262
 20
45.056990
  0
VERTEX
  8
gto
 10
19.080848
 20
45.056990
  0
SEQEND
  8
gto
  0
POLYLINE
  8
gto
 62
1
 40
0.000000
 41
0.000000
 66
  1
  0
VERTEX
  8
gto
 10
18.928448
 20
40.082190
  0
VERTEX
  8
gto
 10
18.928448
 20
41.567183
  0
SEQEND
  8
gto
  0
POLYLINE
  8
gto
 62
1
 40
0.000000
 41
0.000000
 66
  1
  0
VERTEX
  8
gto
 10
21.113662
 20
41.567183
  0
VERTEX
  8
gto
 10
21.113662
 20
40.082190
  0
SEQEND
  8
gto
  0
POLYLINE
  8
gto
 62
1
 40
0.000000
 41
0.000000
 66
  1
  0
VERTEX
  8
gto
 10
20.961262
 20
39.929790
  0
VERTEX
  8
gto
 10
19.080848
 20
39.929790
  0
SEQEND
  8
gto
  0
POLYLINE
  8
gto
 62
1
 40
0.000000
 41
0.000000
 66
  1
  0
VERTEX
  8
gto
 10
16.281963
 20
44.904590
  0
VERTEX
  8
gto
 10
16.281963
 20
43.419607
  0
SEQEND
  8
gto
  0
POLYLINE
  8
gto
 62
1
 40
0.000000
 41
0.000000
 66
  1
  0
VERTEX
  8
gto
 10
18.467177
 20
43.419607
  0
VERTEX
  8
gto
 10
18.467177
 20
44.904590
  0
SEQEND
  8
gto
  0
POLYLINE
  8
gto
 62
1
 40
0.000000
 41
0.000000
 66
  1
  0
VERTEX
  8
gto
 10
18.314777
 20
45.056990
  0
VERTEX
  8
gto
 10
16.434363
 20
45.056990
  0
SEQEND
  8
gto
  0
POLYLINE
  8
gto
 62
1
 40
0.000000
 41
0.000000
 66
  1
  0
VERTEX
  8
gto
 10
16.281963
 20
40.082190
  0
VERTEX
  8
gto
 10
16.281963
 20
41.567183
  0
SEQEND
  8
gto
  0
POLYLINE
  8
gto
 62
1
 40
0.000000
 41
0.000000
 66
  1
  0
VERTEX
  8
gto
 10
18.467177
 20
41.567183
  0
VERTEX
  8
gto
 10
18.467177
 20
40.082190
  0
SEQEND
  8
gto
  0
POLYLINE
  8
gto
 62
1
 40
0.000000
 41
0.000000
 66
  1
  0
VERTEX
  8
gto
 10
18.314777
 20
39.929790
  0
VERTEX
  8
gto
 10
16.434363
 20
39.929790
  0
SEQEND
  8
gto
  0
POLYLINE
  8
gto
 62
1
 40
0.000000
 41
0.000000
 66
  1
  0
VERTEX
  8
gto
 10
55.161490
 20
23.051606
  0
VERTEX
  8
gto
 10
54.111448
 20
22.001574
  0
SEQEND
  8
gto
  0
POLYLINE
  8
gto
 62
1
 40
0.000000
 41
0.000000
 66
  1
  0
VERTEX
  8
gto
 10
55.656641
 20
20.456381
  0
VERTEX
  8
gto
 10
56.706673
 20
21.506423
  0
SEQEND
  8
gto
  0
POLYLINE
  8
gto
 62
1
 40
0.000000
 41
0.000000
 66
  1
  0
VERTEX
  8
gto
 10
56.706673
 20
21.721943
  0
VERTEX
  8
gto
 10
55.377011
 20
23.051606
  0
SEQEND
  8
gto
  0
POLYLINE
  8
gto
 62
1
 40
0.000000
 41
0.000000
 66
  1
  0
VERTEX
  8
gto
 10
51.751534
 20
19.641649
  0
VERTEX
  8
gto
 10
52.801566
 20
20.691691
  0
SEQEND
  8
gto
  0
POLYLINE
  8
gto
 62
1
 40
0.000000
 41
0.000000
 66
  1
  0
VERTEX
  8
gto
 10
54.346759
 20
19.146498
  0
VERTEX
  8
gto
 10
53.296717
 20
18.096466
  0
SEQEND
  8
gto
  0
POLYLINE
  8
gto
 62
1
 40
0.000000
 41
0.000000
 66
  1
  0
VERTEX
  8
gto
 10
53.081196
 20
18.096466
  0
VERTEX
  8
gto
 10
51.751534
 20
19.426129
  0
SEQEND
  8
gto
  0
POLYLINE
  8
gto
 62
1
 40
0.000000
 41
0.000000
 66
  1
  0
VERTEX
  8
gto
 10
60.834162
 20
17.378865
  0
VERTEX
  8
gto
 10
59.784120
 20
16.328823
  0
SEQEND
  8
gto
  0
POLYLINE
  8
gto
 62
1
 40
0.000000
 41
0.000000
 66
  1
  0
VERTEX
  8
gto
 10
61.329303
 20
14.783640
  0
VERTEX
  8
gto
 10
62.379345
 20
15.833672
  0
SEQEND
  8
gto
  0
POLYLINE
  8
gto
 62
1
 40
0.000000
 41
0.000000
 66
  1
  0
VERTEX
  8
gto
 10
62.379345
 20
16.049192
  0
VERTEX
  8
gto
 10
61.049682
 20
17.378865
  0
SEQEND
  8
gto
  0
POLYLINE
  8
gto
 62
1
 40
0.000000
 41
0.000000
 66
  1
  0
VERTEX
  8
gto
 10
57.424205
 20
13.968908
  0
VERTEX
  8
gto
 10
58.474237
 20
15.018940
  0
SEQEND
  8
gto
  0
POLYLINE
  8
gto
 62
1
 40
0.000000
 41
0.000000
 66
  1
  0
VERTEX
  8
gto
 10
60.019430
 20
13.473757
  0
VERTEX
  8
gto
 10
58.969388
 20
12.423715
  0
SEQEND
  8
gto
  0
POLYLINE
  8
gto
 62
1
 40
0.000000
 41
0.000000
 66
  1
  0
VERTEX
  8
gto
 10
58.753868
 20
12.423715
  0
VERTEX
  8
gto
 10
57.424205
 20
13.753388
  0
SEQEND
  8
gto
  0
POLYLINE
  8
gto
 62
1
 40
0.000000
 41
0.000000
 66
  1
  0
VERTEX
  8
gto
 10
82.506775
 20
30.288491
  0
VERTEX
  8
gto
 10
83.556817
 20
31.338523
  0
SEQEND
  8
gto
  0
POLYLINE
  8
gto
 62
1
 40
0.000000
 41
0.000000
 66
  1
  0
VERTEX
  8
gto
 10
82.011624
 20
32.883716
  0
VERTEX
  8
gto
 10
80.961592
 20
31.833674
  0
SEQEND
  8
gto
  0
POLYLINE
  8
gto
 62
1
 40
0.000000
 41
0.000000
 66
  1
  0
VERTEX
  8
gto
 10
80.961592
 20
31.618153
  0
VERTEX
  8
gto
 10
82.291255
 20
30.288491
  0
SEQEND
  8
gto
  0
POLYLINE
  8
gto
 62
1
 40
0.000000
 41
0.000000
 66
  1
  0
VERTEX
  8
gto
 10
85.916732
 20
33.698447
  0
VERTEX
  8
gto
 10
84.866700
 20
32.648405
  0
SEQEND
  8
gto
  0
POLYLINE
  8
gto
 62
1
 40
0.000000
 41
0.000000
 66
  1
  0
VERTEX
  8
gto
 10
83.321507
 20
34.193598
  0
VERTEX
  8
gto
 10
84.371549
 20
35.243630
  0
SEQEND
  8
gto
  0
POLYLINE
  8
gto
 62
1
 40
0.000000
 41
0.000000
 66
  1
  0
VERTEX
  8
gto
 10
84.587069
 20
35.243630
  0
VERTEX
  8
gto
 10
85.916732
 20
33.913968
  0
SEQEND
  8
gto
  0
POLYLINE
  8
gto
 62
1
 40
0.000000
 41
0.000000
 66
  1
  0
VERTEX
  8
gto
 10
65.215690
 20
40.342691
  0
VERTEX
  8
gto
 10
64.165658
 20
41.392733
  0
SEQEND
  8
gto
  0
POLYLINE
  8
gto
 62
1
 40
0.000000
 41
0.000000
 66
  1
  0
VERTEX
  8
gto
 10
62.620465
 20
39.847540
  0
VERTEX
  8
gto
 10
63.670507
 20
38.797508
  0
SEQEND
  8
gto
  0
POLYLINE
  8
gto
 62
1
 40
0.000000
 41
0.000000
 66
  1
  0
VERTEX
  8
gto
 10
63.886028
 20
38.797508
  0
VERTEX
  8
gto
 10
65.215690
 20
40.127170
  0
SEQEND
  8
gto
  0
POLYLINE
  8
gto
 62
1
 40
0.000000
 41
0.000000
 66
  1
  0
VERTEX
  8
gto
 10
61.805734
 20
43.752648
  0
VERTEX
  8
gto
 10
62.855776
 20
42.702615
  0
SEQEND
  8
gto
  0
POLYLINE
  8
gto
 62
1
 40
0.000000
 41
0.000000
 66
  1
  0
VERTEX
  8
gto
 10
61.310583
 20
41.157422
  0
VERTEX
  8
gto
 10
60.260551
 20
42.207464
  0
SEQEND
  8
gto
  0
POLYLINE
  8
gto
 62
1
 40
0.000000
 41
0.000000
 66
  1
  0
VERTEX
  8
gto
 10
60.260551
 20
42.422985
  0
VERTEX
  8
gto
 10
61.590213
 20
43.752648
  0
SEQEND
  8
gto
  0
POLYLINE
  8
gto
 62
1
 40
0.000000
 41
0.000000
 66
  1
  0
VERTEX
  8
gto
 10
76.834104
 20
35.961132
  0
VERTEX
  8
gto
 10
77.884146
 20
37.011174
  0
SEQEND
  8
gto
  0
POLYLINE
  8
gto
 62
1
 40
0.000000
 41
0.000000
 66
  1
  0
VERTEX
  8
gto
 10
76.338963
 20
38.556357
  0
VERTEX
  8
gto
 10
75.288921
 20
37.506315
  0
SEQEND
  8
gto
  0
POLYLINE
  8
gto
 62
1
 40
0.000000
 41
0.000000
 66
  1
  0
VERTEX
  8
gto
 10
75.288921
 20
37.290805
  0
VERTEX
  8
gto
 10
76.618583
 20
35.961132
  0
SEQEND
  8
gto
  0
POLYLINE
  8
gto
 62
1
 40
0.000000
 41
0.000000
 66
  1
  0
VERTEX
  8
gto
 10
80.244060
 20
39.371089
  0
VERTEX
  8
gto
 10
79.194028
 20
38.321047
  0
SEQEND
  8
gto
  0
POLYLINE
  8
gto
 62
1
 40
0.000000
 41
0.000000
 66
  1
  0
VERTEX
  8
gto
 10
77.648835
 20
39.866240
  0
VERTEX
  8
gto
 10
78.698877
 20
40.916272
  0
SEQEND
  8
gto
  0
POLYLINE
  8
gto
 62
1
 40
0.000000
 41
0.000000
 66
  1
  0
VERTEX
  8
gto
 10
78.914398
 20
40.916272
  0
VERTEX
  8
gto
 10
80.244060
 20
39.586609
  0
SEQEND
  8
gto
  0
POLYLINE
  8
gto
 62
1
 40
0.000000
 41
0.000000
 66
  1
  0
VERTEX
  8
gto
 10
56.706523
 20
31.833774
  0
VERTEX
  8
gto
 10
55.656481
 20
32.883816
  0
SEQEND
  8
gto
  0
POLYLINE
  8
gto
 62
1
 40
0.000000
 41
0.000000
 66
  1
  0
VERTEX
  8
gto
 10
54.111298
 20
31.338633
  0
VERTEX
  8
gto
 10
55.161340
 20
30.288591
  0
SEQEND
  8
gto
  0
POLYLINE
  8
gto
 62
1
 40
0.000000
 41
0.000000
 66
  1
  0
VERTEX
  8
gto
 10
55.376851
 20
30.288591
  0
VERTEX
  8
gto
 10
56.706523
 20
31.618253
  0
SEQEND
  8
gto
  0
POLYLINE
  8
gto
 62
1
 40
0.000000
 41
0.000000
 66
  1
  0
VERTEX
  8
gto
 10
53.296567
 20
35.243730
  0
VERTEX
  8
gto
 10
54.346609
 20
34.193698
  0
SEQEND
  8
gto
  0
POLYLINE
  8
gto
 62
1
 40
0.000000
 41
0.000000
 66
  1
  0
VERTEX
  8
gto
 10
52.801416
 20
32.648505
  0
VERTEX
  8
gto
 10
51.751384
 20
33.698547
  0
SEQEND
  8
gto
  0
POLYLINE
  8
gto
 62
1
 40
0.000000
 41
0.000000
 66
  1
  0
VERTEX
  8
gto
 10
51.751384
 20
33.914068
  0
VERTEX
  8
gto
 10
53.081046
 20
35.243730
  0
SEQEND
  8
gto
  0
POLYLINE
  8
gto
 62
1
 40
0.000000
 41
0.000000
 66
  1
  0
VERTEX
  8
gto
 10
78.125246
 20
18.670047
  0
VERTEX
  8
gto
 10
79.175278
 20
17.620005
  0
SEQEND
  8
gto
  0
POLYLINE
  8
gto
 62
1
 40
0.000000
 41
0.000000
 66
  1
  0
VERTEX
  8
gto
 10
80.720471
 20
19.165198
  0
VERTEX
  8
gto
 10
79.670429
 20
20.215230
  0
SEQEND
  8
gto
  0
POLYLINE
  8
gto
 62
1
 40
0.000000
 41
0.000000
 66
  1
  0
VERTEX
  8
gto
 10
79.454909
 20
20.215230
  0
VERTEX
  8
gto
 10
78.125246
 20
18.885568
  0
SEQEND
  8
gto
  0
POLYLINE
  8
gto
 62
1
 40
0.000000
 41
0.000000
 66
  1
  0
VERTEX
  8
gto
 10
81.535203
 20
15.260091
  0
VERTEX
  8
gto
 10
80.485161
 20
16.310133
  0
SEQEND
  8
gto
  0
POLYLINE
  8
gto
 62
1
 40
0.000000
 41
0.000000
 66
  1
  0
VERTEX
  8
gto
 10
82.030344
 20
17.855316
  0
VERTEX
  8
gto
 10
83.080386
 20
16.805274
  0
SEQEND
  8
gto
  0
POLYLINE
  8
gto
 62
1
 40
0.000000
 41
0.000000
 66
  1
  0
VERTEX
  8
gto
 10
83.080386
 20
16.589763
  0
VERTEX
  8
gto
 10
81.750724
 20
15.260091
  0
SEQEND
  8
gto
  0
POLYLINE
  8
gto
 62
1
 40
0.000000
 41
0.000000
 66
  1
  0
VERTEX
  8
gto
 10
72.452575
 20
12.997406
  0
VERTEX
  8
gto
 10
73.502607
 20
11.947364
  0
SEQEND
  8
gto
  0
POLYLINE
  8
gto
 62
1
 40
0.000000
 41
0.000000
 66
  1
  0
VERTEX
  8
gto
 10
75.047800
 20
13.492557
  0
VERTEX
  8
gto
 10
73.997758
 20
14.542589
  0
SEQEND
  8
gto
  0
POLYLINE
  8
gto
 62
1
 40
0.000000
 41
0.000000
 66
  1
  0
VERTEX
  8
gto
 10
73.782238
 20
14.542589
  0
VERTEX
  8
gto
 10
72.452575
 20
13.212926
  0
SEQEND
  8
gto
  0
POLYLINE
  8
gto
 62
1
 40
0.000000
 41
0.000000
 66
  1
  0
VERTEX
  8
gto
 10
75.862532
 20
9.587449
  0
VERTEX
  8
gto
 10
74.812490
 20
10.637481
  0
SEQEND
  8
gto
  0
POLYLINE
  8
gto
 62
1
 40
0.000000
 41
0.000000
 66
  1
  0
VERTEX
  8
gto
 10
76.357683
 20
12.182674
  0
VERTEX
  8
gto
 10
77.407715
 20
11.132632
  0
SEQEND
  8
gto
  0
POLYLINE
  8
gto
 62
1
 40
0.000000
 41
0.000000
 66
  1
  0
VERTEX
  8
gto
 10
77.407715
 20
10.917112
  0
VERTEX
  8
gto
 10
76.078052
 20
9.587449
  0
SEQEND
  8
gto
  0
POLYLINE
  8
gto
 62
1
 40
0.000000
 41
0.000000
 66
  1
  0
VERTEX
  8
gto
 10
57.997836
 20
20.215210
  0
VERTEX
  8
gto
 10
56.947794
 20
19.165168
  0
SEQEND
  8
gto
  0
POLYLINE
  8
gto
 62
1
 40
0.000000
 41
0.000000
 66
  1
  0
VERTEX
  8
gto
 10
58.492987
 20
17.619985
  0
VERTEX
  8
gto
 10
59.543019
 20
18.670027
  0
SEQEND
  8
gto
  0
POLYLINE
  8
gto
 62
1
 40
0.000000
 41
0.000000
 66
  1
  0
VERTEX
  8
gto
 10
59.543019
 20
18.885538
  0
VERTEX
  8
gto
 10
58.213356
 20
20.215210
  0
SEQEND
  8
gto
  0
POLYLINE
  8
gto
 62
1
 40
0.000000
 41
0.000000
 66
  1
  0
VERTEX
  8
gto
 10
54.587879
 20
16.805254
  0
VERTEX
  8
gto
 10
55.637921
 20
17.855296
  0
SEQEND
  8
gto
  0
POLYLINE
  8
gto
 62
1
 40
0.000000
 41
0.000000
 66
  1
  0
VERTEX
  8
gto
 10
57.183104
 20
16.310103
  0
VERTEX
  8
gto
 10
56.133062
 20
15.260071
  0
SEQEND
  8
gto
  0
POLYLINE
  8
gto
 62
1
 40
0.000000
 41
0.000000
 66
  1
  0
VERTEX
  8
gto
 10
55.917542
 20
15.260071
  0
VERTEX
  8
gto
 10
54.587879
 20
16.589733
  0
SEQEND
  8
gto
  0
POLYLINE
  8
gto
 62
1
 40
0.000000
 41
0.000000
 66
  1
  0
VERTEX
  8
gto
 10
63.670507
 20
14.542589
  0
VERTEX
  8
gto
 10
62.620465
 20
13.492557
  0
SEQEND
  8
gto
  0
POLYLINE
  8
gto
 62
1
 40
0.000000
 41
0.000000
 66
  1
  0
VERTEX
  8
gto
 10
64.165658
 20
11.947364
  0
VERTEX
  8
gto
 10
65.215690
 20
12.997406
  0
SEQEND
  8
gto
  0
POLYLINE
  8
gto
 62
1
 40
0.000000
 41
0.000000
 66
  1
  0
VERTEX
  8
gto
 10
65.215690
 20
13.212926
  0
VERTEX
  8
gto
 10
63.886028
 20
14.542589
  0
SEQEND
  8
gto
  0
POLYLINE
  8
gto
 62
1
 40
0.000000
 41
0.000000
 66
  1
  0
VERTEX
  8
gto
 10
60.260551
 20
11.132632
  0
VERTEX
  8
gto
 10
61.310583
 20
12.182674
  0
SEQEND
  8
gto
  0
POLYLINE
  8
gto
 62
1
 40
0.000000
 41
0.000000
 66
  1
  0
VERTEX
  8
gto
 10
62.855776
 20
10.637481
  0
VERTEX
  8
gto
 10
61.805734
 20
9.587449
  0
SEQEND
  8
gto
  0
POLYLINE
  8
gto
 62
1
 40
0.000000
 41
0.000000
 66
  1
  0
VERTEX
  8
gto
 10
61.590213
 20
9.587449
  0
VERTEX
  8
gto
 10
60.260551
 20
10.917112
  0
SEQEND
  8
gto
  0
POLYLINE
  8
gto
 62
1
 40
0.000000
 41
0.000000
 66
  1
  0
VERTEX
  8
gto
 10
59.542869
 20
34.670069
  0
VERTEX
  8
gto
 10
58.492837
 20
35.720111
  0
SEQEND
  8
gto
  0
POLYLINE
  8
gto
 62
1
 40
0.000000
 41
0.000000
 66
  1
  0
VERTEX
  8
gto
 10
56.947644
 20
34.174928
  0
VERTEX
  8
gto
 10
57.997686
 20
33.124886
  0
SEQEND
  8
gto
  0
POLYLINE
  8
gto
 62
1
 40
0.000000
 41
0.000000
 66
  1
  0
VERTEX
  8
gto
 10
58.213206
 20
33.124886
  0
VERTEX
  8
gto
 10
59.542869
 20
34.454559
  0
SEQEND
  8
gto
  0
POLYLINE
  8
gto
 62
1
 40
0.000000
 41
0.000000
 66
  1
  0
VERTEX
  8
gto
 10
56.132912
 20
38.080026
  0
VERTEX
  8
gto
 10
57.182954
 20
37.029994
  0
SEQEND
  8
gto
  0
POLYLINE
  8
gto
 62
1
 40
0.000000
 41
0.000000
 66
  1
  0
VERTEX
  8
gto
 10
55.637761
 20
35.484801
  0
VERTEX
  8
gto
 10
54.587729
 20
36.534843
  0
SEQEND
  8
gto
  0
POLYLINE
  8
gto
 62
1
 40
0.000000
 41
0.000000
 66
  1
  0
VERTEX
  8
gto
 10
54.587729
 20
36.750364
  0
VERTEX
  8
gto
 10
55.917392
 20
38.080026
  0
SEQEND
  8
gto
  0
POLYLINE
  8
gto
 62
1
 40
0.000000
 41
0.000000
 66
  1
  0
VERTEX
  8
gto
 10
80.961592
 20
21.506423
  0
VERTEX
  8
gto
 10
82.011624
 20
20.456381
  0
SEQEND
  8
gto
  0
POLYLINE
  8
gto
 62
1
 40
0.000000
 41
0.000000
 66
  1
  0
VERTEX
  8
gto
 10
83.556817
 20
22.001574
  0
VERTEX
  8
gto
 10
82.506775
 20
23.051606
  0
SEQEND
  8
gto
  0
POLYLINE
  8
gto
 62
1
 40
0.000000
 41
0.000000
 66
  1
  0
VERTEX
  8
gto
 10
82.291255
 20
23.051606
  0
VERTEX
  8
gto
 10
80.961592
 20
21.721943
  0
SEQEND
  8
gto
  0
POLYLINE
  8
gto
 62
1
 40
0.000000
 41
0.000000
 66
  1
  0
VERTEX
  8
gto
 10
84.371549
 20
18.096466
  0
VERTEX
  8
gto
 10
83.321507
 20
19.146498
  0
SEQEND
  8
gto
  0
POLYLINE
  8
gto
 62
1
 40
0.000000
 41
0.000000
 66
  1
  0
VERTEX
  8
gto
 10
84.866700
 20
20.691691
  0
VERTEX
  8
gto
 10
85.916732
 20
19.641649
  0
SEQEND
  8
gto
  0
POLYLINE
  8
gto
 62
1
 40
0.000000
 41
0.000000
 66
  1
  0
VERTEX
  8
gto
 10
85.916732
 20
19.426129
  0
VERTEX
  8
gto
 10
84.587069
 20
18.096466
  0
SEQEND
  8
gto
  0
POLYLINE
  8
gto
 62
1
 40
0.000000
 41
0.000000
 66
  1
  0
VERTEX
  8
gto
 10
62.379345
 20
37.506345
  0
VERTEX
  8
gto
 10
61.329303
 20
38.556387
  0
SEQEND
  8
gto
  0
POLYLINE
  8
gto
 62
1
 40
0.000000
 41
0.000000
 66
  1
  0
VERTEX
  8
gto
 10
59.784120
 20
37.011194
  0
VERTEX
  8
gto
 10
60.834162
 20
35.961162
  0
SEQEND
  8
gto
  0
POLYLINE
  8
gto
 62
1
 40
0.000000
 41
0.000000
 66
  1
  0
VERTEX
  8
gto
 10
61.049682
 20
35.961162
  0
VERTEX
  8
gto
 10
62.379345
 20
37.290825
  0
SEQEND
  8
gto
  0
POLYLINE
  8
gto
 62
1
 40
0.000000
 41
0.000000
 66
  1
  0
VERTEX
  8
gto
 10
58.969388
 20
40.916302
  0
VERTEX
  8
gto
 10
60.019430
 20
39.866260
  0
SEQEND
  8
gto
  0
POLYLINE
  8
gto
 62
1
 40
0.000000
 41
0.000000
 66
  1
  0
VERTEX
  8
gto
 10
58.474237
 20
38.321077
  0
VERTEX
  8
gto
 10
57.424205
 20
39.371119
  0
SEQEND
  8
gto
  0
POLYLINE
  8
gto
 62
1
 40
0.000000
 41
0.000000
 66
  1
  0
VERTEX
  8
gto
 10
57.424205
 20
39.586639
  0
VERTEX
  8
gto
 10
58.753868
 20
40.916302
  0
SEQEND
  8
gto
  0
POLYLINE
  8
gto
 62
1
 40
0.000000
 41
0.000000
 66
  1
  0
VERTEX
  8
gto
 10
75.288921
 20
15.833782
  0
VERTEX
  8
gto
 10
76.338963
 20
14.783740
  0
SEQEND
  8
gto
  0
POLYLINE
  8
gto
 62
1
 40
0.000000
 41
0.000000
 66
  1
  0
VERTEX
  8
gto
 10
77.884146
 20
16.328923
  0
VERTEX
  8
gto
 10
76.834104
 20
17.378965
  0
SEQEND
  8
gto
  0
POLYLINE
  8
gto
 62
1
 40
0.000000
 41
0.000000
 66
  1
  0
VERTEX
  8
gto
 10
76.618583
 20
17.378965
  0
VERTEX
  8
gto
 10
75.288921
 20
16.049292
  0
SEQEND
  8
gto
  0
POLYLINE
  8
gto
 62
1
 40
0.000000
 41
0.000000
 66
  1
  0
VERTEX
  8
gto
 10
78.698877
 20
12.423825
  0
VERTEX
  8
gto
 10
77.648835
 20
13.473857
  0
SEQEND
  8
gto
  0
POLYLINE
  8
gto
 62
1
 40
0.000000
 41
0.000000
 66
  1
  0
VERTEX
  8
gto
 10
79.194028
 20
15.019050
  0
VERTEX
  8
gto
 10
80.244060
 20
13.969008
  0
SEQEND
  8
gto
  0
POLYLINE
  8
gto
 62
1
 40
0.000000
 41
0.000000
 66
  1
  0
VERTEX
  8
gto
 10
80.244060
 20
13.753488
  0
VERTEX
  8
gto
 10
78.914398
 20
12.423825
  0
SEQEND
  8
gto
  0
POLYLINE
  8
gto
 62
1
 40
0.000000
 41
0.000000
 66
  1
  0
VERTEX
  8
gto
 10
79.670329
 20
33.124806
  0
VERTEX
  8
gto
 10
80.720361
 20
34.174848
  0
SEQEND
  8
gto
  0
POLYLINE
  8
gto
 62
1
 40
0.000000
 41
0.000000
 66
  1
  0
VERTEX
  8
gto
 10
79.175178
 20
35.720031
  0
VERTEX
  8
gto
 10
78.125136
 20
34.669999
  0
SEQEND
  8
gto
  0
POLYLINE
  8
gto
 62
1
 40
0.000000
 41
0.000000
 66
  1
  0
VERTEX
  8
gto
 10
78.125136
 20
34.454479
  0
VERTEX
  8
gto
 10
79.454809
 20
33.124806
  0
SEQEND
  8
gto
  0
POLYLINE
  8
gto
 62
1
 40
0.000000
 41
0.000000
 66
  1
  0
VERTEX
  8
gto
 10
83.080286
 20
36.534763
  0
VERTEX
  8
gto
 10
82.030244
 20
35.484731
  0
SEQEND
  8
gto
  0
POLYLINE
  8
gto
 62
1
 40
0.000000
 41
0.000000
 66
  1
  0
VERTEX
  8
gto
 10
80.485061
 20
37.029914
  0
VERTEX
  8
gto
 10
81.535093
 20
38.079956
  0
SEQEND
  8
gto
  0
POLYLINE
  8
gto
 62
1
 40
0.000000
 41
0.000000
 66
  1
  0
VERTEX
  8
gto
 10
81.750614
 20
38.079956
  0
VERTEX
  8
gto
 10
83.080286
 20
36.750284
  0
SEQEND
  8
gto
  0
POLYLINE
  8
gto
 62
1
 40
0.000000
 41
0.000000
 66
  1
  0
VERTEX
  8
gto
 10
73.997758
 20
38.797508
  0
VERTEX
  8
gto
 10
75.047800
 20
39.847540
  0
SEQEND
  8
gto
  0
POLYLINE
  8
gto
 62
1
 40
0.000000
 41
0.000000
 66
  1
  0
VERTEX
  8
gto
 10
73.502607
 20
41.392733
  0
VERTEX
  8
gto
 10
72.452575
 20
40.342691
  0
SEQEND
  8
gto
  0
POLYLINE
  8
gto
 62
1
 40
0.000000
 41
0.000000
 66
  1
  0
VERTEX
  8
gto
 10
72.452575
 20
40.127170
  0
VERTEX
  8
gto
 10
73.782238
 20
38.797508
  0
SEQEND
  8
gto
  0
POLYLINE
  8
gto
 62
1
 40
0.000000
 41
0.000000
 66
  1
  0
VERTEX
  8
gto
 10
77.407715
 20
42.207464
  0
VERTEX
  8
gto
 10
76.357683
 20
41.157422
  0
SEQEND
  8
gto
  0
POLYLINE
  8
gto
 62
1
 40
0.000000
 41
0.000000
 66
  1
  0
VERTEX
  8
gto
 10
74.812490
 20
42.702615
  0
VERTEX
  8
gto
 10
75.862532
 20
43.752648
  0
SEQEND
  8
gto
  0
POLYLINE
  8
gto
 62
1
 40
0.000000
 41
0.000000
 66
  1
  0
VERTEX
  8
gto
 10
76.078052
 20
43.752648
  0
VERTEX
  8
gto
 10
77.407715
 20
42.422985
  0
SEQEND
  8
gto
  0
POLYLINE
  8
gto
 62
1
 40
0.000000
 41
0.000000
 66
  1
  0
VERTEX
  8
gto
 10
45.199940
 20
12.698215
  0
VERTEX
  8
gto
 10
45.199940
 20
11.213232
  0
SEQEND
  8
gto
  0
POLYLINE
  8
gto
 62
1
 40
0.000000
 41
0.000000
 66
  1
  0
VERTEX
  8
gto
 10
47.385165
 20
11.213232
  0
VERTEX
  8
gto
 10
47.385165
 20
12.698215
  0
SEQEND
  8
gto
  0
POLYLINE
  8
gto
 62
1
 40
0.000000
 41
0.000000
 66
  1
  0
VERTEX
  8
gto
 10
47.232764
 20
12.850616
  0
VERTEX
  8
gto
 10
45.352341
 20
12.850616
  0
SEQEND
  8
gto
  0
POLYLINE
  8
gto
 62
1
 40
0.000000
 41
0.000000
 66
  1
  0
VERTEX
  8
gto
 10
45.199940
 20
7.875816
  0
VERTEX
  8
gto
 10
45.199940
 20
9.360799
  0
SEQEND
  8
gto
  0
POLYLINE
  8
gto
 62
1
 40
0.000000
 41
0.000000
 66
  1
  0
VERTEX
  8
gto
 10
47.385165
 20
9.360799
  0
VERTEX
  8
gto
 10
47.385165
 20
7.875816
  0
SEQEND
  8
gto
  0
POLYLINE
  8
gto
 62
1
 40
0.000000
 41
0.000000
 66
  1
  0
VERTEX
  8
gto
 10
47.232764
 20
7.723415
  0
VERTEX
  8
gto
 10
45.352341
 20
7.723415
  0
SEQEND
  8
gto
  0
POLYLINE
  8
gto
 62
1
 40
0.000000
 41
0.000000
 66
  1
  0
VERTEX
  8
gto
 10
42.585515
 20
12.698265
  0
VERTEX
  8
gto
 10
42.585515
 20
11.213282
  0
SEQEND
  8
gto
  0
POLYLINE
  8
gto
 62
1
 40
0.000000
 41
0.000000
 66
  1
  0
VERTEX
  8
gto
 10
44.770730
 20
11.213282
  0
VERTEX
  8
gto
 10
44.770730
 20
12.698265
  0
SEQEND
  8
gto
  0
POLYLINE
  8
gto
 62
1
 40
0.000000
 41
0.000000
 66
  1
  0
VERTEX
  8
gto
 10
44.618329
 20
12.850666
  0
VERTEX
  8
gto
 10
42.737915
 20
12.850666
  0
SEQEND
  8
gto
  0
POLYLINE
  8
gto
 62
1
 40
0.000000
 41
0.000000
 66
  1
  0
VERTEX
  8
gto
 10
42.585515
 20
7.875866
  0
VERTEX
  8
gto
 10
42.585515
 20
9.360849
  0
SEQEND
  8
gto
  0
POLYLINE
  8
gto
 62
1
 40
0.000000
 41
0.000000
 66
  1
  0
VERTEX
  8
gto
 10
44.770730
 20
9.360849
  0
VERTEX
  8
gto
 10
44.770730
 20
7.875866
  0
SEQEND
  8
gto
  0
POLYLINE
  8
gto
 62
1
 40
0.000000
 41
0.000000
 66
  1
  0
VERTEX
  8
gto
 10
44.618329
 20
7.723465
  0
VERTEX
  8
gto
 10
42.737915
 20
7.723465
  0
SEQEND
  8
gto
  0
POLYLINE
  8
gto
 62
1
 40
0.000000
 41
0.000000
 66
  1
  0
VERTEX
  8
gto
 10
80.902562
 20
24.864560
  0
VERTEX
  8
gto
 10
80.902562
 20
28.221786
  0
VERTEX
  8
gto
 10
84.959760
 20
28.221786
  0
VERTEX
  8
gto
 10
84.959760
 20
24.864560
  0
VERTEX
  8
gto
 10
80.902562
 20
24.864560
  0
SEQEND
  8
gto
  0
POLYLINE
  8
gto
 62
1
 40
0.000000
 41
0.000000
 66
  1
  0
VERTEX
  8
gto
 10
80.673961
 20
26.293163
  0
VERTEX
  8
gto
 10
80.673961
 20
24.635959
  0
VERTEX
  8
gto
 10
82.531165
 20
24.635959
  0
SEQEND
  8
gto
  0
POLYLINE
  8
gto
 62
1
 40
0.000000
 41
0.000000
 66
  1
  0
VERTEX
  8
gto
 10
1.933294
 20
27.414655
  0
VERTEX
  8
gto
 10
1.933294
 20
31.767454
  0
VERTEX
  8
gto
 10
7.210714
 20
31.767454
  0
VERTEX
  8
gto
 10
7.210714
 20
27.414655
  0
VERTEX
  8
gto
 10
1.933294
 20
27.414655
  0
SEQEND
  8
gto
  0
POLYLINE
  8
gto
 62
1
 40
0.000000
 41
0.000000
 66
  1
  0
VERTEX
  8
gto
 10
29.296189
 20
38.989078
  0
VERTEX
  8
gto
 10
33.655057
 20
38.989078
  0
SEQEND
  8
gto
  0
POLYLINE
  8
gto
 62
1
 40
0.000000
 41
0.000000
 66
  1
  0
VERTEX
  8
gto
 10
32.140054
 20
28.829058
  0
VERTEX
  8
gto
 10
33.696057
 20
28.829058
  0
SEQEND
  8
gto
  0
POLYLINE
  8
gto
 62
1
 40
0.000000
 41
0.000000
 66
  1
  0
VERTEX
  8
gto
 10
30.861052
 20
28.829058
  0
VERTEX
  8
gto
 10
29.296189
 20
28.829058
  0
SEQEND
  8
gto
  0
POLYLINE
  8
gto
 62
1
 40
0.000000
 41
0.000000
 66
  1
  0
VERTEX
  8
gto
 10
29.296189
 20
28.829058
  0
VERTEX
  8
gto
 10
29.296189
 20
38.989078
  0
SEQEND
  8
gto
  0
POLYLINE
  8
gto
 62
1
 40
0.000000
 41
0.000000
 66
  1
  0
VERTEX
  8
gto
 10
33.696057
 20
28.829058
  0
VERTEX
  8
gto
 10
33.696057
 20
38.989078
  0
SEQEND
  8
gto
  0
POLYLINE
  8
gto
 62
1
 40
0.000000
 41
0.000000
 66
  1
  0
VERTEX
  8
gto
 10
59.354149
 20
26.142742
  0
VERTEX
  8
gto
 10
59.354149
 20
27.197354
  0
SEQEND
  8
gto
  0
POLYLINE
  8
gto
 62
1
 40
0.000000
 41
0.000000
 66
  1
  0
VERTEX
  8
gto
 10
68.306827
 20
36.150032
  0
VERTEX
  8
gto
 10
68.834128
 20
36.677333
  0
VERTEX
  8
gto
 10
69.361439
 20
36.150032
  0
SEQEND
  8
gto
  0
POLYLINE
  8
gto
 62
1
 40
0.000000
 41
0.000000
 66
  1
  0
VERTEX
  8
gto
 10
78.314117
 20
26.142742
  0
VERTEX
  8
gto
 10
78.841418
 20
26.670053
  0
VERTEX
  8
gto
 10
78.314117
 20
27.197354
  0
SEQEND
  8
gto
  0
POLYLINE
  8
gto
 62
1
 40
0.000000
 41
0.000000
 66
  1
  0
VERTEX
  8
gto
 10
59.354149
 20
27.197354
  0
VERTEX
  8
gto
 10
58.826848
 20
26.670053
  0
VERTEX
  8
gto
 10
59.354149
 20
26.142742
  0
SEQEND
  8
gto
  0
POLYLINE
  8
gto
 62
1
 40
0.000000
 41
0.000000
 66
  1
  0
VERTEX
  8
gto
 10
69.361439
 20
17.190064
  0
VERTEX
  8
gto
 10
68.834128
 20
16.662763
  0
VERTEX
  8
gto
 10
68.306827
 20
17.190064
  0
SEQEND
  8
gto
  0
POLYLINE
  8
gto
 62
1
 40
0.000000
 41
0.000000
 66
  1
  0
VERTEX
  8
gto
 10
59.399309
 20
26.670053
  0
VERTEX
  8
gto
 10
68.834128
 20
36.104872
  0
VERTEX
  8
gto
 10
78.268957
 20
26.670053
  0
VERTEX
  8
gto
 10
68.834128
 20
17.235224
  0
VERTEX
  8
gto
 10
59.399309
 20
26.670053
  0
SEQEND
  8
gto
  0
POLYLINE
  8
gto
 62
1
 40
0.000000
 41
0.000000
 66
  1
  0
VERTEX
  8
gto
 10
0.116050
 20
20.066970
  0
VERTEX
  8
gto
 10
3.056076
 20
20.066970
  0
SEQEND
  8
gto
  0
POLYLINE
  8
gto
 62
1
 40
0.000000
 41
0.000000
 66
  1
  0
VERTEX
  8
gto
 10
15.116070
 20
8.124866
  0
VERTEX
  8
gto
 10
15.116070
 20
9.977030
  0
SEQEND
  8
gto
  0
POLYLINE
  8
gto
 62
1
 40
0.000000
 41
0.000000
 66
  1
  0
VERTEX
  8
gto
 10
15.115820
 20
8.124966
  0
VERTEX
  8
gto
 10
15.115820
 20
7.337565
  0
VERTEX
  8
gto
 10
13.015236
 20
7.337565
  0
VERTEX
  8
gto
 10
13.016076
 20
7.326995
  0
SEQEND
  8
gto
  0
POLYLINE
  8
gto
 62
1
 40
0.000000
 41
0.000000
 66
  1
  0
VERTEX
  8
gto
 10
5.847242
 20
4.846990
  0
VERTEX
  8
gto
 10
13.016046
 20
4.846990
  0
VERTEX
  8
gto
 10
13.016076
 20
7.337005
  0
SEQEND
  8
gto
  0
POLYLINE
  8
gto
 62
1
 40
0.000000
 41
0.000000
 66
  1
  0
VERTEX
  8
gto
 10
13.066036
 20
20.087020
  0
VERTEX
  8
gto
 10
5.906012
 20
20.087020
  0
SEQEND
  8
gto
  0
POLYLINE
  8
gto
 62
1
 40
0.000000
 41
0.000000
 66
  1
  0
VERTEX
  8
gto
 10
0.116050
 20
20.066970
  0
VERTEX
  8
gto
 10
0.116050
 20
4.827020
  0
SEQEND
  8
gto
  0
POLYLINE
  8
gto
 62
1
 40
0.000000
 41
0.000000
 66
  1
  0
VERTEX
  8
gto
 10
0.116050
 20
4.827020
  0
VERTEX
  8
gto
 10
3.106066
 20
4.827020
  0
SEQEND
  8
gto
  0
POLYLINE
  8
gto
 62
1
 40
0.000000
 41
0.000000
 66
  1
  0
VERTEX
  8
gto
 10
26.900254
 20
12.698195
  0
VERTEX
  8
gto
 10
26.900254
 20
11.213202
  0
SEQEND
  8
gto
  0
POLYLINE
  8
gto
 62
1
 40
0.000000
 41
0.000000
 66
  1
  0
VERTEX
  8
gto
 10
29.085468
 20
11.213202
  0
VERTEX
  8
gto
 10
29.085468
 20
12.698195
  0
SEQEND
  8
gto
  0
POLYLINE
  8
gto
 62
1
 40
0.000000
 41
0.000000
 66
  1
  0
VERTEX
  8
gto
 10
28.933068
 20
12.850596
  0
VERTEX
  8
gto
 10
27.052654
 20
12.850596
  0
SEQEND
  8
gto
  0
POLYLINE
  8
gto
 62
1
 40
0.000000
 41
0.000000
 66
  1
  0
VERTEX
  8
gto
 10
26.900254
 20
7.875786
  0
VERTEX
  8
gto
 10
26.900254
 20
9.360779
  0
SEQEND
  8
gto
  0
POLYLINE
  8
gto
 62
1
 40
0.000000
 41
0.000000
 66
  1
  0
VERTEX
  8
gto
 10
29.085468
 20
9.360779
  0
VERTEX
  8
gto
 10
29.085468
 20
7.875786
  0
SEQEND
  8
gto
  0
POLYLINE
  8
gto
 62
1
 40
0.000000
 41
0.000000
 66
  1
  0
VERTEX
  8
gto
 10
28.933068
 20
7.723385
  0
VERTEX
  8
gto
 10
27.052654
 20
7.723385
  0
SEQEND
  8
gto
  0
POLYLINE
  8
gto
 62
1
 40
0.000000
 41
0.000000
 66
  1
  0
VERTEX
  8
gto
 10
29.514449
 20
12.698215
  0
VERTEX
  8
gto
 10
29.514449
 20
11.213232
  0
SEQEND
  8
gto
  0
POLYLINE
  8
gto
 62
1
 40
0.000000
 41
0.000000
 66
  1
  0
VERTEX
  8
gto
 10
31.699663
 20
11.213232
  0
VERTEX
  8
gto
 10
31.699663
 20
12.698215
  0
SEQEND
  8
gto
  0
POLYLINE
  8
gto
 62
1
 40
0.000000
 41
0.000000
 66
  1
  0
VERTEX
  8
gto
 10
31.547263
 20
12.850616
  0
VERTEX
  8
gto
 10
29.666849
 20
12.850616
  0
SEQEND
  8
gto
  0
POLYLINE
  8
gto
 62
1
 40
0.000000
 41
0.000000
 66
  1
  0
VERTEX
  8
gto
 10
29.514449
 20
7.875816
  0
VERTEX
  8
gto
 10
29.514449
 20
9.360799
  0
SEQEND
  8
gto
  0
POLYLINE
  8
gto
 62
1
 40
0.000000
 41
0.000000
 66
  1
  0
VERTEX
  8
gto
 10
31.699663
 20
9.360799
  0
VERTEX
  8
gto
 10
31.699663
 20
7.875816
  0
SEQEND
  8
gto
  0
POLYLINE
  8
gto
 62
1
 40
0.000000
 41
0.000000
 66
  1
  0
VERTEX
  8
gto
 10
31.547263
 20
7.723415
  0
VERTEX
  8
gto
 10
29.666849
 20
7.723415
  0
SEQEND
  8
gto
  0
POLYLINE
  8
gto
 62
1
 40
0.000000
 41
0.000000
 66
  1
  0
VERTEX
  8
gto
 10
23.874238
 20
26.406493
  0
VERTEX
  8
gto
 10
22.389255
 20
26.406493
  0
SEQEND
  8
gto
  0
POLYLINE
  8
gto
 62
1
 40
0.000000
 41
0.000000
 66
  1
  0
VERTEX
  8
gto
 10
22.389255
 20
24.221278
  0
VERTEX
  8
gto
 10
23.874238
 20
24.221278
  0
SEQEND
  8
gto
  0
POLYLINE
  8
gto
 62
1
 40
0.000000
 41
0.000000
 66
  1
  0
VERTEX
  8
gto
 10
24.026638
 20
24.373679
  0
VERTEX
  8
gto
 10
24.026638
 20
26.254093
  0
SEQEND
  8
gto
  0
POLYLINE
  8
gto
 62
1
 40
0.000000
 41
0.000000
 66
  1
  0
VERTEX
  8
gto
 10
19.051838
 20
26.406493
  0
VERTEX
  8
gto
 10
20.536821
 20
26.406493
  0
SEQEND
  8
gto
  0
POLYLINE
  8
gto
 62
1
 40
0.000000
 41
0.000000
 66
  1
  0
VERTEX
  8
gto
 10
20.536821
 20
24.221278
  0
VERTEX
  8
gto
 10
19.051838
 20
24.221278
  0
SEQEND
  8
gto
  0
POLYLINE
  8
gto
 62
1
 40
0.000000
 41
0.000000
 66
  1
  0
VERTEX
  8
gto
 10
18.899438
 20
24.373679
  0
VERTEX
  8
gto
 10
18.899438
 20
26.254093
  0
SEQEND
  8
gto
  0
POLYLINE
  8
gto
 62
1
 40
0.000000
 41
0.000000
 66
  1
  0
VERTEX
  8
gto
 10
23.874238
 20
28.860398
  0
VERTEX
  8
gto
 10
22.389255
 20
28.860398
  0
SEQEND
  8
gto
  0
POLYLINE
  8
gto
 62
1
 40
0.000000
 41
0.000000
 66
  1
  0
VERTEX
  8
gto
 10
22.389255
 20
26.675183
  0
VERTEX
  8
gto
 10
23.874238
 20
26.675183
  0
SEQEND
  8
gto
  0
POLYLINE
  8
gto
 62
1
 40
0.000000
 41
0.000000
 66
  1
  0
VERTEX
  8
gto
 10
24.026638
 20
26.827584
  0
VERTEX
  8
gto
 10
24.026638
 20
28.707997
  0
SEQEND
  8
gto
  0
POLYLINE
  8
gto
 62
1
 40
0.000000
 41
0.000000
 66
  1
  0
VERTEX
  8
gto
 10
19.051838
 20
28.860398
  0
VERTEX
  8
gto
 10
20.536821
 20
28.860398
  0
SEQEND
  8
gto
  0
POLYLINE
  8
gto
 62
1
 40
0.000000
 41
0.000000
 66
  1
  0
VERTEX
  8
gto
 10
20.536821
 20
26.675183
  0
VERTEX
  8
gto
 10
19.051838
 20
26.675183
  0
SEQEND
  8
gto
  0
POLYLINE
  8
gto
 62
1
 40
0.000000
 41
0.000000
 66
  1
  0
VERTEX
  8
gto
 10
18.899438
 20
26.827584
  0
VERTEX
  8
gto
 10
18.899438
 20
28.707997
  0
SEQEND
  8
gto
  0
POLYLINE
  8
gto
 62
1
 40
0.000000
 41
0.000000
 66
  1
  0
VERTEX
  8
gto
 10
23.874238
 20
31.314343
  0
VERTEX
  8
gto
 10
22.389255
 20
31.314343
  0
SEQEND
  8
gto
  0
POLYLINE
  8
gto
 62
1
 40
0.000000
 41
0.000000
 66
  1
  0
VERTEX
  8
gto
 10
22.389255
 20
29.129128
  0
VERTEX
  8
gto
 10
23.874238
 20
29.129128
  0
SEQEND
  8
gto
  0
POLYLINE
  8
gto
 62
1
 40
0.000000
 41
0.000000
 66
  1
  0
VERTEX
  8
gto
 10
24.026638
 20
29.281529
  0
VERTEX
  8
gto
 10
24.026638
 20
31.161942
  0
SEQEND
  8
gto
  0
POLYLINE
  8
gto
 62
1
 40
0.000000
 41
0.000000
 66
  1
  0
VERTEX
  8
gto
 10
19.051838
 20
31.314343
  0
VERTEX
  8
gto
 10
20.536821
 20
31.314343
  0
SEQEND
  8
gto
  0
POLYLINE
  8
gto
 62
1
 40
0.000000
 41
0.000000
 66
  1
  0
VERTEX
  8
gto
 10
20.536821
 20
29.129128
  0
VERTEX
  8
gto
 10
19.051838
 20
29.129128
  0
SEQEND
  8
gto
  0
POLYLINE
  8
gto
 62
1
 40
0.000000
 41
0.000000
 66
  1
  0
VERTEX
  8
gto
 10
18.899438
 20
29.281529
  0
VERTEX
  8
gto
 10
18.899438
 20
31.161942
  0
SEQEND
  8
gto
  0
POLYLINE
  8
gto
 62
1
 40
0.000000
 41
0.000000
 66
  1
  0
VERTEX
  8
gto
 10
23.874238
 20
33.768248
  0
VERTEX
  8
gto
 10
22.389255
 20
33.768248
  0
SEQEND
  8
gto
  0
POLYLINE
  8
gto
 62
1
 40
0.000000
 41
0.000000
 66
  1
  0
VERTEX
  8
gto
 10
22.389255
 20
31.583023
  0
VERTEX
  8
gto
 10
23.874238
 20
31.583023
  0
SEQEND
  8
gto
  0
POLYLINE
  8
gto
 62
1
 40
0.000000
 41
0.000000
 66
  1
  0
VERTEX
  8
gto
 10
24.026638
 20
31.735423
  0
VERTEX
  8
gto
 10
24.026638
 20
33.615847
  0
SEQEND
  8
gto
  0
POLYLINE
  8
gto
 62
1
 40
0.000000
 41
0.000000
 66
  1
  0
VERTEX
  8
gto
 10
19.051838
 20
33.768248
  0
VERTEX
  8
gto
 10
20.536821
 20
33.768248
  0
SEQEND
  8
gto
  0
POLYLINE
  8
gto
 62
1
 40
0.000000
 41
0.000000
 66
  1
  0
VERTEX
  8
gto
 10
20.536821
 20
31.583023
  0
VERTEX
  8
gto
 10
19.051838
 20
31.583023
  0
SEQEND
  8
gto
  0
POLYLINE
  8
gto
 62
1
 40
0.000000
 41
0.000000
 66
  1
  0
VERTEX
  8
gto
 10
18.899438
 20
31.735423
  0
VERTEX
  8
gto
 10
18.899438
 20
33.615847
  0
SEQEND
  8
gto
  0
POLYLINE
  8
gto
 62
1
 40
0.000000
 41
0.000000
 66
  1
  0
VERTEX
  8
gto
 10
26.566843
 20
7.875816
  0
VERTEX
  8
gto
 10
26.566843
 20
9.360799
  0
SEQEND
  8
gto
  0
POLYLINE
  8
gto
 62
1
 40
0.000000
 41
0.000000
 66
  1
  0
VERTEX
  8
gto
 10
24.381629
 20
9.360799
  0
VERTEX
  8
gto
 10
24.381629
 20
7.875816
  0
SEQEND
  8
gto
  0
POLYLINE
  8
gto
 62
1
 40
0.000000
 41
0.000000
 66
  1
  0
VERTEX
  8
gto
 10
24.534029
 20
7.723415
  0
VERTEX
  8
gto
 10
26.414443
 20
7.723415
  0
SEQEND
  8
gto
  0
POLYLINE
  8
gto
 62
1
 40
0.000000
 41
0.000000
 66
  1
  0
VERTEX
  8
gto
 10
26.566843
 20
12.698215
  0
VERTEX
  8
gto
 10
26.566843
 20
11.213232
  0
SEQEND
  8
gto
  0
POLYLINE
  8
gto
 62
1
 40
0.000000
 41
0.000000
 66
  1
  0
VERTEX
  8
gto
 10
24.381629
 20
11.213232
  0
VERTEX
  8
gto
 10
24.381629
 20
12.698215
  0
SEQEND
  8
gto
  0
POLYLINE
  8
gto
 62
1
 40
0.000000
 41
0.000000
 66
  1
  0
VERTEX
  8
gto
 10
24.534029
 20
12.850616
  0
VERTEX
  8
gto
 10
26.414443
 20
12.850616
  0
SEQEND
  8
gto
  0
POLYLINE
  8
gto
 62
1
 40
0.000000
 41
0.000000
 66
  1
  0
VERTEX
  8
gto
 10
23.952648
 20
7.875816
  0
VERTEX
  8
gto
 10
23.952648
 20
9.360799
  0
SEQEND
  8
gto
  0
POLYLINE
  8
gto
 62
1
 40
0.000000
 41
0.000000
 66
  1
  0
VERTEX
  8
gto
 10
21.767434
 20
9.360799
  0
VERTEX
  8
gto
 10
21.767434
 20
7.875816
  0
SEQEND
  8
gto
  0
POLYLINE
  8
gto
 62
1
 40
0.000000
 41
0.000000
 66
  1
  0
VERTEX
  8
gto
 10
21.919834
 20
7.723415
  0
VERTEX
  8
gto
 10
23.800248
 20
7.723415
  0
SEQEND
  8
gto
  0
POLYLINE
  8
gto
 62
1
 40
0.000000
 41
0.000000
 66
  1
  0
VERTEX
  8
gto
 10
23.952648
 20
12.698215
  0
VERTEX
  8
gto
 10
23.952648
 20
11.213232
  0
SEQEND
  8
gto
  0
POLYLINE
  8
gto
 62
1
 40
0.000000
 41
0.000000
 66
  1
  0
VERTEX
  8
gto
 10
21.767434
 20
11.213232
  0
VERTEX
  8
gto
 10
21.767434
 20
12.698215
  0
SEQEND
  8
gto
  0
POLYLINE
  8
gto
 62
1
 40
0.000000
 41
0.000000
 66
  1
  0
VERTEX
  8
gto
 10
21.919834
 20
12.850616
  0
VERTEX
  8
gto
 10
23.800248
 20
12.850616
  0
SEQEND
  8
gto
  0
POLYLINE
  8
gto
 62
1
 40
0.000000
 41
0.000000
 66
  1
  0
VERTEX
  8
gto
 10
29.053158
 20
40.082190
  0
VERTEX
  8
gto
 10
29.053158
 20
41.567183
  0
SEQEND
  8
gto
  0
POLYLINE
  8
gto
 62
1
 40
0.000000
 41
0.000000
 66
  1
  0
VERTEX
  8
gto
 10
26.867944
 20
41.567183
  0
VERTEX
  8
gto
 10
26.867944
 20
40.082190
  0
SEQEND
  8
gto
  0
POLYLINE
  8
gto
 62
1
 40
0.000000
 41
0.000000
 66
  1
  0
VERTEX
  8
gto
 10
27.020344
 20
39.929790
  0
VERTEX
  8
gto
 10
28.900758
 20
39.929790
  0
SEQEND
  8
gto
  0
POLYLINE
  8
gto
 62
1
 40
0.000000
 41
0.000000
 66
  1
  0
VERTEX
  8
gto
 10
29.053158
 20
44.904590
  0
VERTEX
  8
gto
 10
29.053158
 20
43.419607
  0
SEQEND
  8
gto
  0
POLYLINE
  8
gto
 62
1
 40
0.000000
 41
0.000000
 66
  1
  0
VERTEX
  8
gto
 10
26.867944
 20
43.419607
  0
VERTEX
  8
gto
 10
26.867944
 20
44.904590
  0
SEQEND
  8
gto
  0
POLYLINE
  8
gto
 62
1
 40
0.000000
 41
0.000000
 66
  1
  0
VERTEX
  8
gto
 10
27.020344
 20
45.056990
  0
VERTEX
  8
gto
 10
28.900758
 20
45.056990
  0
SEQEND
  8
gto
  0
POLYLINE
  8
gto
 62
1
 40
0.000000
 41
0.000000
 66
  1
  0
VERTEX
  8
gto
 10
23.874268
 20
38.675987
  0
VERTEX
  8
gto
 10
22.389275
 20
38.675987
  0
SEQEND
  8
gto
  0
POLYLINE
  8
gto
 62
1
 40
0.000000
 41
0.000000
 66
  1
  0
VERTEX
  8
gto
 10
22.389275
 20
36.490773
  0
VERTEX
  8
gto
 10
23.874268
 20
36.490773
  0
SEQEND
  8
gto
  0
POLYLINE
  8
gto
 62
1
 40
0.000000
 41
0.000000
 66
  1
  0
VERTEX
  8
gto
 10
24.026668
 20
36.643173
  0
VERTEX
  8
gto
 10
24.026668
 20
38.523587
  0
SEQEND
  8
gto
  0
POLYLINE
  8
gto
 62
1
 40
0.000000
 41
0.000000
 66
  1
  0
VERTEX
  8
gto
 10
19.051858
 20
38.675987
  0
VERTEX
  8
gto
 10
20.536851
 20
38.675987
  0
SEQEND
  8
gto
  0
POLYLINE
  8
gto
 62
1
 40
0.000000
 41
0.000000
 66
  1
  0
VERTEX
  8
gto
 10
20.536851
 20
36.490773
  0
VERTEX
  8
gto
 10
19.051858
 20
36.490773
  0
SEQEND
  8
gto
  0
POLYLINE
  8
gto
 62
1
 40
0.000000
 41
0.000000
 66
  1
  0
VERTEX
  8
gto
 10
18.899458
 20
36.643173
  0
VERTEX
  8
gto
 10
18.899458
 20
38.523587
  0
SEQEND
  8
gto
  0
POLYLINE
  8
gto
 62
1
 40
0.000000
 41
0.000000
 66
  1
  0
VERTEX
  8
gto
 10
23.874268
 20
36.222122
  0
VERTEX
  8
gto
 10
22.389275
 20
36.222122
  0
SEQEND
  8
gto
  0
POLYLINE
  8
gto
 62
1
 40
0.000000
 41
0.000000
 66
  1
  0
VERTEX
  8
gto
 10
22.389275
 20
34.036898
  0
VERTEX
  8
gto
 10
23.874268
 20
34.036898
  0
SEQEND
  8
gto
  0
POLYLINE
  8
gto
 62
1
 40
0.000000
 41
0.000000
 66
  1
  0
VERTEX
  8
gto
 10
24.026668
 20
34.189298
  0
VERTEX
  8
gto
 10
24.026668
 20
36.069722
  0
SEQEND
  8
gto
  0
POLYLINE
  8
gto
 62
1
 40
0.000000
 41
0.000000
 66
  1
  0
VERTEX
  8
gto
 10
19.051858
 20
36.222122
  0
VERTEX
  8
gto
 10
20.536851
 20
36.222122
  0
SEQEND
  8
gto
  0
POLYLINE
  8
gto
 62
1
 40
0.000000
 41
0.000000
 66
  1
  0
VERTEX
  8
gto
 10
20.536851
 20
34.036898
  0
VERTEX
  8
gto
 10
19.051858
 20
34.036898
  0
SEQEND
  8
gto
  0
POLYLINE
  8
gto
 62
1
 40
0.000000
 41
0.000000
 66
  1
  0
VERTEX
  8
gto
 10
18.899458
 20
34.189298
  0
VERTEX
  8
gto
 10
18.899458
 20
36.069722
  0
SEQEND
  8
gto
  0
POLYLINE
  8
gto
 62
1
 40
0.000000
 41
0.000000
 66
  1
  0
VERTEX
  8
gto
 10
23.874238
 20
23.952648
  0
VERTEX
  8
gto
 10
22.389255
 20
23.952648
  0
SEQEND
  8
gto
  0
POLYLINE
  8
gto
 62
1
 40
0.000000
 41
0.000000
 66
  1
  0
VERTEX
  8
gto
 10
22.389255
 20
21.767434
  0
VERTEX
  8
gto
 10
23.874238
 20
21.767434
  0
SEQEND
  8
gto
  0
POLYLINE
  8
gto
 62
1
 40
0.000000
 41
0.000000
 66
  1
  0
VERTEX
  8
gto
 10
24.026638
 20
21.919834
  0
VERTEX
  8
gto
 10
24.026638
 20
23.800248
  0
SEQEND
  8
gto
  0
POLYLINE
  8
gto
 62
1
 40
0.000000
 41
0.000000
 66
  1
  0
VERTEX
  8
gto
 10
19.051838
 20
23.952648
  0
VERTEX
  8
gto
 10
20.536821
 20
23.952648
  0
SEQEND
  8
gto
  0
POLYLINE
  8
gto
 62
1
 40
0.000000
 41
0.000000
 66
  1
  0
VERTEX
  8
gto
 10
20.536821
 20
21.767434
  0
VERTEX
  8
gto
 10
19.051838
 20
21.767434
  0
SEQEND
  8
gto
  0
POLYLINE
  8
gto
 62
1
 40
0.000000
 41
0.000000
 66
  1
  0
VERTEX
  8
gto
 10
18.899438
 20
21.919834
  0
VERTEX
  8
gto
 10
18.899438
 20
23.800248
  0
SEQEND
  8
gto
  0
POLYLINE
  8
gto
 62
1
 40
0.000000
 41
0.000000
 66
  1
  0
VERTEX
  8
gto
 10
21.574923
 20
44.904590
  0
VERTEX
  8
gto
 10
21.574923
 20
43.419607
  0
SEQEND
  8
gto
  0
POLYLINE
  8
gto
 62
1
 40
0.000000
 41
0.000000
 66
  1
  0
VERTEX
  8
gto
 10
23.760138
 20
43.419607
  0
VERTEX
  8
gto
 10
23.760138
 20
44.904590
  0
SEQEND
  8
gto
  0
POLYLINE
  8
gto
 62
1
 40
0.000000
 41
0.000000
 66
  1
  0
VERTEX
  8
gto
 10
23.607737
 20
45.056990
  0
VERTEX
  8
gto
 10
21.727323
 20
45.056990
  0
SEQEND
  8
gto
  0
POLYLINE
  8
gto
 62
1
 40
0.000000
 41
0.000000
 66
  1
  0
VERTEX
  8
gto
 10
21.574923
 20
40.082190
  0
VERTEX
  8
gto
 10
21.574923
 20
41.567183
  0
SEQEND
  8
gto
  0
POLYLINE
  8
gto
 62
1
 40
0.000000
 41
0.000000
 66
  1
  0
VERTEX
  8
gto
 10
23.760138
 20
41.567183
  0
VERTEX
  8
gto
 10
23.760138
 20
40.082190
  0
SEQEND
  8
gto
  0
POLYLINE
  8
gto
 62
1
 40
0.000000
 41
0.000000
 66
  1
  0
VERTEX
  8
gto
 10
23.607737
 20
39.929790
  0
VERTEX
  8
gto
 10
21.727323
 20
39.929790
  0
SEQEND
  8
gto
  0
POLYLINE
  8
gto
 62
1
 40
0.000000
 41
0.000000
 66
  1
  0
VERTEX
  8
gto
 10
29.514449
 20
44.904590
  0
VERTEX
  8
gto
 10
29.514449
 20
43.419607
  0
SEQEND
  8
gto
  0
POLYLINE
  8
gto
 62
1
 40
0.000000
 41
0.000000
 66
  1
  0
VERTEX
  8
gto
 10
31.699663
 20
43.419607
  0
VERTEX
  8
gto
 10
31.699663
 20
44.904590
  0
SEQEND
  8
gto
  0
POLYLINE
  8
gto
 62
1
 40
0.000000
 41
0.000000
 66
  1
  0
VERTEX
  8
gto
 10
31.547263
 20
45.056990
  0
VERTEX
  8
gto
 10
29.666849
 20
45.056990
  0
SEQEND
  8
gto
  0
POLYLINE
  8
gto
 62
1
 40
0.000000
 41
0.000000
 66
  1
  0
VERTEX
  8
gto
 10
29.514449
 20
40.082190
  0
VERTEX
  8
gto
 10
29.514449
 20
41.567183
  0
SEQEND
  8
gto
  0
POLYLINE
  8
gto
 62
1
 40
0.000000
 41
0.000000
 66
  1
  0
VERTEX
  8
gto
 10
31.699663
 20
41.567183
  0
VERTEX
  8
gto
 10
31.699663
 20
40.082190
  0
SEQEND
  8
gto
  0
POLYLINE
  8
gto
 62
1
 40
0.000000
 41
0.000000
 66
  1
  0
VERTEX
  8
gto
 10
31.547263
 20
39.929790
  0
VERTEX
  8
gto
 10
29.666849
 20
39.929790
  0
SEQEND
  8
gto
  0
POLYLINE
  8
gto
 62
1
 40
0.000000
 41
0.000000
 66
  1
  0
VERTEX
  8
gto
 10
43.286177
 20
21.503453
  0
VERTEX
  8
gto
 10
43.286177
 20
21.649393
  0
SEQEND
  8
gto
  0
POLYLINE
  8
gto
 62
1
 40
0.000000
 41
0.000000
 66
  1
  0
VERTEX
  8
gto
 10
43.286177
 20
20.553461
  0
VERTEX
  8
gto
 10
43.286177
 20
20.595141
  0
SEQEND
  8
gto
  0
POLYLINE
  8
gto
 62
1
 40
0.000000
 41
0.000000
 66
  1
  0
VERTEX
  8
gto
 10
43.286177
 20
19.603529
  0
VERTEX
  8
gto
 10
43.286177
 20
19.645179
  0
SEQEND
  8
gto
  0
POLYLINE
  8
gto
 62
1
 40
0.000000
 41
0.000000
 66
  1
  0
VERTEX
  8
gto
 10
43.286177
 20
18.549377
  0
VERTEX
  8
gto
 10
43.286177
 20
18.695217
  0
SEQEND
  8
gto
  0
POLYLINE
  8
gto
 62
1
 40
0.000000
 41
0.000000
 66
  1
  0
VERTEX
  8
gto
 10
45.086200
 20
21.503453
  0
VERTEX
  8
gto
 10
45.086200
 20
21.649393
  0
SEQEND
  8
gto
  0
POLYLINE
  8
gto
 62
1
 40
0.000000
 41
0.000000
 66
  1
  0
VERTEX
  8
gto
 10
45.086200
 20
19.603529
  0
VERTEX
  8
gto
 10
45.086200
 20
20.595171
  0
SEQEND
  8
gto
  0
POLYLINE
  8
gto
 62
1
 40
0.000000
 41
0.000000
 66
  1
  0
VERTEX
  8
gto
 10
45.086200
 20
18.549377
  0
VERTEX
  8
gto
 10
45.086200
 20
18.695247
  0
SEQEND
  8
gto
  0
POLYLINE
  8
gto
 62
1
 40
0.000000
 41
0.000000
 66
  1
  0
VERTEX
  8
gto
 10
45.086200
 20
18.549377
  0
VERTEX
  8
gto
 10
43.286177
 20
18.549377
  0
SEQEND
  8
gto
  0
POLYLINE
  8
gto
 62
1
 40
0.000000
 41
0.000000
 66
  1
  0
VERTEX
  8
gto
 10
45.086200
 20
21.649393
  0
VERTEX
  8
gto
 10
43.286177
 20
21.649393
  0
SEQEND
  8
gto
  0
POLYLINE
  8
gto
 62
1
 40
0.000000
 41
0.000000
 66
  1
  0
VERTEX
  8
gto
 10
54.989410
 20
39.845110
  0
VERTEX
  8
gto
 10
54.989410
 20
39.845110
  0
VERTEX
  8
gto
 10
54.989410
 20
39.845110
 42
0.414214
  0
VERTEX
  8
gto
 10
55.141810
 20
39.997510
  0
VERTEX
  8
gto
 10
55.141810
 20
39.997510
  0
SEQEND
  8
gto
  0
POLYLINE
  8
gto
 62
1
 40
0.000000
 41
0.000000
 66
  1
  0
VERTEX
  8
gto
 10
55.141810
 20
41.877924
  0
VERTEX
  8
gto
 10
55.141810
 20
41.877924
  0
VERTEX
  8
gto
 10
55.141810
 20
41.877924
 42
0.414214
  0
VERTEX
  8
gto
 10
54.989410
 20
42.030324
  0
VERTEX
  8
gto
 10
54.989410
 20
42.030324
  0
SEQEND
  8
gto
  0
POLYLINE
  8
gto
 62
1
 40
0.000000
 41
0.000000
 66
  1
  0
VERTEX
  8
gto
 10
50.167010
 20
39.845110
  0
VERTEX
  8
gto
 10
50.167010
 20
39.845110
  0
VERTEX
  8
gto
 10
50.167010
 20
39.845110
 42
-0.414167
  0
VERTEX
  8
gto
 10
50.014600
 20
39.997510
  0
VERTEX
  8
gto
 10
50.014600
 20
39.997510
  0
SEQEND
  8
gto
  0
POLYLINE
  8
gto
 62
1
 40
0.000000
 41
0.000000
 66
  1
  0
VERTEX
  8
gto
 10
50.014600
 20
41.877924
  0
VERTEX
  8
gto
 10
50.014600
 20
41.877924
  0
VERTEX
  8
gto
 10
50.014600
 20
41.877924
 42
-0.414260
  0
VERTEX
  8
gto
 10
50.167010
 20
42.030324
  0
VERTEX
  8
gto
 10
50.167010
 20
42.030324
  0
SEQEND
  8
gto
  0
POLYLINE
  8
gto
 62
1
 40
0.000000
 41
0.000000
 66
  1
  0
VERTEX
  8
gto
 10
54.989310
 20
42.718975
  0
VERTEX
  8
gto
 10
54.989310
 20
42.718975
  0
VERTEX
  8
gto
 10
54.989310
 20
42.718975
 42
0.414214
  0
VERTEX
  8
gto
 10
55.141710
 20
42.871376
  0
VERTEX
  8
gto
 10
55.141710
 20
42.871376
  0
SEQEND
  8
gto
  0
POLYLINE
  8
gto
 62
1
 40
0.000000
 41
0.000000
 66
  1
  0
VERTEX
  8
gto
 10
55.141710
 20
44.751790
  0
VERTEX
  8
gto
 10
55.141710
 20
44.751790
  0
VERTEX
  8
gto
 10
55.141710
 20
44.751790
 42
0.414214
  0
VERTEX
  8
gto
 10
54.989310
 20
44.904190
  0
VERTEX
  8
gto
 10
54.989310
 20
44.904190
  0
SEQEND
  8
gto
  0
POLYLINE
  8
gto
 62
1
 40
0.000000
 41
0.000000
 66
  1
  0
VERTEX
  8
gto
 10
50.166900
 20
42.718975
  0
VERTEX
  8
gto
 10
50.166900
 20
42.718975
  0
VERTEX
  8
gto
 10
50.166900
 20
42.718975
 42
-0.414214
  0
VERTEX
  8
gto
 10
50.014500
 20
42.871376
  0
VERTEX
  8
gto
 10
50.014500
 20
42.871376
  0
SEQEND
  8
gto
  0
POLYLINE
  8
gto
 62
1
 40
0.000000
 41
0.000000
 66
  1
  0
VERTEX
  8
gto
 10
50.014500
 20
44.751790
  0
VERTEX
  8
gto
 10
50.014500
 20
44.751790
  0
VERTEX
  8
gto
 10
50.014500
 20
44.751790
 42
-0.414214
  0
VERTEX
  8
gto
 10
50.166900
 20
44.904190
  0
VERTEX
  8
gto
 10
50.166900
 20
44.904190
  0
SEQEND
  8
gto
  0
POLYLINE
  8
gto
 62
1
 40
0.000000
 41
0.000000
 66
  1
  0
VERTEX
  8
gto
 10
30.787702
 20
17.638535
  0
VERTEX
  8
gto
 10
30.787702
 20
17.638535
  0
VERTEX
  8
gto
 10
30.787702
 20
17.638535
 42
0.943525
  0
VERTEX
  8
gto
 10
30.792612
 20
19.091388
  0
VERTEX
  8
gto
 10
30.792612
 20
19.091388
  0
SEQEND
  8
gto
  0
POLYLINE
  8
gto
 62
1
 40
0.000000
 41
0.000000
 66
  1
  0
VERTEX
  8
gto
 10
21.285653
 20
6.195812
  0
VERTEX
  8
gto
 10
21.285653
 20
6.195812
  0
VERTEX
  8
gto
 10
21.285653
 20
6.195812
 42
0.414214
  0
VERTEX
  8
gto
 10
21.133252
 20
6.348213
  0
VERTEX
  8
gto
 10
21.133252
 20
6.348213
  0
SEQEND
  8
gto
  0
POLYLINE
  8
gto
 62
1
 40
0.000000
 41
0.000000
 66
  1
  0
VERTEX
  8
gto
 10
19.252829
 20
6.348213
  0
VERTEX
  8
gto
 10
19.252829
 20
6.348213
  0
VERTEX
  8
gto
 10
19.252829
 20
6.348213
 42
0.414214
  0
VERTEX
  8
gto
 10
19.100428
 20
6.195812
  0
VERTEX
  8
gto
 10
19.100428
 20
6.195812
  0
SEQEND
  8
gto
  0
POLYLINE
  8
gto
 62
1
 40
0.000000
 41
0.000000
 66
  1
  0
VERTEX
  8
gto
 10
21.285653
 20
1.373403
  0
VERTEX
  8
gto
 10
21.285653
 20
1.373403
  0
VERTEX
  8
gto
 10
21.285653
 20
1.373403
 42
-0.414214
  0
VERTEX
  8
gto
 10
21.133252
 20
1.221002
  0
VERTEX
  8
gto
 10
21.133252
 20
1.221002
  0
SEQEND
  8
gto
  0
POLYLINE
  8
gto
 62
1
 40
0.000000
 41
0.000000
 66
  1
  0
VERTEX
  8
gto
 10
19.252829
 20
1.221002
  0
VERTEX
  8
gto
 10
19.252829
 20
1.221002
  0
VERTEX
  8
gto
 10
19.252829
 20
1.221002
 42
-0.414214
  0
VERTEX
  8
gto
 10
19.100428
 20
1.373403
  0
VERTEX
  8
gto
 10
19.100428
 20
1.373403
  0
SEQEND
  8
gto
  0
POLYLINE
  8
gto
 62
1
 40
0.000000
 41
0.000000
 66
  1
  0
VERTEX
  8
gto
 10
24.028858
 20
6.195812
  0
VERTEX
  8
gto
 10
24.028858
 20
6.195812
  0
VERTEX
  8
gto
 10
24.028858
 20
6.195812
 42
0.414214
  0
VERTEX
  8
gto
 10
23.876458
 20
6.348213
  0
VERTEX
  8
gto
 10
23.876458
 20
6.348213
  0
SEQEND
  8
gto
  0
POLYLINE
  8
gto
 62
1
 40
0.000000
 41
0.000000
 66
  1
  0
VERTEX
  8
gto
 10
21.996034
 20
6.348213
  0
VERTEX
  8
gto
 10
21.996034
 20
6.348213
  0
VERTEX
  8
gto
 10
21.996034
 20
6.348213
 42
0.414214
  0
VERTEX
  8
gto
 10
21.843634
 20
6.195812
  0
VERTEX
  8
gto
 10
21.843634
 20
6.195812
  0
SEQEND
  8
gto
  0
POLYLINE
  8
gto
 62
1
 40
0.000000
 41
0.000000
 66
  1
  0
VERTEX
  8
gto
 10
24.028858
 20
1.373403
  0
VERTEX
  8
gto
 10
24.028858
 20
1.373403
  0
VERTEX
  8
gto
 10
24.028858
 20
1.373403
 42
-0.414214
  0
VERTEX
  8
gto
 10
23.876458
 20
1.221002
  0
VERTEX
  8
gto
 10
23.876458
 20
1.221002
  0
SEQEND
  8
gto
  0
POLYLINE
  8
gto
 62
1
 40
0.000000
 41
0.000000
 66
  1
  0
VERTEX
  8
gto
 10
21.996034
 20
1.221002
  0
VERTEX
  8
gto
 10
21.996034
 20
1.221002
  0
VERTEX
  8
gto
 10
21.996034
 20
1.221002
 42
-0.414214
  0
VERTEX
  8
gto
 10
21.843634
 20
1.373403
  0
VERTEX
  8
gto
 10
21.843634
 20
1.373403
  0
SEQEND
  8
gto
  0
POLYLINE
  8
gto
 62
1
 40
0.000000
 41
0.000000
 66
  1
  0
VERTEX
  8
gto
 10
34.742769
 20
7.875816
  0
VERTEX
  8
gto
 10
34.742769
 20
7.875816
  0
VERTEX
  8
gto
 10
34.742769
 20
7.875816
 42
0.414214
  0
VERTEX
  8
gto
 10
34.895170
 20
7.723415
  0
VERTEX
  8
gto
 10
34.895170
 20
7.723415
  0
SEQEND
  8
gto
  0
POLYLINE
  8
gto
 62
1
 40
0.000000
 41
0.000000
 66
  1
  0
VERTEX
  8
gto
 10
36.775594
 20
7.723415
  0
VERTEX
  8
gto
 10
36.775594
 20
7.723415
  0
VERTEX
  8
gto
 10
36.775594
 20
7.723415
 42
0.414214
  0
VERTEX
  8
gto
 10
36.927994
 20
7.875816
  0
VERTEX
  8
gto
 10
36.927994
 20
7.875816
  0
SEQEND
  8
gto
  0
POLYLINE
  8
gto
 62
1
 40
0.000000
 41
0.000000
 66
  1
  0
VERTEX
  8
gto
 10
34.742769
 20
12.698225
  0
VERTEX
  8
gto
 10
34.742769
 20
12.698225
  0
VERTEX
  8
gto
 10
34.742769
 20
12.698225
 42
-0.414214
  0
VERTEX
  8
gto
 10
34.895170
 20
12.850626
  0
VERTEX
  8
gto
 10
34.895170
 20
12.850626
  0
SEQEND
  8
gto
  0
POLYLINE
  8
gto
 62
1
 40
0.000000
 41
0.000000
 66
  1
  0
VERTEX
  8
gto
 10
36.775594
 20
12.850626
  0
VERTEX
  8
gto
 10
36.775594
 20
12.850626
  0
VERTEX
  8
gto
 10
36.775594
 20
12.850626
 42
-0.414214
  0
VERTEX
  8
gto
 10
36.927994
 20
12.698225
  0
VERTEX
  8
gto
 10
36.927994
 20
12.698225
  0
SEQEND
  8
gto
  0
POLYLINE
  8
gto
 62
1
 40
0.000000
 41
0.000000
 66
  1
  0
VERTEX
  8
gto
 10
32.128654
 20
7.875816
  0
VERTEX
  8
gto
 10
32.128654
 20
7.875816
  0
VERTEX
  8
gto
 10
32.128654
 20
7.875816
 42
0.414214
  0
VERTEX
  8
gto
 10
32.281055
 20
7.723415
  0
VERTEX
  8
gto
 10
32.281055
 20
7.723415
  0
SEQEND
  8
gto
  0
POLYLINE
  8
gto
 62
1
 40
0.000000
 41
0.000000
 66
  1
  0
VERTEX
  8
gto
 10
34.161468
 20
7.723415
  0
VERTEX
  8
gto
 10
34.161468
 20
7.723415
  0
VERTEX
  8
gto
 10
34.161468
 20
7.723415
 42
0.414214
  0
VERTEX
  8
gto
 10
34.313869
 20
7.875816
  0
VERTEX
  8
gto
 10
34.313869
 20
7.875816
  0
SEQEND
  8
gto
  0
POLYLINE
  8
gto
 62
1
 40
0.000000
 41
0.000000
 66
  1
  0
VERTEX
  8
gto
 10
32.128654
 20
12.698225
  0
VERTEX
  8
gto
 10
32.128654
 20
12.698225
  0
VERTEX
  8
gto
 10
32.128654
 20
12.698225
 42
-0.414214
  0
VERTEX
  8
gto
 10
32.281055
 20
12.850626
  0
VERTEX
  8
gto
 10
32.281055
 20
12.850626
  0
SEQEND
  8
gto
  0
POLYLINE
  8
gto
 62
1
 40
0.000000
 41
0.000000
 66
  1
  0
VERTEX
  8
gto
 10
34.161468
 20
12.850626
  0
VERTEX
  8
gto
 10
34.161468
 20
12.850626
  0
VERTEX
  8
gto
 10
34.161468
 20
12.850626
 42
-0.414214
  0
VERTEX
  8
gto
 10
34.313869
 20
12.698225
  0
VERTEX
  8
gto
 10
34.313869
 20
12.698225
  0
SEQEND
  8
gto
  0
POLYLINE
  8
gto
 62
1
 40
0.000000
 41
0.000000
 66
  1
  0
VERTEX
  8
gto
 10
37.356845
 20
7.875926
  0
VERTEX
  8
gto
 10
37.356845
 20
7.875926
  0
VERTEX
  8
gto
 10
37.356845
 20
7.875926
 42
0.414214
  0
VERTEX
  8
gto
 10
37.509245
 20
7.723525
  0
VERTEX
  8
gto
 10
37.509245
 20
7.723525
  0
SEQEND
  8
gto
  0
POLYLINE
  8
gto
 62
1
 40
0.000000
 41
0.000000
 66
  1
  0
VERTEX
  8
gto
 10
39.389659
 20
7.723525
  0
VERTEX
  8
gto
 10
39.389659
 20
7.723525
  0
VERTEX
  8
gto
 10
39.389659
 20
7.723525
 42
0.414214
  0
VERTEX
  8
gto
 10
39.542059
 20
7.875926
  0
VERTEX
  8
gto
 10
39.542059
 20
7.875926
  0
SEQEND
  8
gto
  0
POLYLINE
  8
gto
 62
1
 40
0.000000
 41
0.000000
 66
  1
  0
VERTEX
  8
gto
 10
37.356845
 20
12.698325
  0
VERTEX
  8
gto
 10
37.356845
 20
12.698325
  0
VERTEX
  8
gto
 10
37.356845
 20
12.698325
 42
-0.414214
  0
VERTEX
  8
gto
 10
37.509245
 20
12.850726
  0
VERTEX
  8
gto
 10
37.509245
 20
12.850726
  0
SEQEND
  8
gto
  0
POLYLINE
  8
gto
 62
1
 40
0.000000
 41
0.000000
 66
  1
  0
VERTEX
  8
gto
 10
39.389659
 20
12.850726
  0
VERTEX
  8
gto
 10
39.389659
 20
12.850726
  0
VERTEX
  8
gto
 10
39.389659
 20
12.850726
 42
-0.414214
  0
VERTEX
  8
gto
 10
39.542059
 20
12.698325
  0
VERTEX
  8
gto
 10
39.542059
 20
12.698325
  0
SEQEND
  8
gto
  0
POLYLINE
  8
gto
 62
1
 40
0.000000
 41
0.000000
 66
  1
  0
VERTEX
  8
gto
 10
39.971120
 20
7.875926
  0
VERTEX
  8
gto
 10
39.971120
 20
7.875926
  0
VERTEX
  8
gto
 10
39.971120
 20
7.875926
 42
0.414214
  0
VERTEX
  8
gto
 10
40.123520
 20
7.723525
  0
VERTEX
  8
gto
 10
40.123520
 20
7.723525
  0
SEQEND
  8
gto
  0
POLYLINE
  8
gto
 62
1
 40
0.000000
 41
0.000000
 66
  1
  0
VERTEX
  8
gto
 10
42.003934
 20
7.723525
  0
VERTEX
  8
gto
 10
42.003934
 20
7.723525
  0
VERTEX
  8
gto
 10
42.003934
 20
7.723525
 42
0.414214
  0
VERTEX
  8
gto
 10
42.156334
 20
7.875926
  0
VERTEX
  8
gto
 10
42.156334
 20
7.875926
  0
SEQEND
  8
gto
  0
POLYLINE
  8
gto
 62
1
 40
0.000000
 41
0.000000
 66
  1
  0
VERTEX
  8
gto
 10
39.971120
 20
12.698325
  0
VERTEX
  8
gto
 10
39.971120
 20
12.698325
  0
VERTEX
  8
gto
 10
39.971120
 20
12.698325
 42
-0.414214
  0
VERTEX
  8
gto
 10
40.123520
 20
12.850726
  0
VERTEX
  8
gto
 10
40.123520
 20
12.850726
  0
SEQEND
  8
gto
  0
POLYLINE
  8
gto
 62
1
 40
0.000000
 41
0.000000
 66
  1
  0
VERTEX
  8
gto
 10
42.003934
 20
12.850726
  0
VERTEX
  8
gto
 10
42.003934
 20
12.850726
  0
VERTEX
  8
gto
 10
42.003934
 20
12.850726
 42
-0.414214
  0
VERTEX
  8
gto
 10
42.156334
 20
12.698325
  0
VERTEX
  8
gto
 10
42.156334
 20
12.698325
  0
SEQEND
  8
gto
  0
POLYLINE
  8
gto
 62
1
 40
0.000000
 41
0.000000
 66
  1
  0
VERTEX
  8
gto
 10
26.406683
 20
44.904600
  0
VERTEX
  8
gto
 10
26.406683
 20
44.904600
  0
VERTEX
  8
gto
 10
26.406683
 20
44.904600
 42
0.414214
  0
VERTEX
  8
gto
 10
26.254283
 20
45.057000
  0
VERTEX
  8
gto
 10
26.254283
 20
45.057000
  0
SEQEND
  8
gto
  0
POLYLINE
  8
gto
 62
1
 40
0.000000
 41
0.000000
 66
  1
  0
VERTEX
  8
gto
 10
24.373859
 20
45.057000
  0
VERTEX
  8
gto
 10
24.373859
 20
45.057000
  0
VERTEX
  8
gto
 10
24.373859
 20
45.057000
 42
0.414214
  0
VERTEX
  8
gto
 10
24.221458
 20
44.904600
  0
VERTEX
  8
gto
 10
24.221458
 20
44.904600
  0
SEQEND
  8
gto
  0
POLYLINE
  8
gto
 62
1
 40
0.000000
 41
0.000000
 66
  1
  0
VERTEX
  8
gto
 10
26.406683
 20
40.082190
  0
VERTEX
  8
gto
 10
26.406683
 20
40.082190
  0
VERTEX
  8
gto
 10
26.406683
 20
40.082190
 42
-0.414214
  0
VERTEX
  8
gto
 10
26.254283
 20
39.929790
  0
VERTEX
  8
gto
 10
26.254283
 20
39.929790
  0
SEQEND
  8
gto
  0
POLYLINE
  8
gto
 62
1
 40
0.000000
 41
0.000000
 66
  1
  0
VERTEX
  8
gto
 10
24.373859
 20
39.929790
  0
VERTEX
  8
gto
 10
24.373859
 20
39.929790
  0
VERTEX
  8
gto
 10
24.373859
 20
39.929790
 42
-0.414214
  0
VERTEX
  8
gto
 10
24.221458
 20
40.082190
  0
VERTEX
  8
gto
 10
24.221458
 20
40.082190
  0
SEQEND
  8
gto
  0
POLYLINE
  8
gto
 62
1
 40
0.000000
 41
0.000000
 66
  1
  0
VERTEX
  8
gto
 10
21.113662
 20
44.904600
  0
VERTEX
  8
gto
 10
21.113662
 20
44.904600
  0
VERTEX
  8
gto
 10
21.113662
 20
44.904600
 42
0.414214
  0
VERTEX
  8
gto
 10
20.961262
 20
45.057000
  0
VERTEX
  8
gto
 10
20.961262
 20
45.057000
  0
SEQEND
  8
gto
  0
POLYLINE
  8
gto
 62
1
 40
0.000000
 41
0.000000
 66
  1
  0
VERTEX
  8
gto
 10
19.080848
 20
45.057000
  0
VERTEX
  8
gto
 10
19.080848
 20
45.057000
  0
VERTEX
  8
gto
 10
19.080848
 20
45.057000
 42
0.414214
  0
VERTEX
  8
gto
 10
18.928448
 20
44.904600
  0
VERTEX
  8
gto
 10
18.928448
 20
44.904600
  0
SEQEND
  8
gto
  0
POLYLINE
  8
gto
 62
1
 40
0.000000
 41
0.000000
 66
  1
  0
VERTEX
  8
gto
 10
21.113662
 20
40.082190
  0
VERTEX
  8
gto
 10
21.113662
 20
40.082190
  0
VERTEX
  8
gto
 10
21.113662
 20
40.082190
 42
-0.414214
  0
VERTEX
  8
gto
 10
20.961262
 20
39.929790
  0
VERTEX
  8
gto
 10
20.961262
 20
39.929790
  0
SEQEND
  8
gto
  0
POLYLINE
  8
gto
 62
1
 40
0.000000
 41
0.000000
 66
  1
  0
VERTEX
  8
gto
 10
19.080848
 20
39.929790
  0
VERTEX
  8
gto
 10
19.080848
 20
39.929790
  0
VERTEX
  8
gto
 10
19.080848
 20
39.929790
 42
-0.414214
  0
VERTEX
  8
gto
 10
18.928448
 20
40.082190
  0
VERTEX
  8
gto
 10
18.928448
 20
40.082190
  0
SEQEND
  8
gto
  0
POLYLINE
  8
gto
 62
1
 40
0.000000
 41
0.000000
 66
  1
  0
VERTEX
  8
gto
 10
18.467187
 20
44.904600
  0
VERTEX
  8
gto
 10
18.467187
 20
44.904600
  0
VERTEX
  8
gto
 10
18.467187
 20
44.904600
 42
0.414214
  0
VERTEX
  8
gto
 10
18.314787
 20
45.057000
  0
VERTEX
  8
gto
 10
18.314787
 20
45.057000
  0
SEQEND
  8
gto
  0
POLYLINE
  8
gto
 62
1
 40
0.000000
 41
0.000000
 66
  1
  0
VERTEX
  8
gto
 10
16.434363
 20
45.057000
  0
VERTEX
  8
gto
 10
16.434363
 20
45.057000
  0
VERTEX
  8
gto
 10
16.434363
 20
45.057000
 42
0.414214
  0
VERTEX
  8
gto
 10
16.281963
 20
44.904600
  0
VERTEX
  8
gto
 10
16.281963
 20
44.904600
  0
SEQEND
  8
gto
  0
POLYLINE
  8
gto
 62
1
 40
0.000000
 41
0.000000
 66
  1
  0
VERTEX
  8
gto
 10
18.467187
 20
40.082190
  0
VERTEX
  8
gto
 10
18.467187
 20
40.082190
  0
VERTEX
  8
gto
 10
18.467187
 20
40.082190
 42
-0.414214
  0
VERTEX
  8
gto
 10
18.314787
 20
39.929790
  0
VERTEX
  8
gto
 10
18.314787
 20
39.929790
  0
SEQEND
  8
gto
  0
POLYLINE
  8
gto
 62
1
 40
0.000000
 41
0.000000
 66
  1
  0
VERTEX
  8
gto
 10
16.434363
 20
39.929790
  0
VERTEX
  8
gto
 10
16.434363
 20
39.929790
  0
VERTEX
  8
gto
 10
16.434363
 20
39.929790
 42
-0.414214
  0
VERTEX
  8
gto
 10
16.281963
 20
40.082190
  0
VERTEX
  8
gto
 10
16.281963
 20
40.082190
  0
SEQEND
  8
gto
  0
POLYLINE
  8
gto
 62
1
 40
0.000000
 41
0.000000
 66
  1
  0
VERTEX
  8
gto
 10
56.706683
 20
21.506423
  0
VERTEX
  8
gto
 10
56.706683
 20
21.506423
  0
VERTEX
  8
gto
 10
56.706683
 20
21.506423
 42
0.414186
  0
VERTEX
  8
gto
 10
56.706683
 20
21.721943
  0
VERTEX
  8
gto
 10
56.706683
 20
21.721943
  0
SEQEND
  8
gto
  0
POLYLINE
  8
gto
 62
1
 40
0.000000
 41
0.000000
 66
  1
  0
VERTEX
  8
gto
 10
55.377011
 20
23.051616
  0
VERTEX
  8
gto
 10
55.377011
 20
23.051616
  0
VERTEX
  8
gto
 10
55.377011
 20
23.051616
 42
0.414186
  0
VERTEX
  8
gto
 10
55.161490
 20
23.051616
  0
VERTEX
  8
gto
 10
55.161490
 20
23.051616
  0
SEQEND
  8
gto
  0
POLYLINE
  8
gto
 62
1
 40
0.000000
 41
0.000000
 66
  1
  0
VERTEX
  8
gto
 10
53.296727
 20
18.096466
  0
VERTEX
  8
gto
 10
53.296727
 20
18.096466
  0
VERTEX
  8
gto
 10
53.296727
 20
18.096466
 42
-0.414186
  0
VERTEX
  8
gto
 10
53.081206
 20
18.096466
  0
VERTEX
  8
gto
 10
53.081206
 20
18.096466
  0
SEQEND
  8
gto
  0
POLYLINE
  8
gto
 62
1
 40
0.000000
 41
0.000000
 66
  1
  0
VERTEX
  8
gto
 10
51.751534
 20
19.426139
  0
VERTEX
  8
gto
 10
51.751534
 20
19.426139
  0
VERTEX
  8
gto
 10
51.751534
 20
19.426139
 42
-0.414186
  0
VERTEX
  8
gto
 10
51.751534
 20
19.641659
  0
VERTEX
  8
gto
 10
51.751534
 20
19.641659
  0
SEQEND
  8
gto
  0
POLYLINE
  8
gto
 62
1
 40
0.000000
 41
0.000000
 66
  1
  0
VERTEX
  8
gto
 10
62.379355
 20
15.833682
  0
VERTEX
  8
gto
 10
62.379355
 20
15.833682
  0
VERTEX
  8
gto
 10
62.379355
 20
15.833682
 42
0.414186
  0
VERTEX
  8
gto
 10
62.379355
 20
16.049202
  0
VERTEX
  8
gto
 10
62.379355
 20
16.049202
  0
SEQEND
  8
gto
  0
POLYLINE
  8
gto
 62
1
 40
0.000000
 41
0.000000
 66
  1
  0
VERTEX
  8
gto
 10
61.049682
 20
17.378865
  0
VERTEX
  8
gto
 10
61.049682
 20
17.378865
  0
VERTEX
  8
gto
 10
61.049682
 20
17.378865
 42
0.414214
  0
VERTEX
  8
gto
 10
60.834162
 20
17.378865
  0
VERTEX
  8
gto
 10
60.834162
 20
17.378865
  0
SEQEND
  8
gto
  0
POLYLINE
  8
gto
 62
1
 40
0.000000
 41
0.000000
 66
  1
  0
VERTEX
  8
gto
 10
58.969388
 20
12.423725
  0
VERTEX
  8
gto
 10
58.969388
 20
12.423725
  0
VERTEX
  8
gto
 10
58.969388
 20
12.423725
 42
-0.414140
  0
VERTEX
  8
gto
 10
58.753878
 20
12.423725
  0
VERTEX
  8
gto
 10
58.753878
 20
12.423725
  0
SEQEND
  8
gto
  0
POLYLINE
  8
gto
 62
1
 40
0.000000
 41
0.000000
 66
  1
  0
VERTEX
  8
gto
 10
57.424205
 20
13.753388
  0
VERTEX
  8
gto
 10
57.424205
 20
13.753388
  0
VERTEX
  8
gto
 10
57.424205
 20
13.753388
 42
-0.414186
  0
VERTEX
  8
gto
 10
57.424205
 20
13.968908
  0
VERTEX
  8
gto
 10
57.424205
 20
13.968908
  0
SEQEND
  8
gto
  0
POLYLINE
  8
gto
 62
1
 40
0.000000
 41
0.000000
 66
  1
  0
VERTEX
  8
gto
 10
80.961592
 20
31.833684
  0
VERTEX
  8
gto
 10
80.961592
 20
31.833684
  0
VERTEX
  8
gto
 10
80.961592
 20
31.833684
 42
0.414186
  0
VERTEX
  8
gto
 10
80.961592
 20
31.618163
  0
VERTEX
  8
gto
 10
80.961592
 20
31.618163
  0
SEQEND
  8
gto
  0
POLYLINE
  8
gto
 62
1
 40
0.000000
 41
0.000000
 66
  1
  0
VERTEX
  8
gto
 10
82.291265
 20
30.288491
  0
VERTEX
  8
gto
 10
82.291265
 20
30.288491
  0
VERTEX
  8
gto
 10
82.291265
 20
30.288491
 42
0.414186
  0
VERTEX
  8
gto
 10
82.506785
 20
30.288491
  0
VERTEX
  8
gto
 10
82.506785
 20
30.288491
  0
SEQEND
  8
gto
  0
POLYLINE
  8
gto
 62
1
 40
0.000000
 41
0.000000
 66
  1
  0
VERTEX
  8
gto
 10
84.371549
 20
35.243640
  0
VERTEX
  8
gto
 10
84.371549
 20
35.243640
  0
VERTEX
  8
gto
 10
84.371549
 20
35.243640
 42
-0.414186
  0
VERTEX
  8
gto
 10
84.587069
 20
35.243640
  0
VERTEX
  8
gto
 10
84.587069
 20
35.243640
  0
SEQEND
  8
gto
  0
POLYLINE
  8
gto
 62
1
 40
0.000000
 41
0.000000
 66
  1
  0
VERTEX
  8
gto
 10
85.916742
 20
33.913968
  0
VERTEX
  8
gto
 10
85.916742
 20
33.913968
  0
VERTEX
  8
gto
 10
85.916742
 20
33.913968
 42
-0.414186
  0
VERTEX
  8
gto
 10
85.916742
 20
33.698447
  0
VERTEX
  8
gto
 10
85.916742
 20
33.698447
  0
SEQEND
  8
gto
  0
POLYLINE
  8
gto
 62
1
 40
0.000000
 41
0.000000
 66
  1
  0
VERTEX
  8
gto
 10
63.670507
 20
38.797508
  0
VERTEX
  8
gto
 10
63.670507
 20
38.797508
  0
VERTEX
  8
gto
 10
63.670507
 20
38.797508
 42
0.414186
  0
VERTEX
  8
gto
 10
63.886028
 20
38.797508
  0
VERTEX
  8
gto
 10
63.886028
 20
38.797508
  0
SEQEND
  8
gto
  0
POLYLINE
  8
gto
 62
1
 40
0.000000
 41
0.000000
 66
  1
  0
VERTEX
  8
gto
 10
65.215700
 20
40.127180
  0
VERTEX
  8
gto
 10
65.215700
 20
40.127180
  0
VERTEX
  8
gto
 10
65.215700
 20
40.127180
 42
0.414186
  0
VERTEX
  8
gto
 10
65.215700
 20
40.342701
  0
VERTEX
  8
gto
 10
65.215700
 20
40.342701
  0
SEQEND
  8
gto
  0
POLYLINE
  8
gto
 62
1
 40
0.000000
 41
0.000000
 66
  1
  0
VERTEX
  8
gto
 10
60.260551
 20
42.207464
  0
VERTEX
  8
gto
 10
60.260551
 20
42.207464
  0
VERTEX
  8
gto
 10
60.260551
 20
42.207464
 42
-0.414186
  0
VERTEX
  8
gto
 10
60.260551
 20
42.422985
  0
VERTEX
  8
gto
 10
60.260551
 20
42.422985
  0
SEQEND
  8
gto
  0
POLYLINE
  8
gto
 62
1
 40
0.000000
 41
0.000000
 66
  1
  0
VERTEX
  8
gto
 10
61.590223
 20
43.752658
  0
VERTEX
  8
gto
 10
61.590223
 20
43.752658
  0
VERTEX
  8
gto
 10
61.590223
 20
43.752658
 42
-0.414186
  0
VERTEX
  8
gto
 10
61.805744
 20
43.752658
  0
VERTEX
  8
gto
 10
61.805744
 20
43.752658
  0
SEQEND
  8
gto
  0
POLYLINE
  8
gto
 62
1
 40
0.000000
 41
0.000000
 66
  1
  0
VERTEX
  8
gto
 10
75.288921
 20
37.506325
  0
VERTEX
  8
gto
 10
75.288921
 20
37.506325
  0
VERTEX
  8
gto
 10
75.288921
 20
37.506325
 42
0.414186
  0
VERTEX
  8
gto
 10
75.288921
 20
37.290805
  0
VERTEX
  8
gto
 10
75.288921
 20
37.290805
  0
SEQEND
  8
gto
  0
POLYLINE
  8
gto
 62
1
 40
0.000000
 41
0.000000
 66
  1
  0
VERTEX
  8
gto
 10
76.618593
 20
35.961142
  0
VERTEX
  8
gto
 10
76.618593
 20
35.961142
  0
VERTEX
  8
gto
 10
76.618593
 20
35.961142
 42
0.414214
  0
VERTEX
  8
gto
 10
76.834114
 20
35.961142
  0
VERTEX
  8
gto
 10
76.834114
 20
35.961142
  0
SEQEND
  8
gto
  0
POLYLINE
  8
gto
 62
1
 40
0.000000
 41
0.000000
 66
  1
  0
VERTEX
  8
gto
 10
78.698887
 20
40.916282
  0
VERTEX
  8
gto
 10
78.698887
 20
40.916282
  0
VERTEX
  8
gto
 10
78.698887
 20
40.916282
 42
-0.414140
  0
VERTEX
  8
gto
 10
78.914398
 20
40.916282
  0
VERTEX
  8
gto
 10
78.914398
 20
40.916282
  0
SEQEND
  8
gto
  0
POLYLINE
  8
gto
 62
1
 40
0.000000
 41
0.000000
 66
  1
  0
VERTEX
  8
gto
 10
80.244070
 20
39.586609
  0
VERTEX
  8
gto
 10
80.244070
 20
39.586609
  0
VERTEX
  8
gto
 10
80.244070
 20
39.586609
 42
-0.414140
  0
VERTEX
  8
gto
 10
80.244070
 20
39.371099
  0
VERTEX
  8
gto
 10
80.244070
 20
39.371099
  0
SEQEND
  8
gto
  0
POLYLINE
  8
gto
 62
1
 40
0.000000
 41
0.000000
 66
  1
  0
VERTEX
  8
gto
 10
55.161340
 20
30.288591
  0
VERTEX
  8
gto
 10
55.161340
 20
30.288591
  0
VERTEX
  8
gto
 10
55.161340
 20
30.288591
 42
0.414186
  0
VERTEX
  8
gto
 10
55.376861
 20
30.288591
  0
VERTEX
  8
gto
 10
55.376861
 20
30.288591
  0
SEQEND
  8
gto
  0
POLYLINE
  8
gto
 62
1
 40
0.000000
 41
0.000000
 66
  1
  0
VERTEX
  8
gto
 10
56.706523
 20
31.618263
  0
VERTEX
  8
gto
 10
56.706523
 20
31.618263
  0
VERTEX
  8
gto
 10
56.706523
 20
31.618263
 42
0.414214
  0
VERTEX
  8
gto
 10
56.706523
 20
31.833784
  0
VERTEX
  8
gto
 10
56.706523
 20
31.833784
  0
SEQEND
  8
gto
  0
POLYLINE
  8
gto
 62
1
 40
0.000000
 41
0.000000
 66
  1
  0
VERTEX
  8
gto
 10
51.751384
 20
33.698547
  0
VERTEX
  8
gto
 10
51.751384
 20
33.698547
  0
VERTEX
  8
gto
 10
51.751384
 20
33.698547
 42
-0.414186
  0
VERTEX
  8
gto
 10
51.751384
 20
33.914068
  0
VERTEX
  8
gto
 10
51.751384
 20
33.914068
  0
SEQEND
  8
gto
  0
POLYLINE
  8
gto
 62
1
 40
0.000000
 41
0.000000
 66
  1
  0
VERTEX
  8
gto
 10
53.081056
 20
35.243740
  0
VERTEX
  8
gto
 10
53.081056
 20
35.243740
  0
VERTEX
  8
gto
 10
53.081056
 20
35.243740
 42
-0.414140
  0
VERTEX
  8
gto
 10
53.296567
 20
35.243740
  0
VERTEX
  8
gto
 10
53.296567
 20
35.243740
  0
SEQEND
  8
gto
  0
POLYLINE
  8
gto
 62
1
 40
0.000000
 41
0.000000
 66
  1
  0
VERTEX
  8
gto
 10
79.670429
 20
20.215240
  0
VERTEX
  8
gto
 10
79.670429
 20
20.215240
  0
VERTEX
  8
gto
 10
79.670429
 20
20.215240
 42
0.414140
  0
VERTEX
  8
gto
 10
79.454919
 20
20.215240
  0
VERTEX
  8
gto
 10
79.454919
 20
20.215240
  0
SEQEND
  8
gto
  0
POLYLINE
  8
gto
 62
1
 40
0.000000
 41
0.000000
 66
  1
  0
VERTEX
  8
gto
 10
78.125246
 20
18.885568
  0
VERTEX
  8
gto
 10
78.125246
 20
18.885568
  0
VERTEX
  8
gto
 10
78.125246
 20
18.885568
 42
0.414140
  0
VERTEX
  8
gto
 10
78.125246
 20
18.670057
  0
VERTEX
  8
gto
 10
78.125246
 20
18.670057
  0
SEQEND
  8
gto
  0
POLYLINE
  8
gto
 62
1
 40
0.000000
 41
0.000000
 66
  1
  0
VERTEX
  8
gto
 10
83.080396
 20
16.805284
  0
VERTEX
  8
gto
 10
83.080396
 20
16.805284
  0
VERTEX
  8
gto
 10
83.080396
 20
16.805284
 42
-0.414186
  0
VERTEX
  8
gto
 10
83.080396
 20
16.589763
  0
VERTEX
  8
gto
 10
83.080396
 20
16.589763
  0
SEQEND
  8
gto
  0
POLYLINE
  8
gto
 62
1
 40
0.000000
 41
0.000000
 66
  1
  0
VERTEX
  8
gto
 10
81.750724
 20
15.260101
  0
VERTEX
  8
gto
 10
81.750724
 20
15.260101
  0
VERTEX
  8
gto
 10
81.750724
 20
15.260101
 42
-0.414214
  0
VERTEX
  8
gto
 10
81.535203
 20
15.260101
  0
VERTEX
  8
gto
 10
81.535203
 20
15.260101
  0
SEQEND
  8
gto
  0
POLYLINE
  8
gto
 62
1
 40
0.000000
 41
0.000000
 66
  1
  0
VERTEX
  8
gto
 10
73.997768
 20
14.542599
  0
VERTEX
  8
gto
 10
73.997768
 20
14.542599
  0
VERTEX
  8
gto
 10
73.997768
 20
14.542599
 42
0.414186
  0
VERTEX
  8
gto
 10
73.782248
 20
14.542599
  0
VERTEX
  8
gto
 10
73.782248
 20
14.542599
  0
SEQEND
  8
gto
  0
POLYLINE
  8
gto
 62
1
 40
0.000000
 41
0.000000
 66
  1
  0
VERTEX
  8
gto
 10
72.452575
 20
13.212926
  0
VERTEX
  8
gto
 10
72.452575
 20
13.212926
  0
VERTEX
  8
gto
 10
72.452575
 20
13.212926
 42
0.414186
  0
VERTEX
  8
gto
 10
72.452575
 20
12.997406
  0
VERTEX
  8
gto
 10
72.452575
 20
12.997406
  0
SEQEND
  8
gto
  0
POLYLINE
  8
gto
 62
1
 40
0.000000
 41
0.000000
 66
  1
  0
VERTEX
  8
gto
 10
77.407725
 20
11.132642
  0
VERTEX
  8
gto
 10
77.407725
 20
11.132642
  0
VERTEX
  8
gto
 10
77.407725
 20
11.132642
 42
-0.414186
  0
VERTEX
  8
gto
 10
77.407725
 20
10.917122
  0
VERTEX
  8
gto
 10
77.407725
 20
10.917122
  0
SEQEND
  8
gto
  0
POLYLINE
  8
gto
 62
1
 40
0.000000
 41
0.000000
 66
  1
  0
VERTEX
  8
gto
 10
76.078052
 20
9.587449
  0
VERTEX
  8
gto
 10
76.078052
 20
9.587449
  0
VERTEX
  8
gto
 10
76.078052
 20
9.587449
 42
-0.414186
  0
VERTEX
  8
gto
 10
75.862532
 20
9.587449
  0
VERTEX
  8
gto
 10
75.862532
 20
9.587449
  0
SEQEND
  8
gto
  0
POLYLINE
  8
gto
 62
1
 40
0.000000
 41
0.000000
 66
  1
  0
VERTEX
  8
gto
 10
59.543029
 20
18.670027
  0
VERTEX
  8
gto
 10
59.543029
 20
18.670027
  0
VERTEX
  8
gto
 10
59.543029
 20
18.670027
 42
0.414186
  0
VERTEX
  8
gto
 10
59.543029
 20
18.885548
  0
VERTEX
  8
gto
 10
59.543029
 20
18.885548
  0
SEQEND
  8
gto
  0
POLYLINE
  8
gto
 62
1
 40
0.000000
 41
0.000000
 66
  1
  0
VERTEX
  8
gto
 10
58.213356
 20
20.215210
  0
VERTEX
  8
gto
 10
58.213356
 20
20.215210
  0
VERTEX
  8
gto
 10
58.213356
 20
20.215210
 42
0.414233
  0
VERTEX
  8
gto
 10
57.997846
 20
20.215210
  0
VERTEX
  8
gto
 10
57.997846
 20
20.215210
  0
SEQEND
  8
gto
  0
POLYLINE
  8
gto
 62
1
 40
0.000000
 41
0.000000
 66
  1
  0
VERTEX
  8
gto
 10
56.133072
 20
15.260071
  0
VERTEX
  8
gto
 10
56.133072
 20
15.260071
  0
VERTEX
  8
gto
 10
56.133072
 20
15.260071
 42
-0.414186
  0
VERTEX
  8
gto
 10
55.917552
 20
15.260071
  0
VERTEX
  8
gto
 10
55.917552
 20
15.260071
  0
SEQEND
  8
gto
  0
POLYLINE
  8
gto
 62
1
 40
0.000000
 41
0.000000
 66
  1
  0
VERTEX
  8
gto
 10
54.587879
 20
16.589743
  0
VERTEX
  8
gto
 10
54.587879
 20
16.589743
  0
VERTEX
  8
gto
 10
54.587879
 20
16.589743
 42
-0.414140
  0
VERTEX
  8
gto
 10
54.587879
 20
16.805254
  0
VERTEX
  8
gto
 10
54.587879
 20
16.805254
  0
SEQEND
  8
gto
  0
POLYLINE
  8
gto
 62
1
 40
0.000000
 41
0.000000
 66
  1
  0
VERTEX
  8
gto
 10
65.215700
 20
12.997406
  0
VERTEX
  8
gto
 10
65.215700
 20
12.997406
  0
VERTEX
  8
gto
 10
65.215700
 20
12.997406
 42
0.414186
  0
VERTEX
  8
gto
 10
65.215700
 20
13.212926
  0
VERTEX
  8
gto
 10
65.215700
 20
13.212926
  0
SEQEND
  8
gto
  0
POLYLINE
  8
gto
 62
1
 40
0.000000
 41
0.000000
 66
  1
  0
VERTEX
  8
gto
 10
63.886028
 20
14.542599
  0
VERTEX
  8
gto
 10
63.886028
 20
14.542599
  0
VERTEX
  8
gto
 10
63.886028
 20
14.542599
 42
0.414186
  0
VERTEX
  8
gto
 10
63.670507
 20
14.542599
  0
VERTEX
  8
gto
 10
63.670507
 20
14.542599
  0
SEQEND
  8
gto
  0
POLYLINE
  8
gto
 62
1
 40
0.000000
 41
0.000000
 66
  1
  0
VERTEX
  8
gto
 10
61.805744
 20
9.587449
  0
VERTEX
  8
gto
 10
61.805744
 20
9.587449
  0
VERTEX
  8
gto
 10
61.805744
 20
9.587449
 42
-0.414186
  0
VERTEX
  8
gto
 10
61.590223
 20
9.587449
  0
VERTEX
  8
gto
 10
61.590223
 20
9.587449
  0
SEQEND
  8
gto
  0
POLYLINE
  8
gto
 62
1
 40
0.000000
 41
0.000000
 66
  1
  0
VERTEX
  8
gto
 10
60.260551
 20
10.917122
  0
VERTEX
  8
gto
 10
60.260551
 20
10.917122
  0
VERTEX
  8
gto
 10
60.260551
 20
10.917122
 42
-0.414186
  0
VERTEX
  8
gto
 10
60.260551
 20
11.132642
  0
VERTEX
  8
gto
 10
60.260551
 20
11.132642
  0
SEQEND
  8
gto
  0
POLYLINE
  8
gto
 62
1
 40
0.000000
 41
0.000000
 66
  1
  0
VERTEX
  8
gto
 10
57.997686
 20
33.124896
  0
VERTEX
  8
gto
 10
57.997686
 20
33.124896
  0
VERTEX
  8
gto
 10
57.997686
 20
33.124896
 42
0.414214
  0
VERTEX
  8
gto
 10
58.213206
 20
33.124896
  0
VERTEX
  8
gto
 10
58.213206
 20
33.124896
  0
SEQEND
  8
gto
  0
POLYLINE
  8
gto
 62
1
 40
0.000000
 41
0.000000
 66
  1
  0
VERTEX
  8
gto
 10
59.542879
 20
34.454559
  0
VERTEX
  8
gto
 10
59.542879
 20
34.454559
  0
VERTEX
  8
gto
 10
59.542879
 20
34.454559
 42
0.414186
  0
VERTEX
  8
gto
 10
59.542879
 20
34.670079
  0
VERTEX
  8
gto
 10
59.542879
 20
34.670079
  0
SEQEND
  8
gto
  0
POLYLINE
  8
gto
 62
1
 40
0.000000
 41
0.000000
 66
  1
  0
VERTEX
  8
gto
 10
54.587729
 20
36.534853
  0
VERTEX
  8
gto
 10
54.587729
 20
36.534853
  0
VERTEX
  8
gto
 10
54.587729
 20
36.534853
 42
-0.414206
  0
VERTEX
  8
gto
 10
54.587729
 20
36.750364
  0
VERTEX
  8
gto
 10
54.587729
 20
36.750364
  0
SEQEND
  8
gto
  0
POLYLINE
  8
gto
 62
1
 40
0.000000
 41
0.000000
 66
  1
  0
VERTEX
  8
gto
 10
55.917402
 20
38.080036
  0
VERTEX
  8
gto
 10
55.917402
 20
38.080036
  0
VERTEX
  8
gto
 10
55.917402
 20
38.080036
 42
-0.414186
  0
VERTEX
  8
gto
 10
56.132922
 20
38.080036
  0
VERTEX
  8
gto
 10
56.132922
 20
38.080036
  0
SEQEND
  8
gto
  0
POLYLINE
  8
gto
 62
1
 40
0.000000
 41
0.000000
 66
  1
  0
VERTEX
  8
gto
 10
82.506785
 20
23.051616
  0
VERTEX
  8
gto
 10
82.506785
 20
23.051616
  0
VERTEX
  8
gto
 10
82.506785
 20
23.051616
 42
0.414186
  0
VERTEX
  8
gto
 10
82.291265
 20
23.051616
  0
VERTEX
  8
gto
 10
82.291265
 20
23.051616
  0
SEQEND
  8
gto
  0
POLYLINE
  8
gto
 62
1
 40
0.000000
 41
0.000000
 66
  1
  0
VERTEX
  8
gto
 10
80.961592
 20
21.721943
  0
VERTEX
  8
gto
 10
80.961592
 20
21.721943
  0
VERTEX
  8
gto
 10
80.961592
 20
21.721943
 42
0.414186
  0
VERTEX
  8
gto
 10
80.961592
 20
21.506423
  0
VERTEX
  8
gto
 10
80.961592
 20
21.506423
  0
SEQEND
  8
gto
  0
POLYLINE
  8
gto
 62
1
 40
0.000000
 41
0.000000
 66
  1
  0
VERTEX
  8
gto
 10
85.916742
 20
19.641659
  0
VERTEX
  8
gto
 10
85.916742
 20
19.641659
  0
VERTEX
  8
gto
 10
85.916742
 20
19.641659
 42
-0.414186
  0
VERTEX
  8
gto
 10
85.916742
 20
19.426139
  0
VERTEX
  8
gto
 10
85.916742
 20
19.426139
  0
SEQEND
  8
gto
  0
POLYLINE
  8
gto
 62
1
 40
0.000000
 41
0.000000
 66
  1
  0
VERTEX
  8
gto
 10
84.587069
 20
18.096466
  0
VERTEX
  8
gto
 10
84.587069
 20
18.096466
  0
VERTEX
  8
gto
 10
84.587069
 20
18.096466
 42
-0.414186
  0
VERTEX
  8
gto
 10
84.371549
 20
18.096466
  0
VERTEX
  8
gto
 10
84.371549
 20
18.096466
  0
SEQEND
  8
gto
  0
POLYLINE
  8
gto
 62
1
 40
0.000000
 41
0.000000
 66
  1
  0
VERTEX
  8
gto
 10
60.834162
 20
35.961162
  0
VERTEX
  8
gto
 10
60.834162
 20
35.961162
  0
VERTEX
  8
gto
 10
60.834162
 20
35.961162
 42
0.414186
  0
VERTEX
  8
gto
 10
61.049682
 20
35.961162
  0
VERTEX
  8
gto
 10
61.049682
 20
35.961162
  0
SEQEND
  8
gto
  0
POLYLINE
  8
gto
 62
1
 40
0.000000
 41
0.000000
 66
  1
  0
VERTEX
  8
gto
 10
62.379355
 20
37.290835
  0
VERTEX
  8
gto
 10
62.379355
 20
37.290835
  0
VERTEX
  8
gto
 10
62.379355
 20
37.290835
 42
0.414206
  0
VERTEX
  8
gto
 10
62.379355
 20
37.506345
  0
VERTEX
  8
gto
 10
62.379355
 20
37.506345
  0
SEQEND
  8
gto
  0
POLYLINE
  8
gto
 62
1
 40
0.000000
 41
0.000000
 66
  1
  0
VERTEX
  8
gto
 10
57.424205
 20
39.371119
  0
VERTEX
  8
gto
 10
57.424205
 20
39.371119
  0
VERTEX
  8
gto
 10
57.424205
 20
39.371119
 42
-0.414186
  0
VERTEX
  8
gto
 10
57.424205
 20
39.586639
  0
VERTEX
  8
gto
 10
57.424205
 20
39.586639
  0
SEQEND
  8
gto
  0
POLYLINE
  8
gto
 62
1
 40
0.000000
 41
0.000000
 66
  1
  0
VERTEX
  8
gto
 10
58.753878
 20
40.916312
  0
VERTEX
  8
gto
 10
58.753878
 20
40.916312
  0
VERTEX
  8
gto
 10
58.753878
 20
40.916312
 42
-0.414206
  0
VERTEX
  8
gto
 10
58.969388
 20
40.916312
  0
VERTEX
  8
gto
 10
58.969388
 20
40.916312
  0
SEQEND
  8
gto
  0
POLYLINE
  8
gto
 62
1
 40
0.000000
 41
0.000000
 66
  1
  0
VERTEX
  8
gto
 10
76.834114
 20
17.378965
  0
VERTEX
  8
gto
 10
76.834114
 20
17.378965
  0
VERTEX
  8
gto
 10
76.834114
 20
17.378965
 42
0.414214
  0
VERTEX
  8
gto
 10
76.618593
 20
17.378965
  0
VERTEX
  8
gto
 10
76.618593
 20
17.378965
  0
SEQEND
  8
gto
  0
POLYLINE
  8
gto
 62
1
 40
0.000000
 41
0.000000
 66
  1
  0
VERTEX
  8
gto
 10
75.288921
 20
16.049302
  0
VERTEX
  8
gto
 10
75.288921
 20
16.049302
  0
VERTEX
  8
gto
 10
75.288921
 20
16.049302
 42
0.414186
  0
VERTEX
  8
gto
 10
75.288921
 20
15.833782
  0
VERTEX
  8
gto
 10
75.288921
 20
15.833782
  0
SEQEND
  8
gto
  0
POLYLINE
  8
gto
 62
1
 40
0.000000
 41
0.000000
 66
  1
  0
VERTEX
  8
gto
 10
80.244070
 20
13.969008
  0
VERTEX
  8
gto
 10
80.244070
 20
13.969008
  0
VERTEX
  8
gto
 10
80.244070
 20
13.969008
 42
-0.414206
  0
VERTEX
  8
gto
 10
80.244070
 20
13.753498
  0
VERTEX
  8
gto
 10
80.244070
 20
13.753498
  0
SEQEND
  8
gto
  0
POLYLINE
  8
gto
 62
1
 40
0.000000
 41
0.000000
 66
  1
  0
VERTEX
  8
gto
 10
78.914398
 20
12.423825
  0
VERTEX
  8
gto
 10
78.914398
 20
12.423825
  0
VERTEX
  8
gto
 10
78.914398
 20
12.423825
 42
-0.414206
  0
VERTEX
  8
gto
 10
78.698887
 20
12.423825
  0
VERTEX
  8
gto
 10
78.698887
 20
12.423825
  0
SEQEND
  8
gto
  0
POLYLINE
  8
gto
 62
1
 40
0.000000
 41
0.000000
 66
  1
  0
VERTEX
  8
gto
 10
78.125146
 20
34.669999
  0
VERTEX
  8
gto
 10
78.125146
 20
34.669999
  0
VERTEX
  8
gto
 10
78.125146
 20
34.669999
 42
0.414186
  0
VERTEX
  8
gto
 10
78.125146
 20
34.454479
  0
VERTEX
  8
gto
 10
78.125146
 20
34.454479
  0
SEQEND
  8
gto
  0
POLYLINE
  8
gto
 62
1
 40
0.000000
 41
0.000000
 66
  1
  0
VERTEX
  8
gto
 10
79.454809
 20
33.124816
  0
VERTEX
  8
gto
 10
79.454809
 20
33.124816
  0
VERTEX
  8
gto
 10
79.454809
 20
33.124816
 42
0.414186
  0
VERTEX
  8
gto
 10
79.670329
 20
33.124816
  0
VERTEX
  8
gto
 10
79.670329
 20
33.124816
  0
SEQEND
  8
gto
  0
POLYLINE
  8
gto
 62
1
 40
0.000000
 41
0.000000
 66
  1
  0
VERTEX
  8
gto
 10
81.535103
 20
38.079956
  0
VERTEX
  8
gto
 10
81.535103
 20
38.079956
  0
VERTEX
  8
gto
 10
81.535103
 20
38.079956
 42
-0.414214
  0
VERTEX
  8
gto
 10
81.750624
 20
38.079956
  0
VERTEX
  8
gto
 10
81.750624
 20
38.079956
  0
SEQEND
  8
gto
  0
POLYLINE
  8
gto
 62
1
 40
0.000000
 41
0.000000
 66
  1
  0
VERTEX
  8
gto
 10
83.080286
 20
36.750294
  0
VERTEX
  8
gto
 10
83.080286
 20
36.750294
  0
VERTEX
  8
gto
 10
83.080286
 20
36.750294
 42
-0.414214
  0
VERTEX
  8
gto
 10
83.080286
 20
36.534773
  0
VERTEX
  8
gto
 10
83.080286
 20
36.534773
  0
SEQEND
  8
gto
  0
POLYLINE
  8
gto
 62
1
 40
0.000000
 41
0.000000
 66
  1
  0
VERTEX
  8
gto
 10
72.452575
 20
40.342701
  0
VERTEX
  8
gto
 10
72.452575
 20
40.342701
  0
VERTEX
  8
gto
 10
72.452575
 20
40.342701
 42
0.414186
  0
VERTEX
  8
gto
 10
72.452575
 20
40.127180
  0
VERTEX
  8
gto
 10
72.452575
 20
40.127180
  0
SEQEND
  8
gto
  0
POLYLINE
  8
gto
 62
1
 40
0.000000
 41
0.000000
 66
  1
  0
VERTEX
  8
gto
 10
73.782248
 20
38.797508
  0
VERTEX
  8
gto
 10
73.782248
 20
38.797508
  0
VERTEX
  8
gto
 10
73.782248
 20
38.797508
 42
0.414186
  0
VERTEX
  8
gto
 10
73.997768
 20
38.797508
  0
VERTEX
  8
gto
 10
73.997768
 20
38.797508
  0
SEQEND
  8
gto
  0
POLYLINE
  8
gto
 62
1
 40
0.000000
 41
0.000000
 66
  1
  0
VERTEX
  8
gto
 10
75.862532
 20
43.752658
  0
VERTEX
  8
gto
 10
75.862532
 20
43.752658
  0
VERTEX
  8
gto
 10
75.862532
 20
43.752658
 42
-0.414186
  0
VERTEX
  8
gto
 10
76.078052
 20
43.752658
  0
VERTEX
  8
gto
 10
76.078052
 20
43.752658
  0
SEQEND
  8
gto
  0
POLYLINE
  8
gto
 62
1
 40
0.000000
 41
0.000000
 66
  1
  0
VERTEX
  8
gto
 10
77.407725
 20
42.422985
  0
VERTEX
  8
gto
 10
77.407725
 20
42.422985
  0
VERTEX
  8
gto
 10
77.407725
 20
42.422985
 42
-0.414186
  0
VERTEX
  8
gto
 10
77.407725
 20
42.207464
  0
VERTEX
  8
gto
 10
77.407725
 20
42.207464
  0
SEQEND
  8
gto
  0
POLYLINE
  8
gto
 62
1
 40
0.000000
 41
0.000000
 66
  1
  0
VERTEX
  8
gto
 10
47.385165
 20
12.698225
  0
VERTEX
  8
gto
 10
47.385165
 20
12.698225
  0
VERTEX
  8
gto
 10
47.385165
 20
12.698225
 42
0.414214
  0
VERTEX
  8
gto
 10
47.232764
 20
12.850626
  0
VERTEX
  8
gto
 10
47.232764
 20
12.850626
  0
SEQEND
  8
gto
  0
POLYLINE
  8
gto
 62
1
 40
0.000000
 41
0.000000
 66
  1
  0
VERTEX
  8
gto
 10
45.352351
 20
12.850626
  0
VERTEX
  8
gto
 10
45.352351
 20
12.850626
  0
VERTEX
  8
gto
 10
45.352351
 20
12.850626
 42
0.414214
  0
VERTEX
  8
gto
 10
45.199950
 20
12.698225
  0
VERTEX
  8
gto
 10
45.199950
 20
12.698225
  0
SEQEND
  8
gto
  0
POLYLINE
  8
gto
 62
1
 40
0.000000
 41
0.000000
 66
  1
  0
VERTEX
  8
gto
 10
47.385165
 20
7.875816
  0
VERTEX
  8
gto
 10
47.385165
 20
7.875816
  0
VERTEX
  8
gto
 10
47.385165
 20
7.875816
 42
-0.414214
  0
VERTEX
  8
gto
 10
47.232764
 20
7.723415
  0
VERTEX
  8
gto
 10
47.232764
 20
7.723415
  0
SEQEND
  8
gto
  0
POLYLINE
  8
gto
 62
1
 40
0.000000
 41
0.000000
 66
  1
  0
VERTEX
  8
gto
 10
45.352351
 20
7.723415
  0
VERTEX
  8
gto
 10
45.352351
 20
7.723415
  0
VERTEX
  8
gto
 10
45.352351
 20
7.723415
 42
-0.414214
  0
VERTEX
  8
gto
 10
45.199950
 20
7.875816
  0
VERTEX
  8
gto
 10
45.199950
 20
7.875816
  0
SEQEND
  8
gto
  0
POLYLINE
  8
gto
 62
1
 40
0.000000
 41
0.000000
 66
  1
  0
VERTEX
  8
gto
 10
44.770740
 20
12.698275
  0
VERTEX
  8
gto
 10
44.770740
 20
12.698275
  0
VERTEX
  8
gto
 10
44.770740
 20
12.698275
 42
0.414214
  0
VERTEX
  8
gto
 10
44.618339
 20
12.850676
  0
VERTEX
  8
gto
 10
44.618339
 20
12.850676
  0
SEQEND
  8
gto
  0
POLYLINE
  8
gto
 62
1
 40
0.000000
 41
0.000000
 66
  1
  0
VERTEX
  8
gto
 10
42.737925
 20
12.850676
  0
VERTEX
  8
gto
 10
42.737925
 20
12.850676
  0
VERTEX
  8
gto
 10
42.737925
 20
12.850676
 42
0.414214
  0
VERTEX
  8
gto
 10
42.585525
 20
12.698275
  0
VERTEX
  8
gto
 10
42.585525
 20
12.698275
  0
SEQEND
  8
gto
  0
POLYLINE
  8
gto
 62
1
 40
0.000000
 41
0.000000
 66
  1
  0
VERTEX
  8
gto
 10
44.770740
 20
7.875866
  0
VERTEX
  8
gto
 10
44.770740
 20
7.875866
  0
VERTEX
  8
gto
 10
44.770740
 20
7.875866
 42
-0.414214
  0
VERTEX
  8
gto
 10
44.618339
 20
7.723465
  0
VERTEX
  8
gto
 10
44.618339
 20
7.723465
  0
SEQEND
  8
gto
  0
POLYLINE
  8
gto
 62
1
 40
0.000000
 41
0.000000
 66
  1
  0
VERTEX
  8
gto
 10
42.737925
 20
7.723465
  0
VERTEX
  8
gto
 10
42.737925
 20
7.723465
  0
VERTEX
  8
gto
 10
42.737925
 20
7.723465
 42
-0.414214
  0
VERTEX
  8
gto
 10
42.585525
 20
7.875866
  0
VERTEX
  8
gto
 10
42.585525
 20
7.875866
  0
SEQEND
  8
gto
  0
POLYLINE
  8
gto
 62
1
 40
0.000000
 41
0.000000
 66
  1
  0
VERTEX
  8
gto
 10
32.140054
 20
28.829058
  0
VERTEX
  8
gto
 10
32.140054
 20
28.829058
  0
VERTEX
  8
gto
 10
32.140054
 20
28.829058
 42
0.999984
  0
VERTEX
  8
gto
 10
30.861062
 20
28.829058
  0
VERTEX
  8
gto
 10
30.861062
 20
28.829058
  0
SEQEND
  8
gto
  0
POLYLINE
  8
gto
 62
1
 40
0.000000
 41
0.000000
 66
  1
  0
VERTEX
  8
gto
 10
29.085468
 20
12.698195
  0
VERTEX
  8
gto
 10
29.085468
 20
12.698195
  0
VERTEX
  8
gto
 10
29.085468
 20
12.698195
 42
0.414214
  0
VERTEX
  8
gto
 10
28.933068
 20
12.850596
  0
VERTEX
  8
gto
 10
28.933068
 20
12.850596
  0
SEQEND
  8
gto
  0
POLYLINE
  8
gto
 62
1
 40
0.000000
 41
0.000000
 66
  1
  0
VERTEX
  8
gto
 10
27.052654
 20
12.850596
  0
VERTEX
  8
gto
 10
27.052654
 20
12.850596
  0
VERTEX
  8
gto
 10
27.052654
 20
12.850596
 42
0.414214
  0
VERTEX
  8
gto
 10
26.900254
 20
12.698195
  0
VERTEX
  8
gto
 10
26.900254
 20
12.698195
  0
SEQEND
  8
gto
  0
POLYLINE
  8
gto
 62
1
 40
0.000000
 41
0.000000
 66
  1
  0
VERTEX
  8
gto
 10
29.085468
 20
7.875796
  0
VERTEX
  8
gto
 10
29.085468
 20
7.875796
  0
VERTEX
  8
gto
 10
29.085468
 20
7.875796
 42
-0.414214
  0
VERTEX
  8
gto
 10
28.933068
 20
7.723395
  0
VERTEX
  8
gto
 10
28.933068
 20
7.723395
  0
SEQEND
  8
gto
  0
POLYLINE
  8
gto
 62
1
 40
0.000000
 41
0.000000
 66
  1
  0
VERTEX
  8
gto
 10
27.052654
 20
7.723395
  0
VERTEX
  8
gto
 10
27.052654
 20
7.723395
  0
VERTEX
  8
gto
 10
27.052654
 20
7.723395
 42
-0.414214
  0
VERTEX
  8
gto
 10
26.900254
 20
7.875796
  0
VERTEX
  8
gto
 10
26.900254
 20
7.875796
  0
SEQEND
  8
gto
  0
POLYLINE
  8
gto
 62
1
 40
0.000000
 41
0.000000
 66
  1
  0
VERTEX
  8
gto
 10
31.699673
 20
12.698225
  0
VERTEX
  8
gto
 10
31.699673
 20
12.698225
  0
VERTEX
  8
gto
 10
31.699673
 20
12.698225
 42
0.414214
  0
VERTEX
  8
gto
 10
31.547273
 20
12.850626
  0
VERTEX
  8
gto
 10
31.547273
 20
12.850626
  0
SEQEND
  8
gto
  0
POLYLINE
  8
gto
 62
1
 40
0.000000
 41
0.000000
 66
  1
  0
VERTEX
  8
gto
 10
29.666849
 20
12.850626
  0
VERTEX
  8
gto
 10
29.666849
 20
12.850626
  0
VERTEX
  8
gto
 10
29.666849
 20
12.850626
 42
0.414214
  0
VERTEX
  8
gto
 10
29.514449
 20
12.698225
  0
VERTEX
  8
gto
 10
29.514449
 20
12.698225
  0
SEQEND
  8
gto
  0
POLYLINE
  8
gto
 62
1
 40
0.000000
 41
0.000000
 66
  1
  0
VERTEX
  8
gto
 10
31.699673
 20
7.875816
  0
VERTEX
  8
gto
 10
31.699673
 20
7.875816
  0
VERTEX
  8
gto
 10
31.699673
 20
7.875816
 42
-0.414214
  0
VERTEX
  8
gto
 10
31.547273
 20
7.723415
  0
VERTEX
  8
gto
 10
31.547273
 20
7.723415
  0
SEQEND
  8
gto
  0
POLYLINE
  8
gto
 62
1
 40
0.000000
 41
0.000000
 66
  1
  0
VERTEX
  8
gto
 10
29.666849
 20
7.723415
  0
VERTEX
  8
gto
 10
29.666849
 20
7.723415
  0
VERTEX
  8
gto
 10
29.666849
 20
7.723415
 42
-0.414214
  0
VERTEX
  8
gto
 10
29.514449
 20
7.875816
  0
VERTEX
  8
gto
 10
29.514449
 20
7.875816
  0
SEQEND
  8
gto
  0
POLYLINE
  8
gto
 62
1
 40
0.000000
 41
0.000000
 66
  1
  0
VERTEX
  8
gto
 10
23.874248
 20
24.221288
  0
VERTEX
  8
gto
 10
23.874248
 20
24.221288
  0
VERTEX
  8
gto
 10
23.874248
 20
24.221288
 42
0.414214
  0
VERTEX
  8
gto
 10
24.026648
 20
24.373689
  0
VERTEX
  8
gto
 10
24.026648
 20
24.373689
  0
SEQEND
  8
gto
  0
POLYLINE
  8
gto
 62
1
 40
0.000000
 41
0.000000
 66
  1
  0
VERTEX
  8
gto
 10
24.026648
 20
26.254103
  0
VERTEX
  8
gto
 10
24.026648
 20
26.254103
  0
VERTEX
  8
gto
 10
24.026648
 20
26.254103
 42
0.414214
  0
VERTEX
  8
gto
 10
23.874248
 20
26.406503
  0
VERTEX
  8
gto
 10
23.874248
 20
26.406503
  0
SEQEND
  8
gto
  0
POLYLINE
  8
gto
 62
1
 40
0.000000
 41
0.000000
 66
  1
  0
VERTEX
  8
gto
 10
19.051838
 20
24.221288
  0
VERTEX
  8
gto
 10
19.051838
 20
24.221288
  0
VERTEX
  8
gto
 10
19.051838
 20
24.221288
 42
-0.414214
  0
VERTEX
  8
gto
 10
18.899438
 20
24.373689
  0
VERTEX
  8
gto
 10
18.899438
 20
24.373689
  0
SEQEND
  8
gto
  0
POLYLINE
  8
gto
 62
1
 40
0.000000
 41
0.000000
 66
  1
  0
VERTEX
  8
gto
 10
18.899438
 20
26.254103
  0
VERTEX
  8
gto
 10
18.899438
 20
26.254103
  0
VERTEX
  8
gto
 10
18.899438
 20
26.254103
 42
-0.414214
  0
VERTEX
  8
gto
 10
19.051838
 20
26.406503
  0
VERTEX
  8
gto
 10
19.051838
 20
26.406503
  0
SEQEND
  8
gto
  0
POLYLINE
  8
gto
 62
1
 40
0.000000
 41
0.000000
 66
  1
  0
VERTEX
  8
gto
 10
23.874248
 20
26.675183
  0
VERTEX
  8
gto
 10
23.874248
 20
26.675183
  0
VERTEX
  8
gto
 10
23.874248
 20
26.675183
 42
0.414214
  0
VERTEX
  8
gto
 10
24.026648
 20
26.827584
  0
VERTEX
  8
gto
 10
24.026648
 20
26.827584
  0
SEQEND
  8
gto
  0
POLYLINE
  8
gto
 62
1
 40
0.000000
 41
0.000000
 66
  1
  0
VERTEX
  8
gto
 10
24.026648
 20
28.707997
  0
VERTEX
  8
gto
 10
24.026648
 20
28.707997
  0
VERTEX
  8
gto
 10
24.026648
 20
28.707997
 42
0.414214
  0
VERTEX
  8
gto
 10
23.874248
 20
28.860398
  0
VERTEX
  8
gto
 10
23.874248
 20
28.860398
  0
SEQEND
  8
gto
  0
POLYLINE
  8
gto
 62
1
 40
0.000000
 41
0.000000
 66
  1
  0
VERTEX
  8
gto
 10
19.051838
 20
26.675183
  0
VERTEX
  8
gto
 10
19.051838
 20
26.675183
  0
VERTEX
  8
gto
 10
19.051838
 20
26.675183
 42
-0.414214
  0
VERTEX
  8
gto
 10
18.899438
 20
26.827584
  0
VERTEX
  8
gto
 10
18.899438
 20
26.827584
  0
SEQEND
  8
gto
  0
POLYLINE
  8
gto
 62
1
 40
0.000000
 41
0.000000
 66
  1
  0
VERTEX
  8
gto
 10
18.899438
 20
28.707997
  0
VERTEX
  8
gto
 10
18.899438
 20
28.707997
  0
VERTEX
  8
gto
 10
18.899438
 20
28.707997
 42
-0.414214
  0
VERTEX
  8
gto
 10
19.051838
 20
28.860398
  0
VERTEX
  8
gto
 10
19.051838
 20
28.860398
  0
SEQEND
  8
gto
  0
POLYLINE
  8
gto
 62
1
 40
0.000000
 41
0.000000
 66
  1
  0
VERTEX
  8
gto
 10
23.874248
 20
29.129138
  0
VERTEX
  8
gto
 10
23.874248
 20
29.129138
  0
VERTEX
  8
gto
 10
23.874248
 20
29.129138
 42
0.414214
  0
VERTEX
  8
gto
 10
24.026648
 20
29.281539
  0
VERTEX
  8
gto
 10
24.026648
 20
29.281539
  0
SEQEND
  8
gto
  0
POLYLINE
  8
gto
 62
1
 40
0.000000
 41
0.000000
 66
  1
  0
VERTEX
  8
gto
 10
24.026648
 20
31.161952
  0
VERTEX
  8
gto
 10
24.026648
 20
31.161952
  0
VERTEX
  8
gto
 10
24.026648
 20
31.161952
 42
0.414214
  0
VERTEX
  8
gto
 10
23.874248
 20
31.314353
  0
VERTEX
  8
gto
 10
23.874248
 20
31.314353
  0
SEQEND
  8
gto
  0
POLYLINE
  8
gto
 62
1
 40
0.000000
 41
0.000000
 66
  1
  0
VERTEX
  8
gto
 10
19.051838
 20
29.129138
  0
VERTEX
  8
gto
 10
19.051838
 20
29.129138
  0
VERTEX
  8
gto
 10
19.051838
 20
29.129138
 42
-0.414214
  0
VERTEX
  8
gto
 10
18.899438
 20
29.281539
  0
VERTEX
  8
gto
 10
18.899438
 20
29.281539
  0
SEQEND
  8
gto
  0
POLYLINE
  8
gto
 62
1
 40
0.000000
 41
0.000000
 66
  1
  0
VERTEX
  8
gto
 10
18.899438
 20
31.161952
  0
VERTEX
  8
gto
 10
18.899438
 20
31.161952
  0
VERTEX
  8
gto
 10
18.899438
 20
31.161952
 42
-0.414214
  0
VERTEX
  8
gto
 10
19.051838
 20
31.314353
  0
VERTEX
  8
gto
 10
19.051838
 20
31.314353
  0
SEQEND
  8
gto
  0
POLYLINE
  8
gto
 62
1
 40
0.000000
 41
0.000000
 66
  1
  0
VERTEX
  8
gto
 10
23.874248
 20
31.583033
  0
VERTEX
  8
gto
 10
23.874248
 20
31.583033
  0
VERTEX
  8
gto
 10
23.874248
 20
31.583033
 42
0.414214
  0
VERTEX
  8
gto
 10
24.026648
 20
31.735433
  0
VERTEX
  8
gto
 10
24.026648
 20
31.735433
  0
SEQEND
  8
gto
  0
POLYLINE
  8
gto
 62
1
 40
0.000000
 41
0.000000
 66
  1
  0
VERTEX
  8
gto
 10
24.026648
 20
33.615847
  0
VERTEX
  8
gto
 10
24.026648
 20
33.615847
  0
VERTEX
  8
gto
 10
24.026648
 20
33.615847
 42
0.414214
  0
VERTEX
  8
gto
 10
23.874248
 20
33.768248
  0
VERTEX
  8
gto
 10
23.874248
 20
33.768248
  0
SEQEND
  8
gto
  0
POLYLINE
  8
gto
 62
1
 40
0.000000
 41
0.000000
 66
  1
  0
VERTEX
  8
gto
 10
19.051838
 20
31.583033
  0
VERTEX
  8
gto
 10
19.051838
 20
31.583033
  0
VERTEX
  8
gto
 10
19.051838
 20
31.583033
 42
-0.414214
  0
VERTEX
  8
gto
 10
18.899438
 20
31.735433
  0
VERTEX
  8
gto
 10
18.899438
 20
31.735433
  0
SEQEND
  8
gto
  0
POLYLINE
  8
gto
 62
1
 40
0.000000
 41
0.000000
 66
  1
  0
VERTEX
  8
gto
 10
18.899438
 20
33.615847
  0
VERTEX
  8
gto
 10
18.899438
 20
33.615847
  0
VERTEX
  8
gto
 10
18.899438
 20
33.615847
 42
-0.414214
  0
VERTEX
  8
gto
 10
19.051838
 20
33.768248
  0
VERTEX
  8
gto
 10
19.051838
 20
33.768248
  0
SEQEND
  8
gto
  0
POLYLINE
  8
gto
 62
1
 40
0.000000
 41
0.000000
 66
  1
  0
VERTEX
  8
gto
 10
24.381639
 20
7.875816
  0
VERTEX
  8
gto
 10
24.381639
 20
7.875816
  0
VERTEX
  8
gto
 10
24.381639
 20
7.875816
 42
0.414214
  0
VERTEX
  8
gto
 10
24.534039
 20
7.723415
  0
VERTEX
  8
gto
 10
24.534039
 20
7.723415
  0
SEQEND
  8
gto
  0
POLYLINE
  8
gto
 62
1
 40
0.000000
 41
0.000000
 66
  1
  0
VERTEX
  8
gto
 10
26.414453
 20
7.723415
  0
VERTEX
  8
gto
 10
26.414453
 20
7.723415
  0
VERTEX
  8
gto
 10
26.414453
 20
7.723415
 42
0.414214
  0
VERTEX
  8
gto
 10
26.566853
 20
7.875816
  0
VERTEX
  8
gto
 10
26.566853
 20
7.875816
  0
SEQEND
  8
gto
  0
POLYLINE
  8
gto
 62
1
 40
0.000000
 41
0.000000
 66
  1
  0
VERTEX
  8
gto
 10
24.381639
 20
12.698225
  0
VERTEX
  8
gto
 10
24.381639
 20
12.698225
  0
VERTEX
  8
gto
 10
24.381639
 20
12.698225
 42
-0.414214
  0
VERTEX
  8
gto
 10
24.534039
 20
12.850626
  0
VERTEX
  8
gto
 10
24.534039
 20
12.850626
  0
SEQEND
  8
gto
  0
POLYLINE
  8
gto
 62
1
 40
0.000000
 41
0.000000
 66
  1
  0
VERTEX
  8
gto
 10
26.414453
 20
12.850626
  0
VERTEX
  8
gto
 10
26.414453
 20
12.850626
  0
VERTEX
  8
gto
 10
26.414453
 20
12.850626
 42
-0.414214
  0
VERTEX
  8
gto
 10
26.566853
 20
12.698225
  0
VERTEX
  8
gto
 10
26.566853
 20
12.698225
  0
SEQEND
  8
gto
  0
POLYLINE
  8
gto
 62
1
 40
0.000000
 41
0.000000
 66
  1
  0
VERTEX
  8
gto
 10
21.767434
 20
7.875816
  0
VERTEX
  8
gto
 10
21.767434
 20
7.875816
  0
VERTEX
  8
gto
 10
21.767434
 20
7.875816
 42
0.414214
  0
VERTEX
  8
gto
 10
21.919834
 20
7.723415
  0
VERTEX
  8
gto
 10
21.919834
 20
7.723415
  0
SEQEND
  8
gto
  0
POLYLINE
  8
gto
 62
1
 40
0.000000
 41
0.000000
 66
  1
  0
VERTEX
  8
gto
 10
23.800258
 20
7.723415
  0
VERTEX
  8
gto
 10
23.800258
 20
7.723415
  0
VERTEX
  8
gto
 10
23.800258
 20
7.723415
 42
0.414214
  0
VERTEX
  8
gto
 10
23.952658
 20
7.875816
  0
VERTEX
  8
gto
 10
23.952658
 20
7.875816
  0
SEQEND
  8
gto
  0
POLYLINE
  8
gto
 62
1
 40
0.000000
 41
0.000000
 66
  1
  0
VERTEX
  8
gto
 10
21.767434
 20
12.698225
  0
VERTEX
  8
gto
 10
21.767434
 20
12.698225
  0
VERTEX
  8
gto
 10
21.767434
 20
12.698225
 42
-0.414214
  0
VERTEX
  8
gto
 10
21.919834
 20
12.850626
  0
VERTEX
  8
gto
 10
21.919834
 20
12.850626
  0
SEQEND
  8
gto
  0
POLYLINE
  8
gto
 62
1
 40
0.000000
 41
0.000000
 66
  1
  0
VERTEX
  8
gto
 10
23.800258
 20
12.850626
  0
VERTEX
  8
gto
 10
23.800258
 20
12.850626
  0
VERTEX
  8
gto
 10
23.800258
 20
12.850626
 42
-0.414214
  0
VERTEX
  8
gto
 10
23.952658
 20
12.698225
  0
VERTEX
  8
gto
 10
23.952658
 20
12.698225
  0
SEQEND
  8
gto
  0
POLYLINE
  8
gto
 62
1
 40
0.000000
 41
0.000000
 66
  1
  0
VERTEX
  8
gto
 10
26.867944
 20
40.082190
  0
VERTEX
  8
gto
 10
26.867944
 20
40.082190
  0
VERTEX
  8
gto
 10
26.867944
 20
40.082190
 42
0.414214
  0
VERTEX
  8
gto
 10
27.020344
 20
39.929790
  0
VERTEX
  8
gto
 10
27.020344
 20
39.929790
  0
SEQEND
  8
gto
  0
POLYLINE
  8
gto
 62
1
 40
0.000000
 41
0.000000
 66
  1
  0
VERTEX
  8
gto
 10
28.900758
 20
39.929790
  0
VERTEX
  8
gto
 10
28.900758
 20
39.929790
  0
VERTEX
  8
gto
 10
28.900758
 20
39.929790
 42
0.414214
  0
VERTEX
  8
gto
 10
29.053158
 20
40.082190
  0
VERTEX
  8
gto
 10
29.053158
 20
40.082190
  0
SEQEND
  8
gto
  0
POLYLINE
  8
gto
 62
1
 40
0.000000
 41
0.000000
 66
  1
  0
VERTEX
  8
gto
 10
26.867944
 20
44.904600
  0
VERTEX
  8
gto
 10
26.867944
 20
44.904600
  0
VERTEX
  8
gto
 10
26.867944
 20
44.904600
 42
-0.414214
  0
VERTEX
  8
gto
 10
27.020344
 20
45.057000
  0
VERTEX
  8
gto
 10
27.020344
 20
45.057000
  0
SEQEND
  8
gto
  0
POLYLINE
  8
gto
 62
1
 40
0.000000
 41
0.000000
 66
  1
  0
VERTEX
  8
gto
 10
28.900758
 20
45.057000
  0
VERTEX
  8
gto
 10
28.900758
 20
45.057000
  0
VERTEX
  8
gto
 10
28.900758
 20
45.057000
 42
-0.414214
  0
VERTEX
  8
gto
 10
29.053158
 20
44.904600
  0
VERTEX
  8
gto
 10
29.053158
 20
44.904600
  0
SEQEND
  8
gto
  0
POLYLINE
  8
gto
 62
1
 40
0.000000
 41
0.000000
 66
  1
  0
VERTEX
  8
gto
 10
23.874268
 20
36.490783
  0
VERTEX
  8
gto
 10
23.874268
 20
36.490783
  0
VERTEX
  8
gto
 10
23.874268
 20
36.490783
 42
0.414214
  0
VERTEX
  8
gto
 10
24.026668
 20
36.643183
  0
VERTEX
  8
gto
 10
24.026668
 20
36.643183
  0
SEQEND
  8
gto
  0
POLYLINE
  8
gto
 62
1
 40
0.000000
 41
0.000000
 66
  1
  0
VERTEX
  8
gto
 10
24.026668
 20
38.523597
  0
VERTEX
  8
gto
 10
24.026668
 20
38.523597
  0
VERTEX
  8
gto
 10
24.026668
 20
38.523597
 42
0.414214
  0
VERTEX
  8
gto
 10
23.874268
 20
38.675997
  0
VERTEX
  8
gto
 10
23.874268
 20
38.675997
  0
SEQEND
  8
gto
  0
POLYLINE
  8
gto
 62
1
 40
0.000000
 41
0.000000
 66
  1
  0
VERTEX
  8
gto
 10
19.051868
 20
36.490783
  0
VERTEX
  8
gto
 10
19.051868
 20
36.490783
  0
VERTEX
  8
gto
 10
19.051868
 20
36.490783
 42
-0.414214
  0
VERTEX
  8
gto
 10
18.899468
 20
36.643183
  0
VERTEX
  8
gto
 10
18.899468
 20
36.643183
  0
SEQEND
  8
gto
  0
POLYLINE
  8
gto
 62
1
 40
0.000000
 41
0.000000
 66
  1
  0
VERTEX
  8
gto
 10
18.899468
 20
38.523597
  0
VERTEX
  8
gto
 10
18.899468
 20
38.523597
  0
VERTEX
  8
gto
 10
18.899468
 20
38.523597
 42
-0.414214
  0
VERTEX
  8
gto
 10
19.051868
 20
38.675997
  0
VERTEX
  8
gto
 10
19.051868
 20
38.675997
  0
SEQEND
  8
gto
  0
POLYLINE
  8
gto
 62
1
 40
0.000000
 41
0.000000
 66
  1
  0
VERTEX
  8
gto
 10
23.874268
 20
34.036908
  0
VERTEX
  8
gto
 10
23.874268
 20
34.036908
  0
VERTEX
  8
gto
 10
23.874268
 20
34.036908
 42
0.414214
  0
VERTEX
  8
gto
 10
24.026668
 20
34.189308
  0
VERTEX
  8
gto
 10
24.026668
 20
34.189308
  0
SEQEND
  8
gto
  0
POLYLINE
  8
gto
 62
1
 40
0.000000
 41
0.000000
 66
  1
  0
VERTEX
  8
gto
 10
24.026668
 20
36.069722
  0
VERTEX
  8
gto
 10
24.026668
 20
36.069722
  0
VERTEX
  8
gto
 10
24.026668
 20
36.069722
 42
0.414214
  0
VERTEX
  8
gto
 10
23.874268
 20
36.222122
  0
VERTEX
  8
gto
 10
23.874268
 20
36.222122
  0
SEQEND
  8
gto
  0
POLYLINE
  8
gto
 62
1
 40
0.000000
 41
0.000000
 66
  1
  0
VERTEX
  8
gto
 10
19.051868
 20
34.036908
  0
VERTEX
  8
gto
 10
19.051868
 20
34.036908
  0
VERTEX
  8
gto
 10
19.051868
 20
34.036908
 42
-0.414214
  0
VERTEX
  8
gto
 10
18.899468
 20
34.189308
  0
VERTEX
  8
gto
 10
18.899468
 20
34.189308
  0
SEQEND
  8
gto
  0
POLYLINE
  8
gto
 62
1
 40
0.000000
 41
0.000000
 66
  1
  0
VERTEX
  8
gto
 10
18.899468
 20
36.069722
  0
VERTEX
  8
gto
 10
18.899468
 20
36.069722
  0
VERTEX
  8
gto
 10
18.899468
 20
36.069722
 42
-0.414214
  0
VERTEX
  8
gto
 10
19.051868
 20
36.222122
  0
VERTEX
  8
gto
 10
19.051868
 20
36.222122
  0
SEQEND
  8
gto
  0
POLYLINE
  8
gto
 62
1
 40
0.000000
 41
0.000000
 66
  1
  0
VERTEX
  8
gto
 10
23.874248
 20
21.767434
  0
VERTEX
  8
gto
 10
23.874248
 20
21.767434
  0
VERTEX
  8
gto
 10
23.874248
 20
21.767434
 42
0.414214
  0
VERTEX
  8
gto
 10
24.026648
 20
21.919834
  0
VERTEX
  8
gto
 10
24.026648
 20
21.919834
  0
SEQEND
  8
gto
  0
POLYLINE
  8
gto
 62
1
 40
0.000000
 41
0.000000
 66
  1
  0
VERTEX
  8
gto
 10
24.026648
 20
23.800258
  0
VERTEX
  8
gto
 10
24.026648
 20
23.800258
  0
VERTEX
  8
gto
 10
24.026648
 20
23.800258
 42
0.414214
  0
VERTEX
  8
gto
 10
23.874248
 20
23.952658
  0
VERTEX
  8
gto
 10
23.874248
 20
23.952658
  0
SEQEND
  8
gto
  0
POLYLINE
  8
gto
 62
1
 40
0.000000
 41
0.000000
 66
  1
  0
VERTEX
  8
gto
 10
19.051838
 20
21.767434
  0
VERTEX
  8
gto
 10
19.051838
 20
21.767434
  0
VERTEX
  8
gto
 10
19.051838
 20
21.767434
 42
-0.414214
  0
VERTEX
  8
gto
 10
18.899438
 20
21.919834
  0
VERTEX
  8
gto
 10
18.899438
 20
21.919834
  0
SEQEND
  8
gto
  0
POLYLINE
  8
gto
 62
1
 40
0.000000
 41
0.000000
 66
  1
  0
VERTEX
  8
gto
 10
18.899438
 20
23.800258
  0
VERTEX
  8
gto
 10
18.899438
 20
23.800258
  0
VERTEX
  8
gto
 10
18.899438
 20
23.800258
 42
-0.414214
  0
VERTEX
  8
gto
 10
19.051838
 20
23.952658
  0
VERTEX
  8
gto
 10
19.051838
 20
23.952658
  0
SEQEND
  8
gto
  0
POLYLINE
  8
gto
 62
1
 40
0.000000
 41
0.000000
 66
  1
  0
VERTEX
  8
gto
 10
23.760148
 20
44.904600
  0
VERTEX
  8
gto
 10
23.760148
 20
44.904600
  0
VERTEX
  8
gto
 10
23.760148
 20
44.904600
 42
0.414214
  0
VERTEX
  8
gto
 10
23.607747
 20
45.057000
  0
VERTEX
  8
gto
 10
23.607747
 20
45.057000
  0
SEQEND
  8
gto
  0
POLYLINE
  8
gto
 62
1
 40
0.000000
 41
0.000000
 66
  1
  0
VERTEX
  8
gto
 10
21.727333
 20
45.057000
  0
VERTEX
  8
gto
 10
21.727333
 20
45.057000
  0
VERTEX
  8
gto
 10
21.727333
 20
45.057000
 42
0.414214
  0
VERTEX
  8
gto
 10
21.574933
 20
44.904600
  0
VERTEX
  8
gto
 10
21.574933
 20
44.904600
  0
SEQEND
  8
gto
  0
POLYLINE
  8
gto
 62
1
 40
0.000000
 41
0.000000
 66
  1
  0
VERTEX
  8
gto
 10
23.760148
 20
40.082190
  0
VERTEX
  8
gto
 10
23.760148
 20
40.082190
  0
VERTEX
  8
gto
 10
23.760148
 20
40.082190
 42
-0.414214
  0
VERTEX
  8
gto
 10
23.607747
 20
39.929790
  0
VERTEX
  8
gto
 10
23.607747
 20
39.929790
  0
SEQEND
  8
gto
  0
POLYLINE
  8
gto
 62
1
 40
0.000000
 41
0.000000
 66
  1
  0
VERTEX
  8
gto
 10
21.727333
 20
39.929790
  0
VERTEX
  8
gto
 10
21.727333
 20
39.929790
  0
VERTEX
  8
gto
 10
21.727333
 20
39.929790
 42
-0.414214
  0
VERTEX
  8
gto
 10
21.574933
 20
40.082190
  0
VERTEX
  8
gto
 10
21.574933
 20
40.082190
  0
SEQEND
  8
gto
  0
POLYLINE
  8
gto
 62
1
 40
0.000000
 41
0.000000
 66
  1
  0
VERTEX
  8
gto
 10
31.699673
 20
44.904600
  0
VERTEX
  8
gto
 10
31.699673
 20
44.904600
  0
VERTEX
  8
gto
 10
31.699673
 20
44.904600
 42
0.414214
  0
VERTEX
  8
gto
 10
31.547273
 20
45.057000
  0
VERTEX
  8
gto
 10
31.547273
 20
45.057000
  0
SEQEND
  8
gto
  0
POLYLINE
  8
gto
 62
1
 40
0.000000
 41
0.000000
 66
  1
  0
VERTEX
  8
gto
 10
29.666849
 20
45.057000
  0
VERTEX
  8
gto
 10
29.666849
 20
45.057000
  0
VERTEX
  8
gto
 10
29.666849
 20
45.057000
 42
0.414214
  0
VERTEX
  8
gto
 10
29.514449
 20
44.904600
  0
VERTEX
  8
gto
 10
29.514449
 20
44.904600
  0
SEQEND
  8
gto
  0
POLYLINE
  8
gto
 62
1
 40
0.000000
 41
0.000000
 66
  1
  0
VERTEX
  8
gto
 10
31.699673
 20
40.082190
  0
VERTEX
  8
gto
 10
31.699673
 20
40.082190
  0
VERTEX
  8
gto
 10
31.699673
 20
40.082190
 42
-0.414214
  0
VERTEX
  8
gto
 10
31.547273
 20
39.929790
  0
VERTEX
  8
gto
 10
31.547273
 20
39.929790
  0
SEQEND
  8
gto
  0
POLYLINE
  8
gto
 62
1
 40
0.000000
 41
0.000000
 66
  1
  0
VERTEX
  8
gto
 10
29.666849
 20
39.929790
  0
VERTEX
  8
gto
 10
29.666849
 20
39.929790
  0
VERTEX
  8
gto
 10
29.666849
 20
39.929790
 42
-0.414214
  0
VERTEX
  8
gto
 10
29.514449
 20
40.082190
  0
VERTEX
  8
gto
 10
29.514449
 20
40.082190
  0
SEQEND
  8
gto
  0
POLYLINE
  8
gto
 62
1
 40
0.000000
 41
0.000000
 66
  1
  0
VERTEX
  8
gto
 10
31.659643
 20
17.349025
  0
VERTEX
  8
gto
 10
31.659643
 20
17.349025
  0
VERTEX
  8
gto
 10
31.659643
 20
17.349025
 42
1.000000
  0
VERTEX
  8
gto
 10
31.359423
 20
17.349025
  0
VERTEX
  8
gto
 10
31.359423
 20
17.349025
  0
VERTEX
  8
gto
 10
31.359423
 20
17.349025
 42
1.000000
  0
VERTEX
  8
gto
 10
31.659643
 20
17.349025
  0
VERTEX
  8
gto
 10
31.659643
 20
17.349025
  0
SEQEND
  8
gto
  0
POLYLINE
  8
gto
 62
1
 40
0.000000
 41
0.000000
 66
  1
  0
VERTEX
  8
gto
 10
7.166374
 20
49.269779
  0
VERTEX
  8
gto
 10
7.166374
 20
49.269779
  0
VERTEX
  8
gto
 10
7.166374
 20
49.269779
 42
1.000000
  0
VERTEX
  8
gto
 10
3.289307
 20
49.269779
  0
VERTEX
  8
gto
 10
3.289307
 20
49.269779
  0
VERTEX
  8
gto
 10
3.289307
 20
49.269779
 42
1.000000
  0
VERTEX
  8
gto
 10
7.166374
 20
49.269779
  0
VERTEX
  8
gto
 10
7.166374
 20
49.269779
  0
SEQEND
  8
gto
  0
POLYLINE
  8
gto
 62
1
 40
0.000000
 41
0.000000
 66
  1
  0
VERTEX
  8
gto
 10
6.708913
 20
49.269779
  0
VERTEX
  8
gto
 10
6.708913
 20
49.269779
  0
VERTEX
  8
gto
 10
6.708913
 20
49.269779
 42
1.000000
  0
VERTEX
  8
gto
 10
3.746767
 20
49.269779
  0
VERTEX
  8
gto
 10
3.746767
 20
49.269779
  0
VERTEX
  8
gto
 10
3.746767
 20
49.269779
 42
1.000000
  0
VERTEX
  8
gto
 10
6.708913
 20
49.269779
  0
VERTEX
  8
gto
 10
6.708913
 20
49.269779
  0
SEQEND
  8
gto
  0
POLYLINE
  8
gto
 62
1
 40
0.000000
 41
0.000000
 66
  1
  0
VERTEX
  8
gto
 10
2.817116
 20
28.167156
  0
VERTEX
  8
gto
 10
2.817116
 20
28.167156
  0
VERTEX
  8
gto
 10
2.817116
 20
28.167156
 42
1.000000
  0
VERTEX
  8
gto
 10
2.516895
 20
28.167156
  0
VERTEX
  8
gto
 10
2.516895
 20
28.167156
  0
VERTEX
  8
gto
 10
2.516895
 20
28.167156
 42
1.000000
  0
VERTEX
  8
gto
 10
2.817116
 20
28.167156
  0
VERTEX
  8
gto
 10
2.817116
 20
28.167156
  0
SEQEND
  8
gto
  0
POLYLINE
  8
gto
 62
1
 40
0.000000
 41
0.000000
 66
  1
  0
VERTEX
  8
gto
 10
2.049784
 20
26.060982
  0
VERTEX
  8
gto
 10
2.049784
 20
26.060982
  0
VERTEX
  8
gto
 10
2.049784
 20
26.060982
 42
1.000000
  0
VERTEX
  8
gto
 10
1.749563
 20
26.060982
  0
VERTEX
  8
gto
 10
1.749563
 20
26.060982
  0
VERTEX
  8
gto
 10
1.749563
 20
26.060982
 42
1.000000
  0
VERTEX
  8
gto
 10
2.049784
 20
26.060982
  0
VERTEX
  8
gto
 10
2.049784
 20
26.060982
  0
SEQEND
  8
gto
  0
POLYLINE
  8
gto
 62
1
 40
0.000000
 41
0.000000
 66
  1
  0
VERTEX
  8
gto
 10
60.256541
 20
26.670083
  0
VERTEX
  8
gto
 10
60.256541
 20
26.670083
  0
VERTEX
  8
gto
 10
60.256541
 20
26.670083
 42
1.000000
  0
VERTEX
  8
gto
 10
59.956320
 20
26.670083
  0
VERTEX
  8
gto
 10
59.956320
 20
26.670083
  0
VERTEX
  8
gto
 10
59.956320
 20
26.670083
 42
1.000000
  0
VERTEX
  8
gto
 10
60.256541
 20
26.670083
  0
VERTEX
  8
gto
 10
60.256541
 20
26.670083
  0
SEQEND
  8
gto
  0
POLYLINE
  8
gto
 62
1
 40
0.000000
 41
0.000000
 66
  1
  0
VERTEX
  8
gto
 10
58.786638
 20
25.861852
  0
VERTEX
  8
gto
 10
58.786638
 20
25.861852
  0
VERTEX
  8
gto
 10
58.786638
 20
25.861852
 42
1.000000
  0
VERTEX
  8
gto
 10
58.586477
 20
25.861852
  0
VERTEX
  8
gto
 10
58.586477
 20
25.861852
  0
VERTEX
  8
gto
 10
58.586477
 20
25.861852
 42
1.000000
  0
VERTEX
  8
gto
 10
58.786638
 20
25.861852
  0
VERTEX
  8
gto
 10
58.786638
 20
25.861852
  0
SEQEND
  8
gto
  0
POLYLINE
  8
gto
 62
1
 40
0.000000
 41
0.000000
 66
  1
  0
VERTEX
  8
gto
 10
14.420369
 20
9.739929
  0
VERTEX
  8
gto
 10
14.420369
 20
9.739929
  0
VERTEX
  8
gto
 10
14.420369
 20
9.739929
 42
1.000000
  0
VERTEX
  8
gto
 10
14.315729
 20
9.739929
  0
VERTEX
  8
gto
 10
14.315729
 20
9.739929
  0
VERTEX
  8
gto
 10
14.315729
 20
9.739929
 42
1.000000
  0
VERTEX
  8
gto
 10
14.420369
 20
9.739929
  0
VERTEX
  8
gto
 10
14.420369
 20
9.739929
  0
SEQEND
  8
gto
  0
ENDSEC
  0
EOF
